-- MySQL dump 10.13  Distrib 8.0.19, for macos10.15 (x86_64)
--
-- Host: localhost    Database: beispiele
-- ------------------------------------------------------
-- Server version	8.0.23

/*!40101 SET @OLD_CHARACTER_SET_CLIENT=@@CHARACTER_SET_CLIENT */;
/*!40101 SET @OLD_CHARACTER_SET_RESULTS=@@CHARACTER_SET_RESULTS */;
/*!40101 SET @OLD_COLLATION_CONNECTION=@@COLLATION_CONNECTION */;
/*!50503 SET NAMES utf8 */;
/*!40103 SET @OLD_TIME_ZONE=@@TIME_ZONE */;
/*!40103 SET TIME_ZONE='+00:00' */;
/*!40014 SET @OLD_UNIQUE_CHECKS=@@UNIQUE_CHECKS, UNIQUE_CHECKS=0 */;
/*!40014 SET @OLD_FOREIGN_KEY_CHECKS=@@FOREIGN_KEY_CHECKS, FOREIGN_KEY_CHECKS=0 */;
/*!40101 SET @OLD_SQL_MODE=@@SQL_MODE, SQL_MODE='NO_AUTO_VALUE_ON_ZERO' */;
/*!40111 SET @OLD_SQL_NOTES=@@SQL_NOTES, SQL_NOTES=0 */;

--
-- Table structure for table `adresse`
--

DROP TABLE IF EXISTS `adresse`;
/*!40101 SET @saved_cs_client     = @@character_set_client */;
/*!50503 SET character_set_client = utf8mb4 */;
CREATE TABLE `adresse` (
  `adresse_id` int NOT NULL AUTO_INCREMENT,
  `strasse` varchar(255) DEFAULT NULL,
  `nr` varchar(255) DEFAULT NULL,
  `plz` char(4) NOT NULL,
  `ort` varchar(255) NOT NULL,
  PRIMARY KEY (`adresse_id`)
) ENGINE=InnoDB AUTO_INCREMENT=161 DEFAULT CHARSET=utf8mb4 COLLATE=utf8mb4_0900_ai_ci;
/*!40101 SET character_set_client = @saved_cs_client */;

--
-- Dumping data for table `adresse`
--

LOCK TABLES `adresse` WRITE;
/*!40000 ALTER TABLE `adresse` DISABLE KEYS */;
INSERT INTO `adresse` VALUES (1,'Am Zoo','3','3000','Bern'),(2,'Bahnhofstrasse','4','3000','Bern'),(3,'Kleingasse','10','3000','Bern'),(4,'Waldweg','3','3000','Bern'),(5,'Schulstrasse','14','3000','Bern'),(6,'Zeltweg','7','3000','Bern'),(7,'Rebsteig','4','3000','Bern'),(8,'Hauptstrasse','3','3000','Bern'),(9,'Bergweg','16','3000','Bern'),(10,'Talstrasse','8','3000','Bern'),(11,'Am Zoo','13','4000','Basel'),(12,'Bahnhofstrasse','8','4000','Basel'),(13,'Kleingasse','5','4000','Basel'),(14,'Schulstrasse','6c','4000','Basel'),(15,'Waldweg','7','4000','Basel'),(16,'Zeltweg','2','4000','Basel'),(17,'Rebsteig','6','4000','Basel'),(18,'Hauptstrasse','12','4000','Basel'),(19,'Talstrasse','3','4000','Basel'),(20,'Bergweg','16','4000','Basel'),(21,'Bergweg','4','4600','Olten'),(22,'Am Zoo','2','4600','Olten'),(23,'Bahnhofstrasse','7','4600','Olten'),(24,'Schulstrasse','11','4600','Olten'),(25,'Kleingasse','16','4600','Olten'),(26,'Hauptstrasse','9','4600','Olten'),(27,'Waldweg','7','4600','Olten'),(28,'Talstrasse','2','4600','Olten'),(29,'Rebsteig','6','4600','Olten'),(30,'Zeltweg','6','4600','Olten'),(31,'Bergweg','6','5000','Aarau'),(32,'Zeltweg','1','5000','Aarau'),(33,'Rebsteig','8','5000','Aarau'),(34,'Hauptstrasse','14','5000','Aarau'),(35,'Waldweg','15','5000','Aarau'),(36,'Schulstrasse','5','5000','Aarau'),(37,'Kleingasse','10','5000','Aarau'),(38,'Talstrasse','2b','5000','Aarau'),(39,'Am Zoo','10','5000','Aarau'),(40,'Bahnhofstrasse','12','5000','Aarau'),(41,'Rebsteig','3','8000','Zürich'),(42,'Zeltweg','12b','8000','Zürich'),(43,'Schulstrasse','7','8000','Zürich'),(44,'Waldweg','12','8000','Zürich'),(45,'Bergweg','15','8000','Zürich'),(46,'Bahnhofstrasse','11','8000','Zürich'),(47,'Kleingasse','16','8000','Zürich'),(48,'Hauptstrasse','10','8000','Zürich'),(49,'Talstrasse','15','8000','Zürich'),(50,'Am Zoo','7','8000','Zürich'),(51,'Rebstrasse','3','8000','Zürich'),(52,'Seestrasse','12b','8000','Zürich'),(53,'Grossgasse','7','8000','Zürich'),(54,'Bergweg','12','8000','Zürich'),(55,'Talweg','15','8000','Zürich'),(56,'Bankstrasse','11','8000','Zürich'),(57,'Im Loo','16','8000','Zürich'),(58,'Paradeplatz','10','8000','Zürich'),(59,'Talgasse','15','8000','Zürich'),(60,'Waffenplatz','7','8000','Zürich'),(61,'Bahnhofstrasse','4','9000','St. Gallen'),(62,'Bahnhofstrasse','11c','9000','St. Gallen'),(63,'Schulstrasse','14','9000','St. Gallen'),(64,'Schulstrasse','7','9000','St. Gallen'),(65,'Höhenweg','4a','9000','St. Gallen'),(66,'Höhenweg','3','9000','St. Gallen'),(67,'Talstrasse','8','9000','St. Gallen'),(68,'Talstrasse','15','9000','St. Gallen'),(69,'Bergweg','16','9000','St. Gallen'),(70,'Bergweg','15','9000','St. Gallen'),(71,'Hauptstrasse','3','9000','St. Gallen'),(72,'Hauptstrasse','10','9000','St. Gallen'),(73,'Mittelweg','7','9000','St. Gallen'),(74,'Mittelweg','12','9000','St. Gallen'),(75,'Bachstrasse','3','9000','St. Gallen'),(76,'Waldweg','12','9000','St. Gallen'),(77,'Kleingasse','10','9000','St. Gallen'),(78,'Langstrasse','16','9000','St. Gallen'),(79,'Burgstrasse','3','9000','St. Gallen'),(80,'Burgstrasse','7','9000','St. Gallen'),(81,'Am Zoo','3','3000','Bern'),(82,'Bahnhofstrasse','4','3000','Bern'),(83,'Kleingasse','10','3000','Bern'),(84,'Waldweg','3','3000','Bern'),(85,'Schulstrasse','14','3000','Bern'),(86,'Zeltweg','7','3000','Bern'),(87,'Rebsteig','4','3000','Bern'),(88,'Hauptstrasse','3','3000','Bern'),(89,'Bergweg','16','3000','Bern'),(90,'Talstrasse','8','3000','Bern'),(91,'Am Zoo','13','4000','Basel'),(92,'Bahnhofstrasse','8','4000','Basel'),(93,'Kleingasse','5','4000','Basel'),(94,'Schulstrasse','6c','4000','Basel'),(95,'Waldweg','7','4000','Basel'),(96,'Zeltweg','2','4000','Basel'),(97,'Rebsteig','6','4000','Basel'),(98,'Hauptstrasse','12','4000','Basel'),(99,'Talstrasse','3','4000','Basel'),(100,'Bergweg','16','4000','Basel'),(101,'Bergweg','4','4600','Olten'),(102,'Am Zoo','2','4600','Olten'),(103,'Bahnhofstrasse','7','4600','Olten'),(104,'Schulstrasse','11','4600','Olten'),(105,'Kleingasse','16','4600','Olten'),(106,'Hauptstrasse','9','4600','Olten'),(107,'Waldweg','7','4600','Olten'),(108,'Talstrasse','2','4600','Olten'),(109,'Rebsteig','6','4600','Olten'),(110,'Zeltweg','6','4600','Olten'),(111,'Bergweg','6','5000','Aarau'),(112,'Zeltweg','1','5000','Aarau'),(113,'Rebsteig','8','5000','Aarau'),(114,'Hauptstrasse','14','5000','Aarau'),(115,'Waldweg','15','5000','Aarau'),(116,'Schulstrasse','5','5000','Aarau'),(117,'Kleingasse','10','5000','Aarau'),(118,'Talstrasse','2b','5000','Aarau'),(119,'Am Zoo','10','5000','Aarau'),(120,'Bahnhofstrasse','12','5000','Aarau'),(121,'Rebsteig','3','8000','Zürich'),(122,'Zeltweg','12b','8000','Zürich'),(123,'Schulstrasse','7','8000','Zürich'),(124,'Waldweg','12','8000','Zürich'),(125,'Bergweg','15','8000','Zürich'),(126,'Bahnhofstrasse','11','8000','Zürich'),(127,'Kleingasse','16','8000','Zürich'),(128,'Hauptstrasse','10','8000','Zürich'),(129,'Talstrasse','15','8000','Zürich'),(130,'Am Zoo','7','8000','Zürich'),(131,'Rebstrasse','3','8000','Zürich'),(132,'Seestrasse','12b','8000','Zürich'),(133,'Grossgasse','7','8000','Zürich'),(134,'Bergweg','12','8000','Zürich'),(135,'Talweg','15','8000','Zürich'),(136,'Bankstrasse','11','8000','Zürich'),(137,'Im Loo','16','8000','Zürich'),(138,'Paradeplatz','10','8000','Zürich'),(139,'Talgasse','15','8000','Zürich'),(140,'Waffenplatz','7','8000','Zürich'),(141,'Bahnhofstrasse','4','9000','St. Gallen'),(142,'Bahnhofstrasse','11c','9000','St. Gallen'),(143,'Schulstrasse','14','9000','St. Gallen'),(144,'Schulstrasse','7','9000','St. Gallen'),(145,'Höhenweg','4a','9000','St. Gallen'),(146,'Höhenweg','3','9000','St. Gallen'),(147,'Talstrasse','8','9000','St. Gallen'),(148,'Talstrasse','15','9000','St. Gallen'),(149,'Bergweg','16','9000','St. Gallen'),(150,'Bergweg','15','9000','St. Gallen'),(151,'Hauptstrasse','3','9000','St. Gallen'),(152,'Hauptstrasse','10','9000','St. Gallen'),(153,'Mittelweg','7','9000','St. Gallen'),(154,'Mittelweg','12','9000','St. Gallen'),(155,'Bachstrasse','3','9000','St. Gallen'),(156,'Waldweg','12','9000','St. Gallen'),(157,'Kleingasse','10','9000','St. Gallen'),(158,'Langstrasse','16','9000','St. Gallen'),(159,'Burgstrasse','3','9000','St. Gallen'),(160,'Burgstrasse','7','9000','St. Gallen');
/*!40000 ALTER TABLE `adresse` ENABLE KEYS */;
UNLOCK TABLES;

--
-- Table structure for table `dozent`
--

DROP TABLE IF EXISTS `dozent`;
/*!40101 SET @saved_cs_client     = @@character_set_client */;
/*!50503 SET character_set_client = utf8mb4 */;
CREATE TABLE `dozent` (
  `dozent_id` int NOT NULL AUTO_INCREMENT,
  `name` varchar(255) NOT NULL,
  `email` varchar(255) NOT NULL,
  `adresse` int NOT NULL,
  PRIMARY KEY (`dozent_id`),
  KEY `adresse` (`adresse`),
  CONSTRAINT `dozent_ibfk_1` FOREIGN KEY (`adresse`) REFERENCES `adresse` (`adresse_id`)
) ENGINE=InnoDB AUTO_INCREMENT=15 DEFAULT CHARSET=utf8mb4 COLLATE=utf8mb4_0900_ai_ci;
/*!40101 SET character_set_client = @saved_cs_client */;

--
-- Dumping data for table `dozent`
--

LOCK TABLES `dozent` WRITE;
/*!40000 ALTER TABLE `dozent` DISABLE KEYS */;
INSERT INTO `dozent` VALUES (1,'Hanna Pauli','hanna.pauli@schule.ch',4),(2,'Petra Iten','petra.iten@schule.ch',40),(3,'Thomas Reinholdt','thomas.reinholdt@schule.ch',8),(4,'Max Wirz','max.wirz@schule.ch',36),(5,'Sabine Kurz','sabine.kurz@schule.ch',12),(6,'Fritz Lang','fritz.lang@schule.ch',30),(7,'Peter Lang','peter.lang@schule.ch',70),(8,'Karl Kurz','karl.kurz@schule.ch',50),(9,'Thomas Iten','thomas.iten@schule.ch',20),(10,'Petra Gerster','petra.gerster@schule.ch',21),(11,'Paul Panther','paul.panther@schule.ch',11),(12,'Anna Ahrend','anna.ahrend@schule.ch',32),(13,'Jochen Reinholdt','jochen.reinholdt@schule.ch',27),(14,'Carla Lang','karla.lang@schule.ch',37);
/*!40000 ALTER TABLE `dozent` ENABLE KEYS */;
UNLOCK TABLES;

--
-- Table structure for table `fach`
--

DROP TABLE IF EXISTS `fach`;
/*!40101 SET @saved_cs_client     = @@character_set_client */;
/*!50503 SET character_set_client = utf8mb4 */;
CREATE TABLE `fach` (
  `fach_id` int NOT NULL AUTO_INCREMENT,
  `titel` varchar(255) NOT NULL,
  PRIMARY KEY (`fach_id`)
) ENGINE=InnoDB AUTO_INCREMENT=14 DEFAULT CHARSET=utf8mb4 COLLATE=utf8mb4_0900_ai_ci;
/*!40101 SET character_set_client = @saved_cs_client */;

--
-- Dumping data for table `fach`
--

LOCK TABLES `fach` WRITE;
/*!40000 ALTER TABLE `fach` DISABLE KEYS */;
INSERT INTO `fach` VALUES (1,'Deutsch'),(2,'Englisch'),(3,'Mathematik'),(5,'Systems Engineering'),(6,'Linux und BASH Grundlagen'),(7,'IT Betrieb und Monitoring'),(8,'Client/Server Installation'),(9,'Datenbanken und Webentwicklung'),(10,'Datenbanken und SQL'),(11,'Betriebswirtschaftslehre'),(12,'Buchhaltung'),(13,'IT-Architektur');
/*!40000 ALTER TABLE `fach` ENABLE KEYS */;
UNLOCK TABLES;

--
-- Table structure for table `fach_alt`
--

DROP TABLE IF EXISTS `fach_alt`;
/*!40101 SET @saved_cs_client     = @@character_set_client */;
/*!50503 SET character_set_client = utf8mb4 */;
CREATE TABLE `fach_alt` (
  `fach_id` int NOT NULL AUTO_INCREMENT,
  `titel` char(80) NOT NULL,
  `semester` int DEFAULT NULL,
  PRIMARY KEY (`fach_id`)
) ENGINE=InnoDB AUTO_INCREMENT=7 DEFAULT CHARSET=utf8mb4 COLLATE=utf8mb4_0900_ai_ci;
/*!40101 SET character_set_client = @saved_cs_client */;

--
-- Dumping data for table `fach_alt`
--

LOCK TABLES `fach_alt` WRITE;
/*!40000 ALTER TABLE `fach_alt` DISABLE KEYS */;
INSERT INTO `fach_alt` VALUES (1,'Mathematik',1),(2,'Datenbankentwurf',4),(3,'SQL',5),(4,'Betriebsbuchhaltung',2),(5,'Recht',3),(6,'Linux und BASH Grundlagen',1);
/*!40000 ALTER TABLE `fach_alt` ENABLE KEYS */;
UNLOCK TABLES;

--
-- Table structure for table `fach_pr`
--

DROP TABLE IF EXISTS `fach_pr`;
/*!40101 SET @saved_cs_client     = @@character_set_client */;
/*!50503 SET character_set_client = utf8mb4 */;
CREATE TABLE `fach_pr` (
  `pt` varchar(80) DEFAULT NULL,
  `ft` varchar(80) DEFAULT NULL,
  `fach_id` int DEFAULT NULL,
  `richtung` varchar(80) DEFAULT NULL,
  `pr_sem` int DEFAULT NULL,
  `akt_sem` int DEFAULT NULL,
  `fach_pr_id` int NOT NULL AUTO_INCREMENT,
  PRIMARY KEY (`fach_pr_id`)
) ENGINE=InnoDB AUTO_INCREMENT=17 DEFAULT CHARSET=utf8mb4 COLLATE=utf8mb4_0900_ai_ci;
/*!40101 SET character_set_client = @saved_cs_client */;

--
-- Dumping data for table `fach_pr`
--

LOCK TABLES `fach_pr` WRITE;
/*!40000 ALTER TABLE `fach_pr` DISABLE KEYS */;
INSERT INTO `fach_pr` VALUES ('PR-SYEN','Systems Engineering',5,'HFWI',1,NULL,1),('PR-ITBM','IT Betrieb und Monitoring',7,'HFSNT',2,NULL,2),('PR-LUBG','Linux und BASH Grundlagen',6,'HFSNT',1,NULL,3),('PR-DEUT','Deutsch',1,'HFSNT',3,NULL,4),('PR-ENGL','Englisch',2,'HFSNT',3,NULL,5),('PR-CLISE','Client/Server Installation',8,'HFSNT',3,NULL,6),('PR-MATH','Mathematik',3,'HFSNT',3,NULL,7),('PR-BUCH','Buchhaltung',12,'HFWI',1,NULL,8),('PR-BWL','Betriebswirtschaftslehre',11,'HFWI',2,NULL,9),('PR-DBWE','Datenbanken und Webentwicklung',9,'HFSNT',5,NULL,10),('PR-ITAR','IT-Architektur',13,'HFSNT',6,NULL,11),('PR-DBSQ','Datenbanken und SQL',10,'HFWI',4,NULL,12),('PR-SYEN','Systems Engineering',5,'HFSNT',1,NULL,13),('PR-DEUT','Deutsch',1,'HFWI',3,NULL,14),('PR-ENGL','Englisch',2,'HFWI',3,NULL,15),('PR-MATH','Mathematik',3,'HFWI',3,NULL,16);
/*!40000 ALTER TABLE `fach_pr` ENABLE KEYS */;
UNLOCK TABLES;

--
-- Table structure for table `klasse`
--

DROP TABLE IF EXISTS `klasse`;
/*!40101 SET @saved_cs_client     = @@character_set_client */;
/*!50503 SET character_set_client = utf8mb4 */;
CREATE TABLE `klasse` (
  `klasse_id` int NOT NULL AUTO_INCREMENT,
  `bezeichnung` char(20) NOT NULL,
  `semester` int NOT NULL,
  PRIMARY KEY (`klasse_id`)
) ENGINE=InnoDB AUTO_INCREMENT=31 DEFAULT CHARSET=utf8mb4 COLLATE=utf8mb4_0900_ai_ci;
/*!40101 SET character_set_client = @saved_cs_client */;

--
-- Dumping data for table `klasse`
--

LOCK TABLES `klasse` WRITE;
/*!40000 ALTER TABLE `klasse` DISABLE KEYS */;
INSERT INTO `klasse` VALUES (1,'HFSNT.ZH.H22',1),(2,'HFSNT.ZH.F22',2),(3,'HFSNT.ZH.H21',3),(4,'HFSNT.ZH.F21',4),(5,'HFSNT.ZH.H20',5),(6,'HFSNT.ZH.F20',6),(7,'HFWI.ZH.H22',1),(8,'HFWI.ZH.F22',2),(9,'HFWI.ZH.H21',3),(10,'HFWI.ZH.F21',4),(11,'HFWI.ZH.H20',5),(12,'HFWI.ZH.F20',6),(13,'HFSNT.BE.H22',1),(14,'HFSNT.BE.F22',2),(15,'HFSNT.BE.H21',3),(16,'HFSNT.BE.F21',4),(17,'HFSNT.BE.H20',5),(18,'HFSNT.BE.F20',6),(19,'HFWI.BE.H22',1),(20,'HFWI.BE.F22',2),(21,'HFWI.BE.H21',3),(22,'HFWI.BE.F21',4),(23,'HFWI.BE.H20',5),(24,'HFWI.BE.F20',6),(25,'HFSNT.SG.H22',1),(26,'HFSNT.SG.F22',2),(27,'HFSNT.SG.H21',3),(28,'HFSNT.SG.F21',4),(29,'HFSNT.SG.H20',5),(30,'HFSNT.SG.F20',6);
/*!40000 ALTER TABLE `klasse` ENABLE KEYS */;
UNLOCK TABLES;

--
-- Table structure for table `lehrveranstaltung`
--

DROP TABLE IF EXISTS `lehrveranstaltung`;
/*!40101 SET @saved_cs_client     = @@character_set_client */;
/*!50503 SET character_set_client = utf8mb4 */;
CREATE TABLE `lehrveranstaltung` (
  `lehrv_id` int NOT NULL AUTO_INCREMENT,
  `titel` varchar(255) NOT NULL,
  `fach` int NOT NULL,
  `klasse` int NOT NULL,
  `raum` int DEFAULT NULL,
  `dozent` int DEFAULT NULL,
  `beginn` datetime DEFAULT NULL,
  `ende` datetime DEFAULT NULL,
  PRIMARY KEY (`lehrv_id`),
  KEY `fach` (`fach`),
  KEY `klasse` (`klasse`),
  KEY `raum` (`raum`),
  KEY `dozent` (`dozent`),
  CONSTRAINT `lehrveranstaltung_ibfk_1` FOREIGN KEY (`fach`) REFERENCES `fach` (`fach_id`),
  CONSTRAINT `lehrveranstaltung_ibfk_2` FOREIGN KEY (`klasse`) REFERENCES `klasse` (`klasse_id`),
  CONSTRAINT `lehrveranstaltung_ibfk_3` FOREIGN KEY (`raum`) REFERENCES `raum` (`raum_id`),
  CONSTRAINT `lehrveranstaltung_ibfk_4` FOREIGN KEY (`dozent`) REFERENCES `dozent` (`dozent_id`)
) ENGINE=InnoDB AUTO_INCREMENT=318 DEFAULT CHARSET=utf8mb4 COLLATE=utf8mb4_0900_ai_ci;
/*!40101 SET character_set_client = @saved_cs_client */;

--
-- Dumping data for table `lehrveranstaltung`
--

LOCK TABLES `lehrveranstaltung` WRITE;
/*!40000 ALTER TABLE `lehrveranstaltung` DISABLE KEYS */;
INSERT INTO `lehrveranstaltung` VALUES (1,'SYEN1',5,1,8,5,'2022-09-05 08:30:00','2022-09-05 12:30:00'),(2,'SYEN2',5,1,8,5,'2022-09-12 08:30:00','2022-09-12 12:30:00'),(3,'SYEN3',5,1,8,5,'2022-09-19 08:30:00','2022-09-19 12:30:00'),(4,'SYEN4',5,1,8,5,'2022-09-26 08:30:00','2022-09-26 12:30:00'),(5,'SYEN5',5,1,8,5,'2022-10-03 08:30:00','2022-10-03 12:30:00'),(6,'SYEN1',5,7,10,5,'2022-09-05 13:30:00','2022-09-05 17:30:00'),(7,'SYEN2',5,7,10,5,'2022-09-12 13:30:00','2022-09-12 17:30:00'),(8,'SYEN3',5,7,10,5,'2022-09-19 13:30:00','2022-09-19 17:30:00'),(9,'SYEN4',5,7,10,5,'2022-09-26 13:30:00','2022-09-26 17:30:00'),(10,'SYEN5',5,7,10,5,'2022-10-03 13:30:00','2022-10-03 17:30:00'),(11,'SYEN1',5,13,18,5,'2022-09-06 08:30:00','2022-09-06 12:30:00'),(12,'SYEN2',5,13,18,5,'2022-09-13 08:30:00','2022-09-13 12:30:00'),(13,'SYEN3',5,13,18,5,'2022-09-20 08:30:00','2022-09-20 12:30:00'),(14,'SYEN4',5,13,18,5,'2022-09-27 08:30:00','2022-09-27 12:30:00'),(15,'SYEN5',5,13,18,5,'2022-10-04 08:30:00','2022-10-04 12:30:00'),(16,'SYEN1',5,19,19,5,'2022-09-06 13:30:00','2022-09-06 17:30:00'),(17,'SYEN2',5,19,19,5,'2022-09-13 13:30:00','2022-09-13 17:30:00'),(18,'SYEN3',5,19,19,5,'2022-09-20 13:30:00','2022-09-20 17:30:00'),(19,'SYEN4',5,19,19,5,'2022-09-27 13:30:00','2022-09-27 17:30:00'),(20,'SYEN5',5,19,19,5,'2022-10-04 13:30:00','2022-10-04 17:30:00'),(21,'SYEN1',5,25,20,5,'2022-09-07 08:30:00','2022-09-07 12:30:00'),(22,'SYEN2',5,25,20,5,'2022-09-14 08:30:00','2022-09-14 12:30:00'),(23,'SYEN3',5,25,20,5,'2022-09-21 08:30:00','2022-09-21 12:30:00'),(24,'SYEN4',5,25,20,5,'2022-09-28 08:30:00','2022-09-28 12:30:00'),(25,'SYEN5',5,25,20,5,'2022-10-05 08:30:00','2022-10-05 12:30:00'),(26,'LUBG1',6,2,6,6,'2022-04-04 08:30:00','2022-04-04 12:30:00'),(27,'LUBG2',6,2,6,6,'2022-04-11 08:30:00','2022-04-11 12:30:00'),(28,'LUBG3',6,2,6,6,'2022-04-18 08:30:00','2022-04-18 12:30:00'),(29,'LUBG4',6,2,6,6,'2022-04-25 08:30:00','2022-04-25 12:30:00'),(30,'LUBG5',6,2,6,6,'2022-05-02 08:30:00','2022-05-02 12:30:00'),(31,'LUBG6',6,2,6,6,'2022-05-09 08:30:00','2022-05-09 12:30:00'),(32,'LUBG7',6,2,6,6,'2022-05-16 08:30:00','2022-05-16 12:30:00'),(33,'LUBG8',6,2,6,6,'2022-05-23 08:30:00','2022-05-23 12:30:00'),(34,'LUBG1',6,14,19,6,'2022-04-05 08:30:00','2022-04-05 12:30:00'),(35,'LUBG2',6,14,19,6,'2022-04-12 08:30:00','2022-04-12 12:30:00'),(36,'LUBG3',6,14,19,6,'2022-04-19 08:30:00','2022-04-19 12:30:00'),(37,'LUBG4',6,14,19,6,'2022-04-26 08:30:00','2022-04-26 12:30:00'),(38,'LUBG5',6,14,19,6,'2022-05-03 08:30:00','2022-05-03 12:30:00'),(39,'LUBG6',6,14,19,6,'2022-05-10 08:30:00','2022-05-10 12:30:00'),(40,'LUBG7',6,14,19,6,'2022-05-17 08:30:00','2022-05-17 12:30:00'),(41,'LUBG8',6,14,19,6,'2022-05-24 08:30:00','2022-05-24 12:30:00'),(42,'LUBG1',6,26,21,6,'2022-04-06 08:30:00','2022-04-06 12:30:00'),(43,'LUBG2',6,26,21,6,'2022-04-13 08:30:00','2022-04-13 12:30:00'),(44,'LUBG3',6,26,21,6,'2022-04-20 08:30:00','2022-04-20 12:30:00'),(45,'LUBG4',6,26,21,6,'2022-04-27 08:30:00','2022-04-27 12:30:00'),(46,'LUBG5',6,26,21,6,'2022-05-04 08:30:00','2022-05-04 12:30:00'),(47,'LUBG6',6,26,21,6,'2022-05-11 08:30:00','2022-05-11 12:30:00'),(48,'LUBG7',6,26,21,NULL,'2022-05-18 08:30:00','2022-05-18 12:30:00'),(49,'LUBG8',6,26,21,NULL,'2022-05-25 08:30:00','2022-05-25 12:30:00'),(50,'ITBM1',7,2,7,7,'2022-09-05 08:30:00','2022-09-05 12:30:00'),(51,'ITBM2',7,2,7,7,'2022-09-12 08:30:00','2022-09-12 12:30:00'),(52,'ITBM3',7,2,7,7,'2022-09-19 08:30:00','2022-09-19 12:30:00'),(53,'ITBM4',7,2,7,7,'2022-09-26 08:30:00','2022-09-26 12:30:00'),(54,'ITBM5',7,2,7,7,'2022-10-03 08:30:00','2022-10-03 12:30:00'),(55,'ITBM6',7,2,7,7,'2022-10-10 08:30:00','2022-10-10 12:30:00'),(56,'ITBM7',7,2,7,7,'2022-10-17 08:30:00','2022-10-17 12:30:00'),(57,'ITBM8',7,2,7,7,'2022-10-24 08:30:00','2022-10-24 12:30:00'),(58,'ITBM1',7,14,13,7,'2022-09-06 08:30:00','2022-09-06 12:30:00'),(59,'ITBM2',7,14,13,7,'2022-09-13 08:30:00','2022-09-13 12:30:00'),(60,'ITBM3',7,14,13,7,'2022-09-20 08:30:00','2022-09-20 12:30:00'),(61,'ITBM4',7,14,13,7,'2022-09-27 08:30:00','2022-09-27 12:30:00'),(62,'ITBM5',7,14,13,7,'2022-10-04 08:30:00','2022-10-04 12:30:00'),(63,'ITBM6',7,14,13,7,'2022-10-11 08:30:00','2022-10-11 12:30:00'),(64,'ITBM7',7,14,13,7,'2022-10-18 08:30:00','2022-10-18 12:30:00'),(65,'ITBM8',7,14,13,7,'2022-10-25 08:30:00','2022-10-25 12:30:00'),(66,'ITBM1',7,26,21,7,'2022-09-07 08:30:00','2022-09-07 12:30:00'),(67,'ITBM2',7,26,21,7,'2022-09-14 08:30:00','2022-09-14 12:30:00'),(68,'ITBM3',7,26,21,7,'2022-09-21 08:30:00','2022-09-21 12:30:00'),(69,'ITBM4',7,26,21,7,'2022-09-28 08:30:00','2022-09-28 12:30:00'),(70,'ITBM5',7,26,21,7,'2022-10-05 08:30:00','2022-10-05 12:30:00'),(71,'ITBM6',7,26,21,7,'2022-10-12 08:30:00','2022-10-12 12:30:00'),(72,'ITBM7',7,26,21,7,'2022-10-19 08:30:00','2022-10-19 12:30:00'),(73,'ITBM8',7,26,21,NULL,'2022-10-26 08:30:00','2022-10-26 12:30:00'),(74,'CLISE1',8,27,20,8,'2022-09-07 08:30:00','2022-09-07 12:30:00'),(75,'CLISE2',8,27,20,8,'2022-09-14 08:30:00','2022-09-14 12:30:00'),(76,'CLISE3',8,27,20,8,'2022-09-21 08:30:00','2022-09-21 12:30:00'),(77,'CLISE4',8,27,20,8,'2022-09-28 08:30:00','2022-09-28 12:30:00'),(78,'CLISE5',8,27,20,8,'2022-10-05 08:30:00','2022-10-05 12:30:00'),(79,'CLISE1',8,3,6,8,'2022-09-08 08:30:00','2022-09-08 12:30:00'),(80,'CLISE2',8,3,6,8,'2022-09-15 08:30:00','2022-09-15 12:30:00'),(81,'CLISE3',8,3,6,8,'2022-09-22 08:30:00','2022-09-22 12:30:00'),(82,'CLISE4',8,3,6,8,'2022-09-29 08:30:00','2022-09-29 12:30:00'),(83,'CLISE5',8,3,6,8,'2022-10-06 08:30:00','2022-10-06 12:30:00'),(84,'CLISE1',8,15,17,8,'2022-09-09 08:30:00','2022-09-09 12:30:00'),(85,'CLISE1',8,15,17,8,'2022-09-16 08:30:00','2022-09-16 12:30:00'),(86,'CLISE1',8,15,17,8,'2022-09-23 08:30:00','2022-09-23 12:30:00'),(87,'CLISE1',8,15,17,8,'2022-09-30 08:30:00','2022-09-30 12:30:00'),(88,'CLISE1',8,15,17,8,'2022-10-07 08:30:00','2022-10-07 12:30:00'),(89,'ENGL1',2,3,8,2,'2022-10-17 08:30:00','2022-10-17 12:30:00'),(90,'ENGL2',2,3,8,2,'2022-10-24 08:30:00','2022-10-24 12:30:00'),(91,'ENGL3',2,3,8,2,'2022-10-31 08:30:00','2022-10-31 12:30:00'),(92,'ENGL4',2,3,8,2,'2022-11-07 08:30:00','2022-11-07 12:30:00'),(93,'ENGL5',2,3,8,2,'2022-11-14 08:30:00','2022-11-14 12:30:00'),(94,'ENGL6',2,3,8,2,'2022-11-21 08:30:00','2022-11-21 12:30:00'),(95,'ENGL7',2,3,8,2,'2022-11-28 08:30:00','2022-11-28 12:30:00'),(96,'ENGL8',2,3,8,2,'2022-12-05 08:30:00','2022-12-05 12:30:00'),(97,'ENGL1',2,9,7,2,'2022-10-18 08:30:00','2022-10-18 12:30:00'),(98,'ENGL2',2,9,7,2,'2022-10-25 08:30:00','2022-10-25 12:30:00'),(99,'ENGL3',2,9,7,2,'2022-11-01 08:30:00','2022-11-01 12:30:00'),(100,'ENGL4',2,9,7,2,'2022-11-08 08:30:00','2022-11-08 12:30:00'),(101,'ENGL5',2,9,7,2,'2022-11-15 08:30:00','2022-11-15 12:30:00'),(102,'ENGL6',2,9,7,2,'2022-11-22 08:30:00','2022-11-22 12:30:00'),(103,'ENGL7',2,9,7,2,'2022-11-29 08:30:00','2022-11-29 12:30:00'),(104,'ENGL8',2,9,7,2,'2022-12-06 08:30:00','2022-12-06 12:30:00'),(105,'ENGL1',2,15,18,2,'2022-10-19 08:30:00','2022-10-19 12:30:00'),(106,'ENGL2',2,15,18,2,'2022-10-26 08:30:00','2022-10-26 12:30:00'),(107,'ENGL3',2,15,18,2,'2022-11-02 08:30:00','2022-11-02 12:30:00'),(108,'ENGL4',2,15,18,2,'2022-11-09 08:30:00','2022-11-09 12:30:00'),(109,'ENGL5',2,15,18,2,'2022-11-16 08:30:00','2022-11-16 12:30:00'),(110,'ENGL6',2,15,18,2,'2022-11-23 08:30:00','2022-11-23 12:30:00'),(111,'ENGL7',2,15,18,2,'2022-11-30 08:30:00','2022-11-30 12:30:00'),(112,'ENGL8',2,15,18,2,'2022-12-07 08:30:00','2022-12-07 12:30:00'),(113,'ENGL1',2,27,22,2,'2022-10-20 08:30:00','2022-10-20 12:30:00'),(114,'ENGL2',2,27,22,2,'2022-10-27 08:30:00','2022-10-27 12:30:00'),(115,'ENGL3',2,27,22,2,'2022-11-03 08:30:00','2022-11-03 12:30:00'),(116,'ENGL4',2,27,22,2,'2022-11-10 08:30:00','2022-11-10 12:30:00'),(117,'ENGL5',2,27,22,2,'2022-11-17 08:30:00','2022-11-17 12:30:00'),(118,'ENGL6',2,27,22,2,'2022-11-24 08:30:00','2022-11-24 12:30:00'),(119,'ENGL7',2,27,22,2,'2022-12-01 08:30:00','2022-12-01 12:30:00'),(120,'ENGL8',2,27,22,2,'2022-12-08 08:30:00','2022-12-08 12:30:00'),(121,'MATH1',3,4,7,3,'2022-01-09 13:30:00','2022-01-09 17:30:00'),(122,'MATH2',3,4,7,3,'2022-01-16 13:30:00','2022-01-16 17:30:00'),(123,'MATH3',3,4,7,3,'2022-01-23 13:30:00','2022-01-23 17:30:00'),(124,'MATH4',3,4,7,3,'2022-01-30 13:30:00','2022-01-30 17:30:00'),(125,'MATH5',3,4,7,3,'2022-02-06 13:30:00','2022-02-06 17:30:00'),(126,'MATH6',3,4,7,3,'2022-02-13 13:30:00','2022-02-13 17:30:00'),(127,'MATH7',3,4,7,3,'2022-02-20 13:30:00','2022-02-20 17:30:00'),(128,'MATH8',3,4,7,3,'2022-02-27 13:30:00','2022-02-27 17:30:00'),(129,'MATH1',3,10,8,3,'2022-01-10 13:30:00','2022-01-10 17:30:00'),(130,'MATH2',3,10,8,3,'2022-01-17 13:30:00','2022-01-17 17:30:00'),(131,'MATH3',3,10,8,3,'2022-01-24 13:30:00','2022-01-24 17:30:00'),(132,'MATH4',3,10,8,3,'2022-01-31 13:30:00','2022-01-31 17:30:00'),(133,'MATH5',3,10,8,3,'2022-02-07 13:30:00','2022-02-07 17:30:00'),(134,'MATH6',3,10,8,3,'2022-02-14 13:30:00','2022-02-14 17:30:00'),(135,'MATH7',3,10,8,3,'2022-02-21 13:30:00','2022-02-21 17:30:00'),(136,'MATH8',3,10,8,3,'2022-02-28 13:30:00','2022-02-28 17:30:00'),(137,'MATH1',3,16,16,3,'2022-01-11 13:30:00','2022-01-11 17:30:00'),(138,'MATH2',3,16,16,3,'2022-01-18 13:30:00','2022-01-18 17:30:00'),(139,'MATH3',3,16,16,3,'2022-01-25 13:30:00','2022-01-25 17:30:00'),(140,'MATH4',3,16,16,3,'2022-02-01 13:30:00','2022-02-01 17:30:00'),(141,'MATH5',3,16,16,3,'2022-02-08 13:30:00','2022-02-08 17:30:00'),(142,'MATH6',3,16,16,3,'2022-02-15 13:30:00','2022-02-15 17:30:00'),(143,'MATH7',3,16,16,3,'2022-02-22 13:30:00','2022-02-22 17:30:00'),(144,'MATH8',3,16,16,3,'2022-03-01 13:30:00','2022-03-01 17:30:00'),(145,'MATH1',3,22,13,3,'2022-01-12 13:30:00','2022-01-12 17:30:00'),(146,'MATH2',3,22,13,3,'2022-01-19 13:30:00','2022-01-19 17:30:00'),(147,'MATH3',3,22,13,3,'2022-01-26 13:30:00','2022-01-26 17:30:00'),(148,'MATH4',3,22,13,3,'2022-02-02 13:30:00','2022-02-02 17:30:00'),(149,'MATH5',3,22,13,3,'2022-02-09 13:30:00','2022-02-09 17:30:00'),(150,'MATH6',3,22,13,3,'2022-02-16 13:30:00','2022-02-16 17:30:00'),(151,'MATH7',3,22,13,3,'2022-02-23 13:30:00','2022-02-23 17:30:00'),(152,'MATH8',3,22,13,3,'2022-03-02 13:30:00','2022-03-02 17:30:00'),(153,'MATH1',3,28,21,3,'2022-01-13 13:30:00','2022-01-13 17:30:00'),(154,'MATH1',3,28,21,3,'2022-01-20 13:30:00','2022-01-20 17:30:00'),(155,'MATH1',3,28,21,3,'2022-01-27 13:30:00','2022-01-27 17:30:00'),(156,'MATH1',3,28,21,3,'2022-02-03 13:30:00','2022-02-03 17:30:00'),(157,'MATH1',3,28,21,3,'2022-02-10 13:30:00','2022-02-10 17:30:00'),(158,'MATH1',3,28,21,3,'2022-02-17 13:30:00','2022-02-17 17:30:00'),(159,'MATH1',3,28,21,3,'2022-02-24 13:30:00','2022-02-24 17:30:00'),(160,'MATH1',3,28,21,3,'2022-03-03 13:30:00','2022-03-03 17:30:00'),(161,'BUCH1',12,10,8,12,'2022-01-10 08:30:00','2022-01-10 12:30:00'),(162,'BUCH2',12,10,8,12,'2022-01-17 08:30:00','2022-01-17 12:30:00'),(163,'BUCH3',12,10,8,12,'2022-01-24 08:30:00','2022-01-24 12:30:00'),(164,'BUCH4',12,10,8,12,'2022-01-31 08:30:00','2022-01-31 12:30:00'),(165,'BUCH5',12,10,8,12,'2022-02-07 08:30:00','2022-02-07 12:30:00'),(166,'BUCH6',12,10,8,12,'2022-02-14 08:30:00','2022-02-14 12:30:00'),(167,'BUCH1',12,22,14,12,'2022-01-12 08:30:00','2022-01-12 12:30:00'),(168,'BUCH2',12,22,14,12,'2022-01-19 08:30:00','2022-01-19 12:30:00'),(169,'BUCH3',12,22,14,12,'2022-01-26 08:30:00','2022-01-26 12:30:00'),(170,'BUCH4',12,22,14,12,'2022-02-02 08:30:00','2022-02-02 12:30:00'),(171,'BUCH5',12,22,14,12,'2022-02-09 08:30:00','2022-02-09 12:30:00'),(172,'BUCH6',12,22,14,12,'2022-02-16 08:30:00','2022-02-16 12:30:00'),(173,'BWL1',11,10,9,11,'2022-01-11 08:30:00','2022-01-11 12:30:00'),(174,'BWL2',11,10,9,11,'2022-01-18 08:30:00','2022-01-18 12:30:00'),(175,'BWL3',11,10,9,11,'2022-01-25 08:30:00','2022-01-25 12:30:00'),(176,'BWL4',11,10,9,11,'2022-02-01 08:30:00','2022-02-01 12:30:00'),(177,'BWL5',11,10,9,11,'2022-02-08 08:30:00','2022-02-08 12:30:00'),(178,'BWL6',11,10,9,11,'2022-02-15 08:30:00','2022-02-15 12:30:00'),(179,'BWL7',11,10,9,11,'2022-02-22 08:30:00','2022-02-22 12:30:00'),(180,'BWL8',11,10,9,11,'2022-03-01 08:30:00','2022-03-01 12:30:00'),(181,'BWL1',11,22,15,11,'2022-01-13 08:30:00','2022-01-13 12:30:00'),(182,'BWL2',11,22,15,11,'2022-01-20 08:30:00','2022-01-20 12:30:00'),(183,'BWL3',11,22,15,11,'2022-01-27 08:30:00','2022-01-27 12:30:00'),(184,'BWL4',11,22,15,11,'2022-02-03 08:30:00','2022-02-03 12:30:00'),(185,'BWL5',11,22,15,11,'2022-02-10 08:30:00','2022-02-10 12:30:00'),(186,'BWL6',11,22,15,11,'2022-02-17 08:30:00','2022-02-17 12:30:00'),(187,'BWL7',11,22,15,11,'2022-02-24 08:30:00','2022-02-24 12:30:00'),(188,'BWL8',11,22,15,11,'2022-03-03 08:30:00','2022-03-03 12:30:00'),(189,'DBWE1',9,5,10,9,'2022-01-10 08:30:00','2022-01-10 12:30:00'),(190,'DBWE2',9,5,10,9,'2022-01-17 08:30:00','2022-01-17 12:30:00'),(191,'DBWE3',9,5,10,9,'2022-01-24 08:30:00','2022-01-24 12:30:00'),(192,'DBWE4',9,5,10,9,'2022-01-31 08:30:00','2022-01-31 12:30:00'),(193,'DBWE5',9,5,10,9,'2022-02-07 08:30:00','2022-02-07 12:30:00'),(194,'DBWE6',9,5,10,9,'2022-02-14 08:30:00','2022-02-14 12:30:00'),(195,'DBWE7',9,5,10,9,'2022-02-21 08:30:00','2022-02-21 12:30:00'),(196,'DBWE8',9,5,10,9,'2022-02-28 08:30:00','2022-02-28 12:30:00'),(197,'DBWE1',9,17,13,9,'2022-01-12 08:30:00','2022-01-12 12:30:00'),(198,'DBWE2',9,17,13,9,'2022-01-19 08:30:00','2022-01-19 12:30:00'),(199,'DBWE3',9,17,13,9,'2022-01-26 08:30:00','2022-01-26 12:30:00'),(200,'DBWE4',9,17,13,9,'2022-02-02 08:30:00','2022-02-02 12:30:00'),(201,'DBWE5',9,17,13,9,'2022-02-09 08:30:00','2022-02-09 12:30:00'),(202,'DBWE6',9,17,13,9,'2022-02-16 08:30:00','2022-02-16 12:30:00'),(203,'DBWE7',9,17,13,9,'2022-02-23 08:30:00','2022-02-23 12:30:00'),(204,'DBWE8',9,17,13,9,'2022-03-02 08:30:00','2022-03-02 12:30:00'),(205,'DBWE1',9,29,22,9,'2022-08-13 08:30:00','2022-08-13 12:30:00'),(206,'DBWE2',9,29,22,9,'2022-08-20 08:30:00','2022-08-20 12:30:00'),(207,'DBWE3',9,29,22,9,'2022-08-27 08:30:00','2022-08-27 12:30:00'),(208,'DBWE4',9,29,22,9,'2022-09-03 08:30:00','2022-09-03 12:30:00'),(209,'DBWE5',9,29,22,9,'2022-09-10 08:30:00','2022-09-10 12:30:00'),(210,'DBWE6',9,29,22,9,'2022-09-17 08:30:00','2022-09-17 12:30:00'),(211,'DBWE7',9,29,22,9,'2022-09-24 08:30:00','2022-09-24 12:30:00'),(212,'DBWE8',9,29,22,9,'2022-10-03 08:30:00','2022-10-03 12:30:00'),(213,'ITAR1',13,5,7,13,'2022-01-31 13:30:00','2022-01-31 17:30:00'),(214,'ITAR2',13,5,7,13,'2022-02-07 13:30:00','2022-02-07 17:30:00'),(215,'ITAR3',13,5,7,13,'2022-02-14 13:30:00','2022-02-14 17:30:00'),(216,'ITAR4',13,5,7,13,'2022-02-21 13:30:00','2022-02-21 17:30:00'),(217,'ITAR5',13,5,7,13,'2022-02-28 13:30:00','2022-02-28 17:30:00'),(218,'ITAR6',13,5,7,13,'2022-03-07 13:30:00','2022-03-07 17:30:00'),(219,'ITAR7',13,5,7,13,'2022-03-14 13:30:00','2022-03-14 17:30:00'),(220,'ITAR8',13,5,7,13,'2022-03-21 13:30:00','2022-03-21 17:30:00'),(221,'ITAR1',13,17,14,13,'2022-02-02 13:30:00','2022-02-02 17:30:00'),(222,'ITAR2',13,17,14,13,'2022-02-09 13:30:00','2022-02-09 17:30:00'),(223,'ITAR3',13,17,14,13,'2022-02-16 13:30:00','2022-02-16 17:30:00'),(224,'ITAR4',13,17,14,13,'2022-02-23 13:30:00','2022-02-23 17:30:00'),(225,'ITAR5',13,17,14,13,'2022-03-02 13:30:00','2022-03-02 17:30:00'),(226,'ITAR6',13,17,14,13,'2022-03-09 13:30:00','2022-03-09 17:30:00'),(227,'ITAR7',13,17,14,13,'2022-03-16 13:30:00','2022-03-16 17:30:00'),(228,'ITAR8',13,17,14,13,'2022-03-23 13:30:00','2022-03-23 17:30:00'),(229,'ITAR1',13,29,23,NULL,'2022-10-17 13:30:00','2022-10-17 17:30:00'),(230,'ITAR2',13,29,23,13,'2022-10-24 13:30:00','2022-10-24 17:30:00'),(231,'ITAR3',13,29,23,13,'2022-11-03 13:30:00','2022-11-03 17:30:00'),(232,'ITAR4',13,29,23,13,'2022-11-10 13:30:00','2022-11-10 17:30:00'),(233,'ITAR5',13,29,23,13,'2022-11-17 13:30:00','2022-11-17 17:30:00'),(234,'ITAR6',13,29,23,13,'2022-11-24 13:30:00','2022-11-24 17:30:00'),(235,'ITAR7',13,29,23,NULL,'2022-11-30 13:30:00','2022-11-30 17:30:00'),(236,'ITAR8',13,29,23,NULL,'2022-12-07 13:30:00','2022-12-07 17:30:00'),(237,'DBSQ1',10,11,6,10,'2022-02-02 13:30:00','2022-02-02 17:30:00'),(238,'DBSQ2',10,11,6,10,'2022-02-09 13:30:00','2022-02-09 17:30:00'),(239,'DBSQ3',10,11,6,10,'2022-02-16 13:30:00','2022-02-16 17:30:00'),(240,'DBSQ4',10,11,6,10,'2022-02-23 13:30:00','2022-02-23 17:30:00'),(241,'DBSQ5',10,11,6,10,'2022-03-02 13:30:00','2022-03-02 17:30:00'),(242,'DBSQ6',10,11,6,10,'2022-03-09 13:30:00','2022-03-09 17:30:00'),(243,'DBSQ7',10,11,6,10,'2022-03-16 13:30:00','2022-03-16 17:30:00'),(244,'DBSQ8',10,11,6,10,'2022-03-23 13:30:00','2022-03-23 17:30:00'),(245,'DBSQ1',10,23,15,10,'2022-02-17 13:30:00','2022-02-17 17:30:00'),(246,'DBSQ2',10,23,15,10,'2022-02-24 13:30:00','2022-02-24 17:30:00'),(247,'DBSQ3',10,23,15,10,'2022-03-03 13:30:00','2022-03-03 17:30:00'),(248,'DBSQ4',10,23,15,10,'2022-03-10 13:30:00','2022-03-10 17:30:00'),(249,'DBSQ5',10,23,15,10,'2022-03-17 13:30:00','2022-03-17 17:30:00'),(250,'DBSQ6',10,23,15,10,'2022-03-24 13:30:00','2022-03-24 17:30:00'),(251,'DBSQ7',10,23,15,10,'2022-03-31 13:30:00','2022-03-31 17:30:00'),(252,'DBSQ8',10,23,15,10,'2022-04-07 13:30:00','2022-04-07 17:30:00'),(253,'SYEN1',5,15,14,2,'2022-01-03 13:30:00','2022-01-03 17:30:00'),(254,'SYEN2',5,15,14,2,'2022-01-10 13:30:00','2022-01-10 17:30:00'),(255,'SYEN3',5,15,14,2,'2022-01-17 13:30:00','2022-01-17 17:30:00'),(256,'SYEN4',5,15,14,2,'2022-01-24 13:30:00','2022-01-24 17:30:00'),(257,'SYEN5',5,15,14,2,'2022-01-31 13:30:00','2022-01-31 17:30:00'),(258,'SYEN1',5,21,14,12,'2022-01-03 13:30:00','2022-01-03 17:30:00'),(259,'SYEN2',5,21,14,12,'2022-01-10 13:30:00','2022-01-10 17:30:00'),(260,'SYEN3',5,21,14,12,'2022-01-17 13:30:00','2022-01-17 17:30:00'),(261,'SYEN4',5,21,14,12,'2022-01-24 13:30:00','2022-01-24 17:30:00'),(262,'SYEN5',5,21,14,12,'2022-01-31 13:30:00','2022-01-31 17:30:00'),(263,'LUBG1',6,13,19,12,'2022-05-02 13:30:00','2022-05-02 17:30:00'),(264,'BUCH1',12,19,19,1,'2022-05-02 13:30:00','2022-05-02 17:30:00'),(265,'SYEN1',5,15,14,2,'2022-01-03 13:30:00','2022-01-03 17:30:00'),(266,'SYEN2',5,15,14,2,'2022-01-10 13:30:00','2022-01-10 17:30:00'),(267,'SYEN3',5,15,14,2,'2022-01-17 13:30:00','2022-01-17 17:30:00'),(268,'SYEN4',5,15,14,2,'2022-01-24 13:30:00','2022-01-24 17:30:00'),(269,'SYEN5',5,15,14,2,'2022-01-31 13:30:00','2022-01-31 17:30:00'),(270,'SYEN1',5,21,14,12,'2022-01-03 13:30:00','2022-01-03 17:30:00'),(271,'SYEN2',5,21,14,12,'2022-01-10 13:30:00','2022-01-10 17:30:00'),(272,'SYEN3',5,21,14,12,'2022-01-17 13:30:00','2022-01-17 17:30:00'),(273,'SYEN4',5,21,14,12,'2022-01-24 13:30:00','2022-01-24 17:30:00'),(274,'SYEN5',5,21,14,12,'2022-01-31 13:30:00','2022-01-31 17:30:00'),(275,'LUBG1',6,13,19,12,'2022-05-02 13:30:00','2022-05-02 17:30:00'),(276,'BUCH1',12,19,19,1,'2022-05-02 13:30:00','2022-05-02 17:30:00'),(277,'ITBM1',7,29,23,14,'2021-02-03 08:30:00','2021-02-03 12:30:00'),(278,'ITBM2',7,29,23,14,'2021-02-10 08:30:00','2021-02-10 12:30:00'),(279,'ITBM3',7,29,23,14,'2021-02-17 08:30:00','2021-02-17 12:30:00'),(280,'ITBM4',7,29,23,14,'2021-02-17 13:30:00','2021-02-17 17:30:00'),(281,'ITBM5',7,29,23,14,'2021-02-24 08:30:00','2021-02-24 12:30:00'),(282,'ITBM6',7,29,23,14,'2021-02-24 13:30:00','2021-02-24 17:30:00'),(283,'ITBM7',7,29,23,14,'2021-03-03 08:30:00','2021-03-03 12:30:00'),(284,'ITBM8',7,29,23,14,'2021-03-03 13:30:00','2021-03-03 17:30:00'),(285,'LUBG1',7,29,23,14,'2020-08-05 08:30:00','2020-08-05 12:30:00'),(286,'LUBG2',7,29,23,14,'2020-08-12 08:30:00','2020-08-12 12:30:00'),(287,'LUBG3',7,29,23,14,'2020-08-19 08:30:00','2020-08-19 12:30:00'),(288,'LUBG4',7,29,23,14,'2020-08-19 13:30:00','2020-08-19 17:30:00'),(289,'LUBG5',7,29,23,14,'2020-08-26 08:30:00','2020-08-26 12:30:00'),(290,'LUBG6',7,29,23,14,'2020-08-26 13:30:00','2020-08-22 17:30:00'),(291,'LUBG7',7,29,23,14,'2020-09-02 08:30:00','2020-09-02 12:30:00'),(292,'LUBG8',7,29,23,14,'2020-09-02 13:30:00','2020-09-02 17:30:00'),(293,'SYEN1',7,29,23,14,'2020-09-16 08:30:00','2020-09-16 12:30:00'),(294,'SYEN2',7,29,23,14,'2020-09-23 08:30:00','2020-09-23 12:30:00'),(295,'SYEN3',7,29,23,14,'2020-10-07 08:30:00','2020-10-07 12:30:00'),(296,'SYEN4',7,29,23,14,'2020-10-14 13:30:00','2020-10-14 17:30:00'),(297,'SYEN5',7,29,23,14,'2020-10-21 08:30:00','2020-10-21 12:30:00'),(298,'DEUT1',7,29,23,14,'2021-10-16 08:30:00','2021-10-16 12:30:00'),(299,'DEUT2',7,29,23,14,'2021-10-23 08:30:00','2021-10-23 12:30:00'),(303,'DEUT1',7,29,23,14,'2021-10-16 08:30:00','2021-10-16 12:30:00'),(304,'DEUT2',7,29,23,14,'2021-10-23 08:30:00','2021-10-23 12:30:00'),(305,'DEUT3',7,29,23,14,'2021-11-03 08:30:00','2021-11-03 12:30:00'),(306,'DEUT4',7,29,23,14,'2021-11-10 13:30:00','2021-11-10 17:30:00'),(307,'DEUT5',7,29,23,14,'2021-11-17 08:30:00','2021-11-17 12:30:00'),(308,'ENGL1',7,29,23,14,'2021-09-01 08:30:00','2021-09-01 12:30:00'),(309,'ENGL2',7,29,23,14,'2021-09-08 08:30:00','2021-09-08 12:30:00'),(310,'ENGL3',7,29,23,14,'2021-09-15 08:30:00','2021-09-15 12:30:00'),(311,'ENGL4',7,29,23,14,'2021-09-22 08:30:00','2021-09-22 12:30:00'),(312,'ENGL5',7,29,23,14,'2021-09-29 08:30:00','2021-09-29 12:30:00'),(313,'CLISE1',7,29,23,14,'2021-09-01 13:30:00','2021-09-01 12:30:00'),(314,'CLISE2',7,29,23,14,'2021-09-08 13:30:00','2021-09-08 12:30:00'),(315,'CLISE3',7,29,23,14,'2021-09-15 13:30:00','2021-09-15 12:30:00'),(316,'CLISE4',7,29,23,14,'2021-09-22 13:30:00','2021-09-22 12:30:00'),(317,'CLISE5',7,29,23,14,'2021-09-29 13:30:00','2021-09-29 12:30:00');
/*!40000 ALTER TABLE `lehrveranstaltung` ENABLE KEYS */;
UNLOCK TABLES;

--
-- Table structure for table `mitarbeiter`
--

DROP TABLE IF EXISTS `mitarbeiter`;
/*!40101 SET @saved_cs_client     = @@character_set_client */;
/*!50503 SET character_set_client = utf8mb4 */;
CREATE TABLE `mitarbeiter` (
  `ma_id` int NOT NULL AUTO_INCREMENT,
  `ahv` char(15) DEFAULT NULL,
  `lohn` decimal(7,2) DEFAULT NULL,
  `name` varchar(255) DEFAULT NULL,
  `email` varchar(255) DEFAULT NULL,
  `telefon` varchar(50) DEFAULT NULL,
  `funktion` varchar(255) DEFAULT NULL,
  `vorgesetzter` int DEFAULT NULL,
  `standort` int DEFAULT NULL,
  `adresse` int DEFAULT NULL,
  PRIMARY KEY (`ma_id`),
  KEY `standort` (`standort`),
  KEY `adresse` (`adresse`),
  KEY `vorgesetzter` (`vorgesetzter`),
  CONSTRAINT `mitarbeiter_ibfk_1` FOREIGN KEY (`standort`) REFERENCES `standort` (`standort_id`),
  CONSTRAINT `mitarbeiter_ibfk_2` FOREIGN KEY (`adresse`) REFERENCES `adresse` (`adresse_id`),
  CONSTRAINT `mitarbeiter_ibfk_3` FOREIGN KEY (`vorgesetzter`) REFERENCES `mitarbeiter` (`ma_id`)
) ENGINE=InnoDB AUTO_INCREMENT=8 DEFAULT CHARSET=utf8mb4 COLLATE=utf8mb4_0900_ai_ci;
/*!40101 SET character_set_client = @saved_cs_client */;

--
-- Dumping data for table `mitarbeiter`
--

LOCK TABLES `mitarbeiter` WRITE;
/*!40000 ALTER TABLE `mitarbeiter` DISABLE KEYS */;
INSERT INTO `mitarbeiter` VALUES (1,'526.66.613.112',15250.50,'Katrin Kaiser','kkaiser@schule.ch','058 211 200','Geamtschulleiterin',NULL,1,22),(2,'406.74.875.120',14000.00,'Jörg Graf','jgraf@schule.ch','058 211 222','Schulleiter Informatik',1,1,32),(3,'467.80.875.119',14000.00,'Herta Herzog','hherzog@schule.ch','058 211 202','Schulleiterin Wirtschaft',1,3,42),(4,'646.80.875.120',12500.00,'Martin Metzger','mmetzger@schule.ch','058 211 210','Lehrgangsadministrator',1,3,42),(5,'821.80.544.115',12660.50,'Sabine Schmid','sschmid@schule.ch','058 211 209','Prüfungsbeauftragte',1,3,13),(6,'150.80.544.119',12810.20,'Bernd Becker','bbecker@schule.ch','058 211 211','Lehrgangsadministrator',2,3,23),(7,'826.80.544.121',11800.10,'Susi Schneider','sschneider@schule.ch','058 211 205','Prüfungsbeauftragte',2,1,33);
/*!40000 ALTER TABLE `mitarbeiter` ENABLE KEYS */;
UNLOCK TABLES;

--
-- Table structure for table `pruefung`
--

DROP TABLE IF EXISTS `pruefung`;
/*!40101 SET @saved_cs_client     = @@character_set_client */;
/*!50503 SET character_set_client = utf8mb4 */;
CREATE TABLE `pruefung` (
  `pruefung_id` int NOT NULL AUTO_INCREMENT,
  `titel` varchar(255) NOT NULL,
  `raum` int DEFAULT NULL,
  `fach` int NOT NULL,
  `student` int DEFAULT NULL,
  `beginn` datetime DEFAULT NULL,
  `ende` datetime DEFAULT NULL,
  `note` decimal(2,1) DEFAULT NULL,
  PRIMARY KEY (`pruefung_id`),
  KEY `fach` (`fach`),
  KEY `student` (`student`),
  KEY `raum` (`raum`),
  CONSTRAINT `pruefung_ibfk_1` FOREIGN KEY (`fach`) REFERENCES `fach` (`fach_id`),
  CONSTRAINT `pruefung_ibfk_2` FOREIGN KEY (`student`) REFERENCES `student` (`student_id`),
  CONSTRAINT `pruefung_ibfk_3` FOREIGN KEY (`raum`) REFERENCES `raum` (`raum_id`)
) ENGINE=InnoDB AUTO_INCREMENT=4607 DEFAULT CHARSET=utf8mb4 COLLATE=utf8mb4_0900_ai_ci;
/*!40101 SET character_set_client = @saved_cs_client */;

--
-- Dumping data for table `pruefung`
--

LOCK TABLES `pruefung` WRITE;
/*!40000 ALTER TABLE `pruefung` DISABLE KEYS */;
INSERT INTO `pruefung` VALUES (512,'PR-SYEN',9,5,35,'2023-06-17 13:00:00','2023-06-17 15:00:00',5.7),(513,'PR-SYEN',9,5,38,'2023-06-17 13:00:00','2023-06-17 15:00:00',5.5),(514,'PR-SYEN',9,5,76,'2023-06-17 13:00:00','2023-06-17 15:00:00',5.8),(515,'PR-SYEN',9,5,82,'2023-06-17 13:00:00','2023-06-17 15:00:00',6.0),(516,'PR-SYEN',9,5,86,'2023-06-17 13:00:00','2023-06-17 15:00:00',5.2),(517,'PR-SYEN',9,5,116,'2023-06-17 13:00:00','2023-06-17 15:00:00',4.4),(518,'PR-SYEN',9,5,119,'2023-06-17 13:00:00','2023-06-17 15:00:00',6.0),(519,'PR-SYEN',9,5,122,'2023-06-17 13:00:00','2023-06-17 15:00:00',6.0),(520,'PR-SYEN',9,5,149,'2023-06-17 13:00:00','2023-06-17 15:00:00',5.7),(521,'PR-SYEN',9,5,241,'2023-06-17 13:00:00','2023-06-17 15:00:00',5.2),(522,'PR-SYEN',9,5,293,'2023-06-17 13:00:00','2023-06-17 15:00:00',5.4),(523,'PR-SYEN',9,5,326,'2023-06-17 13:00:00','2023-06-17 15:00:00',4.4),(524,'PR-SYEN',9,5,345,'2023-06-17 13:00:00','2023-06-17 15:00:00',4.6),(525,'PR-ITAR',9,13,35,'2025-12-06 13:00:00','2025-12-06 15:00:00',5.8),(526,'PR-ITAR',9,13,38,'2025-12-06 13:00:00','2025-12-06 15:00:00',5.6),(527,'PR-ITAR',9,13,76,'2025-12-06 13:00:00','2025-12-06 15:00:00',5.7),(528,'PR-ITAR',9,13,82,'2025-12-06 13:00:00','2025-12-06 15:00:00',5.2),(529,'PR-ITAR',9,13,86,'2025-12-06 13:00:00','2025-12-06 15:00:00',5.5),(530,'PR-ITAR',9,13,116,'2025-12-06 13:00:00','2025-12-06 15:00:00',5.9),(531,'PR-ITAR',9,13,119,'2025-12-06 13:00:00','2025-12-06 15:00:00',4.6),(532,'PR-ITAR',9,13,122,'2025-12-06 13:00:00','2025-12-06 15:00:00',5.4),(533,'PR-ITAR',9,13,149,'2025-12-06 13:00:00','2025-12-06 15:00:00',5.8),(534,'PR-ITAR',9,13,241,'2025-12-06 13:00:00','2025-12-06 15:00:00',4.9),(535,'PR-ITAR',9,13,293,'2025-12-06 13:00:00','2025-12-06 15:00:00',3.0),(536,'PR-ITAR',9,13,326,'2025-12-06 13:00:00','2025-12-06 15:00:00',5.5),(537,'PR-ITAR',9,13,345,'2025-12-06 13:00:00','2025-12-06 15:00:00',2.9),(538,'PR-DBWE',9,9,35,'2025-06-08 13:00:00','2025-06-08 15:00:00',2.6),(539,'PR-DBWE',9,9,38,'2025-06-08 13:00:00','2025-06-08 15:00:00',5.3),(540,'PR-DBWE',9,9,76,'2025-06-08 13:00:00','2025-06-08 15:00:00',2.9),(541,'PR-DBWE',9,9,82,'2025-06-08 13:00:00','2025-06-08 15:00:00',2.6),(542,'PR-DBWE',9,9,86,'2025-06-08 13:00:00','2025-06-08 15:00:00',5.2),(543,'PR-DBWE',9,9,116,'2025-06-08 13:00:00','2025-06-08 15:00:00',5.5),(544,'PR-DBWE',9,9,119,'2025-06-08 13:00:00','2025-06-08 15:00:00',2.6),(545,'PR-DBWE',9,9,122,'2025-06-08 13:00:00','2025-06-08 15:00:00',5.4),(546,'PR-DBWE',9,9,149,'2025-06-08 13:00:00','2025-06-08 15:00:00',4.6),(547,'PR-DBWE',9,9,241,'2025-06-08 13:00:00','2025-06-08 15:00:00',2.5),(548,'PR-DBWE',9,9,293,'2025-06-08 13:00:00','2025-06-08 15:00:00',3.3),(549,'PR-DBWE',9,9,326,'2025-06-08 13:00:00','2025-06-08 15:00:00',2.5),(550,'PR-DBWE',9,9,345,'2025-06-08 13:00:00','2025-06-08 15:00:00',5.2),(551,'PR-MATH',9,3,35,'2024-06-02 13:00:00','2024-06-02 15:00:00',3.4),(552,'PR-MATH',9,3,38,'2024-06-02 13:00:00','2024-06-02 15:00:00',3.4),(553,'PR-MATH',9,3,76,'2024-06-02 13:00:00','2024-06-02 15:00:00',3.4),(554,'PR-MATH',9,3,82,'2024-06-02 13:00:00','2024-06-02 15:00:00',3.2),(555,'PR-MATH',9,3,86,'2024-06-02 13:00:00','2024-06-02 15:00:00',6.0),(556,'PR-MATH',9,3,116,'2024-06-02 13:00:00','2024-06-02 15:00:00',5.7),(557,'PR-MATH',9,3,119,'2024-06-02 13:00:00','2024-06-02 15:00:00',5.7),(558,'PR-MATH',9,3,122,'2024-06-02 13:00:00','2024-06-02 15:00:00',5.6),(559,'PR-MATH',9,3,149,'2024-06-02 13:00:00','2024-06-02 15:00:00',5.8),(560,'PR-MATH',9,3,241,'2024-06-02 13:00:00','2024-06-02 15:00:00',5.8),(561,'PR-MATH',9,3,293,'2024-06-02 13:00:00','2024-06-02 15:00:00',5.7),(562,'PR-MATH',9,3,326,'2024-06-02 13:00:00','2024-06-02 15:00:00',5.2),(563,'PR-MATH',9,3,345,'2024-06-02 13:00:00','2024-06-02 15:00:00',5.6),(564,'PR-CLISE',9,8,35,'2024-06-02 13:00:00','2024-06-02 15:00:00',3.5),(565,'PR-CLISE',9,8,38,'2024-06-02 13:00:00','2024-06-02 15:00:00',5.9),(566,'PR-CLISE',9,8,76,'2024-06-02 13:00:00','2024-06-02 15:00:00',5.4),(567,'PR-CLISE',9,8,82,'2024-06-02 13:00:00','2024-06-02 15:00:00',5.2),(568,'PR-CLISE',9,8,86,'2024-06-02 13:00:00','2024-06-02 15:00:00',5.7),(569,'PR-CLISE',9,8,116,'2024-06-02 13:00:00','2024-06-02 15:00:00',3.7),(570,'PR-CLISE',9,8,119,'2024-06-02 13:00:00','2024-06-02 15:00:00',5.7),(571,'PR-CLISE',9,8,122,'2024-06-02 13:00:00','2024-06-02 15:00:00',6.0),(572,'PR-CLISE',9,8,149,'2024-06-02 13:00:00','2024-06-02 15:00:00',3.4),(573,'PR-CLISE',9,8,241,'2024-06-02 13:00:00','2024-06-02 15:00:00',3.7),(574,'PR-CLISE',9,8,293,'2024-06-02 13:00:00','2024-06-02 15:00:00',3.4),(575,'PR-CLISE',9,8,326,'2024-06-02 13:00:00','2024-06-02 15:00:00',5.7),(576,'PR-CLISE',9,8,345,'2024-06-02 13:00:00','2024-06-02 15:00:00',5.9),(577,'PR-ENGL',9,2,35,'2024-06-02 13:00:00','2024-06-02 15:00:00',5.9),(578,'PR-ENGL',9,2,38,'2024-06-02 13:00:00','2024-06-02 15:00:00',6.0),(579,'PR-ENGL',9,2,76,'2024-06-02 13:00:00','2024-06-02 15:00:00',2.9),(580,'PR-ENGL',9,2,82,'2024-06-02 13:00:00','2024-06-02 15:00:00',4.3),(581,'PR-ENGL',9,2,86,'2024-06-02 13:00:00','2024-06-02 15:00:00',4.8),(582,'PR-ENGL',9,2,116,'2024-06-02 13:00:00','2024-06-02 15:00:00',4.6),(583,'PR-ENGL',9,2,119,'2024-06-02 13:00:00','2024-06-02 15:00:00',5.1),(584,'PR-ENGL',9,2,122,'2024-06-02 13:00:00','2024-06-02 15:00:00',4.3),(585,'PR-ENGL',9,2,149,'2024-06-02 13:00:00','2024-06-02 15:00:00',5.5),(586,'PR-ENGL',9,2,241,'2024-06-02 13:00:00','2024-06-02 15:00:00',5.8),(587,'PR-ENGL',9,2,293,'2024-06-02 13:00:00','2024-06-02 15:00:00',6.0),(588,'PR-ENGL',9,2,326,'2024-06-02 13:00:00','2024-06-02 15:00:00',5.2),(589,'PR-ENGL',9,2,345,'2024-06-02 13:00:00','2024-06-02 15:00:00',2.6),(590,'PR-DEUT',9,1,35,'2024-06-02 13:00:00','2024-06-02 15:00:00',5.8),(591,'PR-DEUT',9,1,38,'2024-06-02 13:00:00','2024-06-02 15:00:00',5.5),(592,'PR-DEUT',9,1,76,'2024-06-02 13:00:00','2024-06-02 15:00:00',4.8),(593,'PR-DEUT',9,1,82,'2024-06-02 13:00:00','2024-06-02 15:00:00',4.4),(594,'PR-DEUT',9,1,86,'2024-06-02 13:00:00','2024-06-02 15:00:00',5.7),(595,'PR-DEUT',9,1,116,'2024-06-02 13:00:00','2024-06-02 15:00:00',2.8),(596,'PR-DEUT',9,1,119,'2024-06-02 13:00:00','2024-06-02 15:00:00',5.8),(597,'PR-DEUT',9,1,122,'2024-06-02 13:00:00','2024-06-02 15:00:00',5.7),(598,'PR-DEUT',9,1,149,'2024-06-02 13:00:00','2024-06-02 15:00:00',5.8),(599,'PR-DEUT',9,1,241,'2024-06-02 13:00:00','2024-06-02 15:00:00',5.9),(600,'PR-DEUT',9,1,293,'2024-06-02 13:00:00','2024-06-02 15:00:00',5.9),(601,'PR-DEUT',9,1,326,'2024-06-02 13:00:00','2024-06-02 15:00:00',5.8),(602,'PR-DEUT',9,1,345,'2024-06-02 13:00:00','2024-06-02 15:00:00',5.8),(603,'PR-LUBG',9,6,35,'2023-06-17 13:00:00','2023-06-17 15:00:00',5.8),(604,'PR-LUBG',9,6,38,'2023-06-17 13:00:00','2023-06-17 15:00:00',2.9),(605,'PR-LUBG',9,6,76,'2023-06-17 13:00:00','2023-06-17 15:00:00',6.0),(606,'PR-LUBG',9,6,82,'2023-06-17 13:00:00','2023-06-17 15:00:00',6.0),(607,'PR-LUBG',9,6,86,'2023-06-17 13:00:00','2023-06-17 15:00:00',2.6),(608,'PR-LUBG',9,6,116,'2023-06-17 13:00:00','2023-06-17 15:00:00',5.3),(609,'PR-LUBG',9,6,119,'2023-06-17 13:00:00','2023-06-17 15:00:00',2.6),(610,'PR-LUBG',9,6,122,'2023-06-17 13:00:00','2023-06-17 15:00:00',5.7),(611,'PR-LUBG',9,6,149,'2023-06-17 13:00:00','2023-06-17 15:00:00',4.9),(612,'PR-LUBG',9,6,241,'2023-06-17 13:00:00','2023-06-17 15:00:00',5.7),(613,'PR-LUBG',9,6,293,'2023-06-17 13:00:00','2023-06-17 15:00:00',5.1),(614,'PR-LUBG',9,6,326,'2023-06-17 13:00:00','2023-06-17 15:00:00',5.9),(615,'PR-LUBG',9,6,345,'2023-06-17 13:00:00','2023-06-17 15:00:00',6.0),(616,'PR-ITBM',9,7,35,'2023-12-16 13:00:00','2023-12-16 15:00:00',4.3),(617,'PR-ITBM',9,7,38,'2023-12-16 13:00:00','2023-12-16 15:00:00',2.9),(618,'PR-ITBM',9,7,76,'2023-12-16 13:00:00','2023-12-16 15:00:00',5.9),(619,'PR-ITBM',9,7,82,'2023-12-16 13:00:00','2023-12-16 15:00:00',5.5),(620,'PR-ITBM',9,7,86,'2023-12-16 13:00:00','2023-12-16 15:00:00',5.8),(621,'PR-ITBM',9,7,116,'2023-12-16 13:00:00','2023-12-16 15:00:00',5.2),(622,'PR-ITBM',9,7,119,'2023-12-16 13:00:00','2023-12-16 15:00:00',5.0),(623,'PR-ITBM',9,7,122,'2023-12-16 13:00:00','2023-12-16 15:00:00',5.8),(624,'PR-ITBM',9,7,149,'2023-12-16 13:00:00','2023-12-16 15:00:00',6.0),(625,'PR-ITBM',9,7,241,'2023-12-16 13:00:00','2023-12-16 15:00:00',4.3),(626,'PR-ITBM',9,7,293,'2023-12-16 13:00:00','2023-12-16 15:00:00',6.0),(627,'PR-ITBM',9,7,326,'2023-12-16 13:00:00','2023-12-16 15:00:00',5.6),(628,'PR-ITBM',9,7,345,'2023-12-16 13:00:00','2023-12-16 15:00:00',5.8),(629,'PR-SYEN',9,5,2,'2022-12-17 10:00:00','2022-12-17 12:00:00',2.8),(630,'PR-SYEN',9,5,39,'2022-12-17 10:00:00','2022-12-17 12:00:00',3.5),(631,'PR-SYEN',9,5,84,'2022-12-17 10:00:00','2022-12-17 12:00:00',5.6),(632,'PR-SYEN',9,5,99,'2022-12-17 10:00:00','2022-12-17 12:00:00',5.6),(633,'PR-SYEN',9,5,124,'2022-12-17 10:00:00','2022-12-17 12:00:00',5.2),(634,'PR-SYEN',9,5,156,'2022-12-17 10:00:00','2022-12-17 12:00:00',5.1),(635,'PR-SYEN',9,5,220,'2022-12-17 10:00:00','2022-12-17 12:00:00',5.7),(636,'PR-SYEN',9,5,228,'2022-12-17 10:00:00','2022-12-17 12:00:00',4.9),(637,'PR-SYEN',9,5,257,'2022-12-17 10:00:00','2022-12-17 12:00:00',6.0),(638,'PR-SYEN',9,5,306,'2022-12-17 10:00:00','2022-12-17 12:00:00',2.8),(639,'PR-ITAR',9,13,2,'2025-06-01 10:00:00','2025-06-01 12:00:00',5.7),(640,'PR-ITAR',9,13,39,'2025-06-01 10:00:00','2025-06-01 12:00:00',5.4),(641,'PR-ITAR',9,13,84,'2025-06-01 10:00:00','2025-06-01 12:00:00',5.2),(642,'PR-ITAR',9,13,99,'2025-06-01 10:00:00','2025-06-01 12:00:00',5.5),(643,'PR-ITAR',9,13,124,'2025-06-01 10:00:00','2025-06-01 12:00:00',2.9),(644,'PR-ITAR',9,13,156,'2025-06-01 10:00:00','2025-06-01 12:00:00',2.5),(645,'PR-ITAR',9,13,220,'2025-06-01 10:00:00','2025-06-01 12:00:00',5.9),(646,'PR-ITAR',9,13,228,'2025-06-01 10:00:00','2025-06-01 12:00:00',5.9),(647,'PR-ITAR',9,13,257,'2025-06-01 10:00:00','2025-06-01 12:00:00',5.4),(648,'PR-ITAR',9,13,306,'2025-06-01 10:00:00','2025-06-01 12:00:00',3.2),(649,'PR-DBWE',9,9,2,'2024-12-18 10:00:00','2024-12-18 12:00:00',5.3),(650,'PR-DBWE',9,9,39,'2024-12-18 10:00:00','2024-12-18 12:00:00',5.7),(651,'PR-DBWE',9,9,84,'2024-12-18 10:00:00','2024-12-18 12:00:00',3.3),(652,'PR-DBWE',9,9,99,'2024-12-18 10:00:00','2024-12-18 12:00:00',5.5),(653,'PR-DBWE',9,9,124,'2024-12-18 10:00:00','2024-12-18 12:00:00',5.9),(654,'PR-DBWE',9,9,156,'2024-12-18 10:00:00','2024-12-18 12:00:00',3.1),(655,'PR-DBWE',9,9,220,'2024-12-18 10:00:00','2024-12-18 12:00:00',5.6),(656,'PR-DBWE',9,9,228,'2024-12-18 10:00:00','2024-12-18 12:00:00',3.0),(657,'PR-DBWE',9,9,257,'2024-12-18 10:00:00','2024-12-18 12:00:00',2.9),(658,'PR-DBWE',9,9,306,'2024-12-18 10:00:00','2024-12-18 12:00:00',3.4),(659,'PR-MATH',9,3,2,'2023-12-16 10:00:00','2023-12-16 12:00:00',2.6),(660,'PR-MATH',9,3,39,'2023-12-16 10:00:00','2023-12-16 12:00:00',5.8),(661,'PR-MATH',9,3,84,'2023-12-16 10:00:00','2023-12-16 12:00:00',6.0),(662,'PR-MATH',9,3,99,'2023-12-16 10:00:00','2023-12-16 12:00:00',4.7),(663,'PR-MATH',9,3,124,'2023-12-16 10:00:00','2023-12-16 12:00:00',5.9),(664,'PR-MATH',9,3,156,'2023-12-16 10:00:00','2023-12-16 12:00:00',2.9),(665,'PR-MATH',9,3,220,'2023-12-16 10:00:00','2023-12-16 12:00:00',5.6),(666,'PR-MATH',9,3,228,'2023-12-16 10:00:00','2023-12-16 12:00:00',2.9),(667,'PR-MATH',9,3,257,'2023-12-16 10:00:00','2023-12-16 12:00:00',5.2),(668,'PR-MATH',9,3,306,'2023-12-16 10:00:00','2023-12-16 12:00:00',5.5),(669,'PR-CLISE',9,8,2,'2023-12-16 10:00:00','2023-12-16 12:00:00',3.4),(670,'PR-CLISE',9,8,39,'2023-12-16 10:00:00','2023-12-16 12:00:00',5.8),(671,'PR-CLISE',9,8,84,'2023-12-16 10:00:00','2023-12-16 12:00:00',5.0),(672,'PR-CLISE',9,8,99,'2023-12-16 10:00:00','2023-12-16 12:00:00',6.0),(673,'PR-CLISE',9,8,124,'2023-12-16 10:00:00','2023-12-16 12:00:00',5.6),(674,'PR-CLISE',9,8,156,'2023-12-16 10:00:00','2023-12-16 12:00:00',5.4),(675,'PR-CLISE',9,8,220,'2023-12-16 10:00:00','2023-12-16 12:00:00',5.5),(676,'PR-CLISE',9,8,228,'2023-12-16 10:00:00','2023-12-16 12:00:00',5.6),(677,'PR-CLISE',9,8,257,'2023-12-16 10:00:00','2023-12-16 12:00:00',5.7),(678,'PR-CLISE',9,8,306,'2023-12-16 10:00:00','2023-12-16 12:00:00',6.0),(679,'PR-ENGL',9,2,2,'2023-12-16 10:00:00','2023-12-16 12:00:00',4.9),(680,'PR-ENGL',9,2,39,'2023-12-16 10:00:00','2023-12-16 12:00:00',5.3),(681,'PR-ENGL',9,2,84,'2023-12-16 10:00:00','2023-12-16 12:00:00',6.0),(682,'PR-ENGL',9,2,99,'2023-12-16 10:00:00','2023-12-16 12:00:00',5.5),(683,'PR-ENGL',9,2,124,'2023-12-16 10:00:00','2023-12-16 12:00:00',5.7),(684,'PR-ENGL',9,2,156,'2023-12-16 10:00:00','2023-12-16 12:00:00',4.6),(685,'PR-ENGL',9,2,220,'2023-12-16 10:00:00','2023-12-16 12:00:00',5.6),(686,'PR-ENGL',9,2,228,'2023-12-16 10:00:00','2023-12-16 12:00:00',5.9),(687,'PR-ENGL',9,2,257,'2023-12-16 10:00:00','2023-12-16 12:00:00',5.8),(688,'PR-ENGL',9,2,306,'2023-12-16 10:00:00','2023-12-16 12:00:00',5.8),(689,'PR-DEUT',9,1,2,'2023-12-16 10:00:00','2023-12-16 12:00:00',5.7),(690,'PR-DEUT',9,1,39,'2023-12-16 10:00:00','2023-12-16 12:00:00',5.7),(691,'PR-DEUT',9,1,84,'2023-12-16 10:00:00','2023-12-16 12:00:00',6.0),(692,'PR-DEUT',9,1,99,'2023-12-16 10:00:00','2023-12-16 12:00:00',5.3),(693,'PR-DEUT',9,1,124,'2023-12-16 10:00:00','2023-12-16 12:00:00',5.8),(694,'PR-DEUT',9,1,156,'2023-12-16 10:00:00','2023-12-16 12:00:00',4.3),(695,'PR-DEUT',9,1,220,'2023-12-16 10:00:00','2023-12-16 12:00:00',6.0),(696,'PR-DEUT',9,1,228,'2023-12-16 10:00:00','2023-12-16 12:00:00',5.6),(697,'PR-DEUT',9,1,257,'2023-12-16 10:00:00','2023-12-16 12:00:00',5.4),(698,'PR-DEUT',9,1,306,'2023-12-16 10:00:00','2023-12-16 12:00:00',4.7),(699,'PR-LUBG',9,6,2,'2022-12-17 10:00:00','2022-12-17 12:00:00',3.0),(700,'PR-LUBG',9,6,39,'2022-12-17 10:00:00','2022-12-17 12:00:00',5.9),(701,'PR-LUBG',9,6,84,'2022-12-17 10:00:00','2022-12-17 12:00:00',5.1),(702,'PR-LUBG',9,6,99,'2022-12-17 10:00:00','2022-12-17 12:00:00',5.8),(703,'PR-LUBG',9,6,124,'2022-12-17 10:00:00','2022-12-17 12:00:00',5.1),(704,'PR-LUBG',9,6,156,'2022-12-17 10:00:00','2022-12-17 12:00:00',5.4),(705,'PR-LUBG',9,6,220,'2022-12-17 10:00:00','2022-12-17 12:00:00',2.9),(706,'PR-LUBG',9,6,228,'2022-12-17 10:00:00','2022-12-17 12:00:00',5.5),(707,'PR-LUBG',9,6,257,'2022-12-17 10:00:00','2022-12-17 12:00:00',2.8),(708,'PR-LUBG',9,6,306,'2022-12-17 10:00:00','2022-12-17 12:00:00',5.2),(709,'PR-ITBM',9,7,2,'2023-06-17 10:00:00','2023-06-17 12:00:00',5.8),(710,'PR-ITBM',9,7,39,'2023-06-17 10:00:00','2023-06-17 12:00:00',4.3),(711,'PR-ITBM',9,7,84,'2023-06-17 10:00:00','2023-06-17 12:00:00',5.3),(712,'PR-ITBM',9,7,99,'2023-06-17 10:00:00','2023-06-17 12:00:00',5.5),(713,'PR-ITBM',9,7,124,'2023-06-17 10:00:00','2023-06-17 12:00:00',2.9),(714,'PR-ITBM',9,7,156,'2023-06-17 10:00:00','2023-06-17 12:00:00',5.8),(715,'PR-ITBM',9,7,220,'2023-06-17 10:00:00','2023-06-17 12:00:00',5.5),(716,'PR-ITBM',9,7,228,'2023-06-17 10:00:00','2023-06-17 12:00:00',5.9),(717,'PR-ITBM',9,7,257,'2023-06-17 10:00:00','2023-06-17 12:00:00',5.5),(718,'PR-ITBM',9,7,306,'2023-06-17 10:00:00','2023-06-17 12:00:00',5.6),(719,'PR-SYEN',9,5,9,'2022-06-01 13:00:00','2022-06-01 15:00:00',5.8),(720,'PR-SYEN',9,5,57,'2022-06-01 13:00:00','2022-06-01 15:00:00',5.5),(721,'PR-SYEN',9,5,117,'2022-06-01 13:00:00','2022-06-01 15:00:00',5.3),(722,'PR-SYEN',9,5,134,'2022-06-01 13:00:00','2022-06-01 15:00:00',4.6),(723,'PR-SYEN',9,5,152,'2022-06-01 13:00:00','2022-06-01 15:00:00',6.0),(724,'PR-SYEN',9,5,165,'2022-06-01 13:00:00','2022-06-01 15:00:00',3.5),(725,'PR-SYEN',9,5,174,'2022-06-01 13:00:00','2022-06-01 15:00:00',5.8),(726,'PR-SYEN',9,5,192,'2022-06-01 13:00:00','2022-06-01 15:00:00',4.4),(727,'PR-SYEN',9,5,202,'2022-06-01 13:00:00','2022-06-01 15:00:00',5.5),(728,'PR-SYEN',9,5,204,'2022-06-01 13:00:00','2022-06-01 15:00:00',6.0),(729,'PR-SYEN',9,5,208,'2022-06-01 13:00:00','2022-06-01 15:00:00',4.7),(730,'PR-SYEN',9,5,274,'2022-06-01 13:00:00','2022-06-01 15:00:00',5.7),(731,'PR-SYEN',9,5,298,'2022-06-01 13:00:00','2022-06-01 15:00:00',5.4),(732,'PR-SYEN',9,5,313,'2022-06-01 13:00:00','2022-06-01 15:00:00',5.9),(733,'PR-SYEN',9,5,352,'2022-06-01 13:00:00','2022-06-01 15:00:00',5.1),(734,'PR-ITAR',9,13,9,'2024-12-18 13:00:00','2024-12-18 15:00:00',3.0),(735,'PR-ITAR',9,13,57,'2024-12-18 13:00:00','2024-12-18 15:00:00',2.5),(736,'PR-ITAR',9,13,117,'2024-12-18 13:00:00','2024-12-18 15:00:00',4.6),(737,'PR-ITAR',9,13,134,'2024-12-18 13:00:00','2024-12-18 15:00:00',5.1),(738,'PR-ITAR',9,13,152,'2024-12-18 13:00:00','2024-12-18 15:00:00',3.1),(739,'PR-ITAR',9,13,165,'2024-12-18 13:00:00','2024-12-18 15:00:00',5.9),(740,'PR-ITAR',9,13,174,'2024-12-18 13:00:00','2024-12-18 15:00:00',5.7),(741,'PR-ITAR',9,13,192,'2024-12-18 13:00:00','2024-12-18 15:00:00',5.6),(742,'PR-ITAR',9,13,202,'2024-12-18 13:00:00','2024-12-18 15:00:00',5.5),(743,'PR-ITAR',9,13,204,'2024-12-18 13:00:00','2024-12-18 15:00:00',5.8),(744,'PR-ITAR',9,13,208,'2024-12-18 13:00:00','2024-12-18 15:00:00',5.6),(745,'PR-ITAR',9,13,274,'2024-12-18 13:00:00','2024-12-18 15:00:00',5.2),(746,'PR-ITAR',9,13,298,'2024-12-18 13:00:00','2024-12-18 15:00:00',4.9),(747,'PR-ITAR',9,13,313,'2024-12-18 13:00:00','2024-12-18 15:00:00',5.5),(748,'PR-ITAR',9,13,352,'2024-12-18 13:00:00','2024-12-18 15:00:00',5.3),(749,'PR-DBWE',9,9,9,'2024-06-02 13:00:00','2024-06-02 15:00:00',5.9),(750,'PR-DBWE',9,9,57,'2024-06-02 13:00:00','2024-06-02 15:00:00',5.0),(751,'PR-DBWE',9,9,117,'2024-06-02 13:00:00','2024-06-02 15:00:00',5.5),(752,'PR-DBWE',9,9,134,'2024-06-02 13:00:00','2024-06-02 15:00:00',3.1),(753,'PR-DBWE',9,9,152,'2024-06-02 13:00:00','2024-06-02 15:00:00',5.2),(754,'PR-DBWE',9,9,165,'2024-06-02 13:00:00','2024-06-02 15:00:00',5.6),(755,'PR-DBWE',9,9,174,'2024-06-02 13:00:00','2024-06-02 15:00:00',3.6),(756,'PR-DBWE',9,9,192,'2024-06-02 13:00:00','2024-06-02 15:00:00',5.7),(757,'PR-DBWE',9,9,202,'2024-06-02 13:00:00','2024-06-02 15:00:00',2.9),(758,'PR-DBWE',9,9,204,'2024-06-02 13:00:00','2024-06-02 15:00:00',5.2),(759,'PR-DBWE',9,9,208,'2024-06-02 13:00:00','2024-06-02 15:00:00',5.9),(760,'PR-DBWE',9,9,274,'2024-06-02 13:00:00','2024-06-02 15:00:00',5.0),(761,'PR-DBWE',9,9,298,'2024-06-02 13:00:00','2024-06-02 15:00:00',5.7),(762,'PR-DBWE',9,9,313,'2024-06-02 13:00:00','2024-06-02 15:00:00',5.6),(763,'PR-DBWE',9,9,352,'2024-06-02 13:00:00','2024-06-02 15:00:00',5.6),(764,'PR-MATH',9,3,9,'2023-06-10 13:00:00','2023-06-10 15:00:00',5.2),(765,'PR-MATH',9,3,57,'2023-06-10 13:00:00','2023-06-10 15:00:00',2.8),(766,'PR-MATH',9,3,117,'2023-06-10 13:00:00','2023-06-10 15:00:00',2.9),(767,'PR-MATH',9,3,134,'2023-06-10 13:00:00','2023-06-10 15:00:00',4.6),(768,'PR-MATH',9,3,152,'2023-06-10 13:00:00','2023-06-10 15:00:00',3.4),(769,'PR-MATH',9,3,165,'2023-06-10 13:00:00','2023-06-10 15:00:00',5.2),(770,'PR-MATH',9,3,174,'2023-06-10 13:00:00','2023-06-10 15:00:00',5.8),(771,'PR-MATH',9,3,192,'2023-06-10 13:00:00','2023-06-10 15:00:00',5.7),(772,'PR-MATH',9,3,202,'2023-06-10 13:00:00','2023-06-10 15:00:00',5.5),(773,'PR-MATH',9,3,204,'2023-06-10 13:00:00','2023-06-10 15:00:00',5.6),(774,'PR-MATH',9,3,208,'2023-06-10 13:00:00','2023-06-10 15:00:00',5.3),(775,'PR-MATH',9,3,274,'2023-06-10 13:00:00','2023-06-10 15:00:00',2.8),(776,'PR-MATH',9,3,298,'2023-06-10 13:00:00','2023-06-10 15:00:00',5.6),(777,'PR-MATH',9,3,313,'2023-06-10 13:00:00','2023-06-10 15:00:00',4.7),(778,'PR-MATH',9,3,352,'2023-06-10 13:00:00','2023-06-10 15:00:00',5.9),(779,'PR-CLISE',9,8,9,'2023-06-10 13:00:00','2023-06-10 15:00:00',5.6),(780,'PR-CLISE',9,8,57,'2023-06-10 13:00:00','2023-06-10 15:00:00',4.0),(781,'PR-CLISE',9,8,117,'2023-06-10 13:00:00','2023-06-10 15:00:00',5.1),(782,'PR-CLISE',9,8,134,'2023-06-10 13:00:00','2023-06-10 15:00:00',4.7),(783,'PR-CLISE',9,8,152,'2023-06-10 13:00:00','2023-06-10 15:00:00',4.9),(784,'PR-CLISE',9,8,165,'2023-06-10 13:00:00','2023-06-10 15:00:00',5.2),(785,'PR-CLISE',9,8,174,'2023-06-10 13:00:00','2023-06-10 15:00:00',2.6),(786,'PR-CLISE',9,8,192,'2023-06-10 13:00:00','2023-06-10 15:00:00',5.5),(787,'PR-CLISE',9,8,202,'2023-06-10 13:00:00','2023-06-10 15:00:00',3.4),(788,'PR-CLISE',9,8,204,'2023-06-10 13:00:00','2023-06-10 15:00:00',4.7),(789,'PR-CLISE',9,8,208,'2023-06-10 13:00:00','2023-06-10 15:00:00',5.7),(790,'PR-CLISE',9,8,274,'2023-06-10 13:00:00','2023-06-10 15:00:00',5.5),(791,'PR-CLISE',9,8,298,'2023-06-10 13:00:00','2023-06-10 15:00:00',3.6),(792,'PR-CLISE',9,8,313,'2023-06-10 13:00:00','2023-06-10 15:00:00',5.7),(793,'PR-CLISE',9,8,352,'2023-06-10 13:00:00','2023-06-10 15:00:00',2.6),(794,'PR-ENGL',9,2,9,'2023-06-10 13:00:00','2023-06-10 15:00:00',5.1),(795,'PR-ENGL',9,2,57,'2023-06-10 13:00:00','2023-06-10 15:00:00',5.7),(796,'PR-ENGL',9,2,117,'2023-06-10 13:00:00','2023-06-10 15:00:00',5.2),(797,'PR-ENGL',9,2,134,'2023-06-10 13:00:00','2023-06-10 15:00:00',5.1),(798,'PR-ENGL',9,2,152,'2023-06-10 13:00:00','2023-06-10 15:00:00',5.6),(799,'PR-ENGL',9,2,165,'2023-06-10 13:00:00','2023-06-10 15:00:00',4.3),(800,'PR-ENGL',9,2,174,'2023-06-10 13:00:00','2023-06-10 15:00:00',5.6),(801,'PR-ENGL',9,2,192,'2023-06-10 13:00:00','2023-06-10 15:00:00',2.5),(802,'PR-ENGL',9,2,202,'2023-06-10 13:00:00','2023-06-10 15:00:00',5.9),(803,'PR-ENGL',9,2,204,'2023-06-10 13:00:00','2023-06-10 15:00:00',5.5),(804,'PR-ENGL',9,2,208,'2023-06-10 13:00:00','2023-06-10 15:00:00',5.1),(805,'PR-ENGL',9,2,274,'2023-06-10 13:00:00','2023-06-10 15:00:00',5.2),(806,'PR-ENGL',9,2,298,'2023-06-10 13:00:00','2023-06-10 15:00:00',5.7),(807,'PR-ENGL',9,2,313,'2023-06-10 13:00:00','2023-06-10 15:00:00',4.7),(808,'PR-ENGL',9,2,352,'2023-06-10 13:00:00','2023-06-10 15:00:00',6.0),(809,'PR-DEUT',9,1,9,'2023-06-10 13:00:00','2023-06-10 15:00:00',6.0),(810,'PR-DEUT',9,1,57,'2023-06-10 13:00:00','2023-06-10 15:00:00',5.9),(811,'PR-DEUT',9,1,117,'2023-06-10 13:00:00','2023-06-10 15:00:00',2.6),(812,'PR-DEUT',9,1,134,'2023-06-10 13:00:00','2023-06-10 15:00:00',4.8),(813,'PR-DEUT',9,1,152,'2023-06-10 13:00:00','2023-06-10 15:00:00',5.8),(814,'PR-DEUT',9,1,165,'2023-06-10 13:00:00','2023-06-10 15:00:00',5.4),(815,'PR-DEUT',9,1,174,'2023-06-10 13:00:00','2023-06-10 15:00:00',5.6),(816,'PR-DEUT',9,1,192,'2023-06-10 13:00:00','2023-06-10 15:00:00',2.9),(817,'PR-DEUT',9,1,202,'2023-06-10 13:00:00','2023-06-10 15:00:00',5.6),(818,'PR-DEUT',9,1,204,'2023-06-10 13:00:00','2023-06-10 15:00:00',3.8),(819,'PR-DEUT',9,1,208,'2023-06-10 13:00:00','2023-06-10 15:00:00',5.0),(820,'PR-DEUT',9,1,274,'2023-06-10 13:00:00','2023-06-10 15:00:00',4.4),(821,'PR-DEUT',9,1,298,'2023-06-10 13:00:00','2023-06-10 15:00:00',5.2),(822,'PR-DEUT',9,1,313,'2023-06-10 13:00:00','2023-06-10 15:00:00',5.4),(823,'PR-DEUT',9,1,352,'2023-06-10 13:00:00','2023-06-10 15:00:00',2.6),(824,'PR-LUBG',9,6,9,'2022-06-01 13:00:00','2022-06-01 15:00:00',5.5),(825,'PR-LUBG',9,6,57,'2022-06-01 13:00:00','2022-06-01 15:00:00',3.1),(826,'PR-LUBG',9,6,117,'2022-06-01 13:00:00','2022-06-01 15:00:00',5.4),(827,'PR-LUBG',9,6,134,'2022-06-01 13:00:00','2022-06-01 15:00:00',5.9),(828,'PR-LUBG',9,6,152,'2022-06-01 13:00:00','2022-06-01 15:00:00',3.6),(829,'PR-LUBG',9,6,165,'2022-06-01 13:00:00','2022-06-01 15:00:00',5.4),(830,'PR-LUBG',9,6,174,'2022-06-01 13:00:00','2022-06-01 15:00:00',5.5),(831,'PR-LUBG',9,6,192,'2022-06-01 13:00:00','2022-06-01 15:00:00',6.0),(832,'PR-LUBG',9,6,202,'2022-06-01 13:00:00','2022-06-01 15:00:00',3.1),(833,'PR-LUBG',9,6,204,'2022-06-01 13:00:00','2022-06-01 15:00:00',5.6),(834,'PR-LUBG',9,6,208,'2022-06-01 13:00:00','2022-06-01 15:00:00',2.6),(835,'PR-LUBG',9,6,274,'2022-06-01 13:00:00','2022-06-01 15:00:00',5.3),(836,'PR-LUBG',9,6,298,'2022-06-01 13:00:00','2022-06-01 15:00:00',4.3),(837,'PR-LUBG',9,6,313,'2022-06-01 13:00:00','2022-06-01 15:00:00',6.0),(838,'PR-LUBG',9,6,352,'2022-06-01 13:00:00','2022-06-01 15:00:00',5.7),(839,'PR-ITBM',9,7,9,'2022-12-10 13:00:00','2022-12-10 15:00:00',5.6),(840,'PR-ITBM',9,7,57,'2022-12-10 13:00:00','2022-12-10 15:00:00',5.4),(841,'PR-ITBM',9,7,117,'2022-12-10 13:00:00','2022-12-10 15:00:00',5.7),(842,'PR-ITBM',9,7,134,'2022-12-10 13:00:00','2022-12-10 15:00:00',4.3),(843,'PR-ITBM',9,7,152,'2022-12-10 13:00:00','2022-12-10 15:00:00',4.8),(844,'PR-ITBM',9,7,165,'2022-12-10 13:00:00','2022-12-10 15:00:00',4.4),(845,'PR-ITBM',9,7,174,'2022-12-10 13:00:00','2022-12-10 15:00:00',4.7),(846,'PR-ITBM',9,7,192,'2022-12-10 13:00:00','2022-12-10 15:00:00',4.8),(847,'PR-ITBM',9,7,202,'2022-12-10 13:00:00','2022-12-10 15:00:00',5.8),(848,'PR-ITBM',9,7,204,'2022-12-10 13:00:00','2022-12-10 15:00:00',5.6),(849,'PR-ITBM',9,7,208,'2022-12-10 13:00:00','2022-12-10 15:00:00',3.6),(850,'PR-ITBM',9,7,274,'2022-12-10 13:00:00','2022-12-10 15:00:00',4.4),(851,'PR-ITBM',9,7,298,'2022-12-10 13:00:00','2022-12-10 15:00:00',5.5),(852,'PR-ITBM',9,7,313,'2022-12-10 13:00:00','2022-12-10 15:00:00',2.6),(853,'PR-ITBM',9,7,352,'2022-12-10 13:00:00','2022-12-10 15:00:00',3.2),(854,'PR-SYEN',9,5,31,'2021-12-11 10:00:00','2021-12-11 12:00:00',5.9),(855,'PR-SYEN',9,5,87,'2021-12-11 10:00:00','2021-12-11 12:00:00',4.8),(856,'PR-SYEN',9,5,110,'2021-12-11 10:00:00','2021-12-11 12:00:00',4.8),(857,'PR-SYEN',9,5,167,'2021-12-11 10:00:00','2021-12-11 12:00:00',5.7),(858,'PR-SYEN',9,5,188,'2021-12-11 10:00:00','2021-12-11 12:00:00',5.3),(859,'PR-SYEN',9,5,189,'2021-12-11 10:00:00','2021-12-11 12:00:00',4.4),(860,'PR-SYEN',9,5,193,'2021-12-11 10:00:00','2021-12-11 12:00:00',5.2),(861,'PR-SYEN',9,5,229,'2021-12-11 10:00:00','2021-12-11 12:00:00',5.8),(862,'PR-SYEN',9,5,233,'2021-12-11 10:00:00','2021-12-11 12:00:00',4.7),(863,'PR-SYEN',9,5,271,'2021-12-11 10:00:00','2021-12-11 12:00:00',4.7),(864,'PR-SYEN',9,5,278,'2021-12-11 10:00:00','2021-12-11 12:00:00',6.0),(865,'PR-SYEN',9,5,302,'2021-12-11 10:00:00','2021-12-11 12:00:00',3.3),(866,'PR-SYEN',9,5,305,'2021-12-11 10:00:00','2021-12-11 12:00:00',4.9),(867,'PR-ITAR',9,13,31,'2024-06-02 10:00:00','2024-06-02 12:00:00',2.6),(868,'PR-ITAR',9,13,87,'2024-06-02 10:00:00','2024-06-02 12:00:00',2.6),(869,'PR-ITAR',9,13,110,'2024-06-02 10:00:00','2024-06-02 12:00:00',3.4),(870,'PR-ITAR',9,13,167,'2024-06-02 10:00:00','2024-06-02 12:00:00',3.0),(871,'PR-ITAR',9,13,188,'2024-06-02 10:00:00','2024-06-02 12:00:00',2.6),(872,'PR-ITAR',9,13,189,'2024-06-02 10:00:00','2024-06-02 12:00:00',5.3),(873,'PR-ITAR',9,13,193,'2024-06-02 10:00:00','2024-06-02 12:00:00',3.0),(874,'PR-ITAR',9,13,229,'2024-06-02 10:00:00','2024-06-02 12:00:00',4.6),(875,'PR-ITAR',9,13,233,'2024-06-02 10:00:00','2024-06-02 12:00:00',6.0),(876,'PR-ITAR',9,13,271,'2024-06-02 10:00:00','2024-06-02 12:00:00',3.0),(877,'PR-ITAR',9,13,278,'2024-06-02 10:00:00','2024-06-02 12:00:00',5.8),(878,'PR-ITAR',9,13,302,'2024-06-02 10:00:00','2024-06-02 12:00:00',3.2),(879,'PR-ITAR',9,13,305,'2024-06-02 10:00:00','2024-06-02 12:00:00',5.7),(880,'PR-DBWE',9,9,31,'2023-12-09 10:00:00','2023-12-09 12:00:00',5.8),(881,'PR-DBWE',9,9,87,'2023-12-09 10:00:00','2023-12-09 12:00:00',5.8),(882,'PR-DBWE',9,9,110,'2023-12-09 10:00:00','2023-12-09 12:00:00',5.7),(883,'PR-DBWE',9,9,167,'2023-12-09 10:00:00','2023-12-09 12:00:00',5.1),(884,'PR-DBWE',9,9,188,'2023-12-09 10:00:00','2023-12-09 12:00:00',5.5),(885,'PR-DBWE',9,9,189,'2023-12-09 10:00:00','2023-12-09 12:00:00',3.3),(886,'PR-DBWE',9,9,193,'2023-12-09 10:00:00','2023-12-09 12:00:00',4.9),(887,'PR-DBWE',9,9,229,'2023-12-09 10:00:00','2023-12-09 12:00:00',3.3),(888,'PR-DBWE',9,9,233,'2023-12-09 10:00:00','2023-12-09 12:00:00',5.6),(889,'PR-DBWE',9,9,271,'2023-12-09 10:00:00','2023-12-09 12:00:00',5.7),(890,'PR-DBWE',9,9,278,'2023-12-09 10:00:00','2023-12-09 12:00:00',5.7),(891,'PR-DBWE',9,9,302,'2023-12-09 10:00:00','2023-12-09 12:00:00',5.2),(892,'PR-DBWE',9,9,305,'2023-12-09 10:00:00','2023-12-09 12:00:00',4.6),(893,'PR-MATH',9,3,31,'2022-12-10 10:00:00','2022-12-10 12:00:00',5.7),(894,'PR-MATH',9,3,87,'2022-12-10 10:00:00','2022-12-10 12:00:00',5.3),(895,'PR-MATH',9,3,110,'2022-12-10 10:00:00','2022-12-10 12:00:00',4.8),(896,'PR-MATH',9,3,167,'2022-12-10 10:00:00','2022-12-10 12:00:00',3.2),(897,'PR-MATH',9,3,188,'2022-12-10 10:00:00','2022-12-10 12:00:00',5.7),(898,'PR-MATH',9,3,189,'2022-12-10 10:00:00','2022-12-10 12:00:00',2.8),(899,'PR-MATH',9,3,193,'2022-12-10 10:00:00','2022-12-10 12:00:00',6.0),(900,'PR-MATH',9,3,229,'2022-12-10 10:00:00','2022-12-10 12:00:00',5.5),(901,'PR-MATH',9,3,233,'2022-12-10 10:00:00','2022-12-10 12:00:00',5.4),(902,'PR-MATH',9,3,271,'2022-12-10 10:00:00','2022-12-10 12:00:00',6.0),(903,'PR-MATH',9,3,278,'2022-12-10 10:00:00','2022-12-10 12:00:00',5.2),(904,'PR-MATH',9,3,302,'2022-12-10 10:00:00','2022-12-10 12:00:00',6.0),(905,'PR-MATH',9,3,305,'2022-12-10 10:00:00','2022-12-10 12:00:00',5.8),(906,'PR-CLISE',9,8,31,'2022-12-10 10:00:00','2022-12-10 12:00:00',5.5),(907,'PR-CLISE',9,8,87,'2022-12-10 10:00:00','2022-12-10 12:00:00',5.2),(908,'PR-CLISE',9,8,110,'2022-12-10 10:00:00','2022-12-10 12:00:00',3.4),(909,'PR-CLISE',9,8,167,'2022-12-10 10:00:00','2022-12-10 12:00:00',5.6),(910,'PR-CLISE',9,8,188,'2022-12-10 10:00:00','2022-12-10 12:00:00',5.3),(911,'PR-CLISE',9,8,189,'2022-12-10 10:00:00','2022-12-10 12:00:00',4.9),(912,'PR-CLISE',9,8,193,'2022-12-10 10:00:00','2022-12-10 12:00:00',4.9),(913,'PR-CLISE',9,8,229,'2022-12-10 10:00:00','2022-12-10 12:00:00',5.7),(914,'PR-CLISE',9,8,233,'2022-12-10 10:00:00','2022-12-10 12:00:00',5.2),(915,'PR-CLISE',9,8,271,'2022-12-10 10:00:00','2022-12-10 12:00:00',2.6),(916,'PR-CLISE',9,8,278,'2022-12-10 10:00:00','2022-12-10 12:00:00',5.3),(917,'PR-CLISE',9,8,302,'2022-12-10 10:00:00','2022-12-10 12:00:00',2.9),(918,'PR-CLISE',9,8,305,'2022-12-10 10:00:00','2022-12-10 12:00:00',5.9),(919,'PR-ENGL',9,2,31,'2022-12-10 10:00:00','2022-12-10 12:00:00',6.0),(920,'PR-ENGL',9,2,87,'2022-12-10 10:00:00','2022-12-10 12:00:00',3.4),(921,'PR-ENGL',9,2,110,'2022-12-10 10:00:00','2022-12-10 12:00:00',5.8),(922,'PR-ENGL',9,2,167,'2022-12-10 10:00:00','2022-12-10 12:00:00',4.3),(923,'PR-ENGL',9,2,188,'2022-12-10 10:00:00','2022-12-10 12:00:00',5.2),(924,'PR-ENGL',9,2,189,'2022-12-10 10:00:00','2022-12-10 12:00:00',4.8),(925,'PR-ENGL',9,2,193,'2022-12-10 10:00:00','2022-12-10 12:00:00',5.0),(926,'PR-ENGL',9,2,229,'2022-12-10 10:00:00','2022-12-10 12:00:00',5.5),(927,'PR-ENGL',9,2,233,'2022-12-10 10:00:00','2022-12-10 12:00:00',4.6),(928,'PR-ENGL',9,2,271,'2022-12-10 10:00:00','2022-12-10 12:00:00',5.8),(929,'PR-ENGL',9,2,278,'2022-12-10 10:00:00','2022-12-10 12:00:00',5.5),(930,'PR-ENGL',9,2,302,'2022-12-10 10:00:00','2022-12-10 12:00:00',4.3),(931,'PR-ENGL',9,2,305,'2022-12-10 10:00:00','2022-12-10 12:00:00',5.9),(932,'PR-DEUT',9,1,31,'2022-12-10 10:00:00','2022-12-10 12:00:00',5.8),(933,'PR-DEUT',9,1,87,'2022-12-10 10:00:00','2022-12-10 12:00:00',5.5),(934,'PR-DEUT',9,1,110,'2022-12-10 10:00:00','2022-12-10 12:00:00',5.6),(935,'PR-DEUT',9,1,167,'2022-12-10 10:00:00','2022-12-10 12:00:00',5.2),(936,'PR-DEUT',9,1,188,'2022-12-10 10:00:00','2022-12-10 12:00:00',5.8),(937,'PR-DEUT',9,1,189,'2022-12-10 10:00:00','2022-12-10 12:00:00',5.1),(938,'PR-DEUT',9,1,193,'2022-12-10 10:00:00','2022-12-10 12:00:00',2.9),(939,'PR-DEUT',9,1,229,'2022-12-10 10:00:00','2022-12-10 12:00:00',4.9),(940,'PR-DEUT',9,1,233,'2022-12-10 10:00:00','2022-12-10 12:00:00',5.1),(941,'PR-DEUT',9,1,271,'2022-12-10 10:00:00','2022-12-10 12:00:00',5.8),(942,'PR-DEUT',9,1,278,'2022-12-10 10:00:00','2022-12-10 12:00:00',5.9),(943,'PR-DEUT',9,1,302,'2022-12-10 10:00:00','2022-12-10 12:00:00',4.3),(944,'PR-DEUT',9,1,305,'2022-12-10 10:00:00','2022-12-10 12:00:00',5.6),(945,'PR-LUBG',9,6,31,'2021-12-11 10:00:00','2021-12-11 12:00:00',2.9),(946,'PR-LUBG',9,6,87,'2021-12-11 10:00:00','2021-12-11 12:00:00',5.9),(947,'PR-LUBG',9,6,110,'2021-12-11 10:00:00','2021-12-11 12:00:00',5.3),(948,'PR-LUBG',9,6,167,'2021-12-11 10:00:00','2021-12-11 12:00:00',4.4),(949,'PR-LUBG',9,6,188,'2021-12-11 10:00:00','2021-12-11 12:00:00',5.6),(950,'PR-LUBG',9,6,189,'2021-12-11 10:00:00','2021-12-11 12:00:00',4.7),(951,'PR-LUBG',9,6,193,'2021-12-11 10:00:00','2021-12-11 12:00:00',6.0),(952,'PR-LUBG',9,6,229,'2021-12-11 10:00:00','2021-12-11 12:00:00',2.5),(953,'PR-LUBG',9,6,233,'2021-12-11 10:00:00','2021-12-11 12:00:00',5.8),(954,'PR-LUBG',9,6,271,'2021-12-11 10:00:00','2021-12-11 12:00:00',5.8),(955,'PR-LUBG',9,6,278,'2021-12-11 10:00:00','2021-12-11 12:00:00',5.9),(956,'PR-LUBG',9,6,302,'2021-12-11 10:00:00','2021-12-11 12:00:00',4.4),(957,'PR-LUBG',9,6,305,'2021-12-11 10:00:00','2021-12-11 12:00:00',5.9),(958,'PR-ITBM',9,7,31,'2022-06-01 10:00:00','2022-06-01 12:00:00',5.7),(959,'PR-ITBM',9,7,87,'2022-06-01 10:00:00','2022-06-01 12:00:00',5.9),(960,'PR-ITBM',9,7,110,'2022-06-01 10:00:00','2022-06-01 12:00:00',5.6),(961,'PR-ITBM',9,7,167,'2022-06-01 10:00:00','2022-06-01 12:00:00',5.7),(962,'PR-ITBM',9,7,188,'2022-06-01 10:00:00','2022-06-01 12:00:00',5.3),(963,'PR-ITBM',9,7,189,'2022-06-01 10:00:00','2022-06-01 12:00:00',2.5),(964,'PR-ITBM',9,7,193,'2022-06-01 10:00:00','2022-06-01 12:00:00',5.6),(965,'PR-ITBM',9,7,229,'2022-06-01 10:00:00','2022-06-01 12:00:00',5.6),(966,'PR-ITBM',9,7,233,'2022-06-01 10:00:00','2022-06-01 12:00:00',5.9),(967,'PR-ITBM',9,7,271,'2022-06-01 10:00:00','2022-06-01 12:00:00',5.8),(968,'PR-ITBM',9,7,278,'2022-06-01 10:00:00','2022-06-01 12:00:00',4.9),(969,'PR-ITBM',9,7,302,'2022-06-01 10:00:00','2022-06-01 12:00:00',6.0),(970,'PR-ITBM',9,7,305,'2022-06-01 10:00:00','2022-06-01 12:00:00',4.4),(971,'PR-SYEN',9,5,41,'2021-06-05 13:00:00','2021-06-05 15:00:00',5.1),(972,'PR-SYEN',9,5,67,'2021-06-05 13:00:00','2021-06-05 15:00:00',6.0),(973,'PR-SYEN',9,5,79,'2021-06-05 13:00:00','2021-06-05 15:00:00',6.0),(974,'PR-SYEN',9,5,80,'2021-06-05 13:00:00','2021-06-05 15:00:00',5.4),(975,'PR-SYEN',9,5,177,'2021-06-05 13:00:00','2021-06-05 15:00:00',2.9),(976,'PR-SYEN',9,5,187,'2021-06-05 13:00:00','2021-06-05 15:00:00',2.6),(977,'PR-SYEN',9,5,216,'2021-06-05 13:00:00','2021-06-05 15:00:00',5.3),(978,'PR-SYEN',9,5,217,'2021-06-05 13:00:00','2021-06-05 15:00:00',2.8),(979,'PR-SYEN',9,5,245,'2021-06-05 13:00:00','2021-06-05 15:00:00',5.7),(980,'PR-SYEN',9,5,304,'2021-06-05 13:00:00','2021-06-05 15:00:00',4.8),(981,'PR-SYEN',9,5,328,'2021-06-05 13:00:00','2021-06-05 15:00:00',5.7),(982,'PR-ITAR',9,13,41,'2023-12-02 13:00:00','2023-12-02 15:00:00',5.5),(983,'PR-ITAR',9,13,67,'2023-12-02 13:00:00','2023-12-02 15:00:00',5.2),(984,'PR-ITAR',9,13,79,'2023-12-02 13:00:00','2023-12-02 15:00:00',3.1),(985,'PR-ITAR',9,13,80,'2023-12-02 13:00:00','2023-12-02 15:00:00',5.5),(986,'PR-ITAR',9,13,177,'2023-12-02 13:00:00','2023-12-02 15:00:00',2.6),(987,'PR-ITAR',9,13,187,'2023-12-02 13:00:00','2023-12-02 15:00:00',5.9),(988,'PR-ITAR',9,13,216,'2023-12-02 13:00:00','2023-12-02 15:00:00',5.8),(989,'PR-ITAR',9,13,217,'2023-12-02 13:00:00','2023-12-02 15:00:00',5.9),(990,'PR-ITAR',9,13,245,'2023-12-02 13:00:00','2023-12-02 15:00:00',3.4),(991,'PR-ITAR',9,13,304,'2023-12-02 13:00:00','2023-12-02 15:00:00',4.7),(992,'PR-ITAR',9,13,328,'2023-12-02 13:00:00','2023-12-02 15:00:00',5.1),(993,'PR-DBWE',9,9,41,'2023-06-03 13:00:00','2023-06-03 15:00:00',2.6),(994,'PR-DBWE',9,9,67,'2023-06-03 13:00:00','2023-06-03 15:00:00',5.9),(995,'PR-DBWE',9,9,79,'2023-06-03 13:00:00','2023-06-03 15:00:00',5.2),(996,'PR-DBWE',9,9,80,'2023-06-03 13:00:00','2023-06-03 15:00:00',3.0),(997,'PR-DBWE',9,9,177,'2023-06-03 13:00:00','2023-06-03 15:00:00',3.0),(998,'PR-DBWE',9,9,187,'2023-06-03 13:00:00','2023-06-03 15:00:00',4.8),(999,'PR-DBWE',9,9,216,'2023-06-03 13:00:00','2023-06-03 15:00:00',3.3),(1000,'PR-DBWE',9,9,217,'2023-06-03 13:00:00','2023-06-03 15:00:00',2.9),(1001,'PR-DBWE',9,9,245,'2023-06-03 13:00:00','2023-06-03 15:00:00',5.3),(1002,'PR-DBWE',9,9,304,'2023-06-03 13:00:00','2023-06-03 15:00:00',5.2),(1003,'PR-DBWE',9,9,328,'2023-06-03 13:00:00','2023-06-03 15:00:00',5.8),(1004,'PR-MATH',9,3,41,'2022-06-11 08:30:00','2022-06-11 12:00:00',5.4),(1005,'PR-MATH',9,3,67,'2022-06-11 08:30:00','2022-06-11 12:00:00',5.7),(1006,'PR-MATH',9,3,79,'2022-06-11 08:30:00','2022-06-11 12:00:00',6.0),(1007,'PR-MATH',9,3,80,'2022-06-11 08:30:00','2022-06-11 12:00:00',5.7),(1008,'PR-MATH',9,3,177,'2022-06-11 08:30:00','2022-06-11 12:00:00',6.0),(1009,'PR-MATH',9,3,187,'2022-06-11 08:30:00','2022-06-11 12:00:00',4.8),(1010,'PR-MATH',9,3,216,'2022-06-11 08:30:00','2022-06-11 12:00:00',5.2),(1011,'PR-MATH',9,3,217,'2022-06-11 08:30:00','2022-06-11 12:00:00',6.0),(1012,'PR-MATH',9,3,245,'2022-06-11 08:30:00','2022-06-11 12:00:00',5.7),(1013,'PR-MATH',9,3,304,'2022-06-11 08:30:00','2022-06-11 12:00:00',5.3),(1014,'PR-MATH',9,3,328,'2022-06-11 08:30:00','2022-06-11 12:00:00',5.5),(1015,'PR-CLISE',9,8,41,'2022-06-14 13:00:00','2022-06-14 15:00:00',5.8),(1016,'PR-CLISE',9,8,67,'2022-06-14 13:00:00','2022-06-14 15:00:00',4.6),(1017,'PR-CLISE',9,8,79,'2022-06-14 13:00:00','2022-06-14 15:00:00',5.6),(1018,'PR-CLISE',9,8,80,'2022-06-14 13:00:00','2022-06-14 15:00:00',6.0),(1019,'PR-CLISE',9,8,177,'2022-06-14 13:00:00','2022-06-14 15:00:00',4.6),(1020,'PR-CLISE',9,8,187,'2022-06-14 13:00:00','2022-06-14 15:00:00',3.4),(1021,'PR-CLISE',9,8,216,'2022-06-14 13:00:00','2022-06-14 15:00:00',5.3),(1022,'PR-CLISE',9,8,217,'2022-06-14 13:00:00','2022-06-14 15:00:00',2.9),(1023,'PR-CLISE',9,8,245,'2022-06-14 13:00:00','2022-06-14 15:00:00',2.9),(1024,'PR-CLISE',9,8,304,'2022-06-14 13:00:00','2022-06-14 15:00:00',4.0),(1025,'PR-CLISE',9,8,328,'2022-06-14 13:00:00','2022-06-14 15:00:00',5.3),(1026,'PR-ENGL',9,2,41,'2021-11-06 10:00:00','2021-11-06 12:00:00',5.3),(1027,'PR-ENGL',9,2,67,'2021-11-06 10:00:00','2021-11-06 12:00:00',5.2),(1028,'PR-ENGL',9,2,79,'2021-11-06 10:00:00','2021-11-06 12:00:00',5.5),(1029,'PR-ENGL',9,2,80,'2021-11-06 10:00:00','2021-11-06 12:00:00',5.4),(1030,'PR-ENGL',9,2,177,'2021-11-06 10:00:00','2021-11-06 12:00:00',4.8),(1031,'PR-ENGL',9,2,187,'2021-11-06 10:00:00','2021-11-06 12:00:00',2.9),(1032,'PR-ENGL',9,2,216,'2021-11-06 10:00:00','2021-11-06 12:00:00',5.3),(1033,'PR-ENGL',9,2,217,'2021-11-06 10:00:00','2021-11-06 12:00:00',2.6),(1034,'PR-ENGL',9,2,245,'2021-11-06 10:00:00','2021-11-06 12:00:00',5.9),(1035,'PR-ENGL',9,2,304,'2021-11-06 10:00:00','2021-11-06 12:00:00',5.8),(1036,'PR-ENGL',9,2,328,'2021-11-06 10:00:00','2021-11-06 12:00:00',4.8),(1037,'PR-DEUT',9,1,41,'2021-11-27 10:00:00','2021-11-27 12:00:00',5.3),(1038,'PR-DEUT',9,1,67,'2021-11-27 10:00:00','2021-11-27 12:00:00',4.7),(1039,'PR-DEUT',9,1,79,'2021-11-27 10:00:00','2021-11-27 12:00:00',4.3),(1040,'PR-DEUT',9,1,80,'2021-11-27 10:00:00','2021-11-27 12:00:00',5.4),(1041,'PR-DEUT',9,1,177,'2021-11-27 10:00:00','2021-11-27 12:00:00',6.0),(1042,'PR-DEUT',9,1,187,'2021-11-27 10:00:00','2021-11-27 12:00:00',4.6),(1043,'PR-DEUT',9,1,216,'2021-11-27 10:00:00','2021-11-27 12:00:00',3.2),(1044,'PR-DEUT',9,1,217,'2021-11-27 10:00:00','2021-11-27 12:00:00',5.3),(1045,'PR-DEUT',9,1,245,'2021-11-27 10:00:00','2021-11-27 12:00:00',5.9),(1046,'PR-DEUT',9,1,304,'2021-11-27 10:00:00','2021-11-27 12:00:00',3.5),(1047,'PR-DEUT',9,1,328,'2021-11-27 10:00:00','2021-11-27 12:00:00',5.3),(1048,'PR-LUBG',9,6,41,'2021-06-12 08:30:00','2021-06-12 12:00:00',5.4),(1049,'PR-LUBG',9,6,67,'2021-06-12 08:30:00','2021-06-12 12:00:00',5.8),(1050,'PR-LUBG',9,6,79,'2021-06-12 08:30:00','2021-06-12 12:00:00',4.8),(1051,'PR-LUBG',9,6,80,'2021-06-12 08:30:00','2021-06-12 12:00:00',6.0),(1052,'PR-LUBG',9,6,177,'2021-06-12 08:30:00','2021-06-12 12:00:00',5.6),(1053,'PR-LUBG',9,6,187,'2021-06-12 08:30:00','2021-06-12 12:00:00',3.1),(1054,'PR-LUBG',9,6,216,'2021-06-12 08:30:00','2021-06-12 12:00:00',2.9),(1055,'PR-LUBG',9,6,217,'2021-06-12 08:30:00','2021-06-12 12:00:00',5.9),(1056,'PR-LUBG',9,6,245,'2021-06-12 08:30:00','2021-06-12 12:00:00',5.5),(1057,'PR-LUBG',9,6,304,'2021-06-12 08:30:00','2021-06-12 12:00:00',4.6),(1058,'PR-LUBG',9,6,328,'2021-06-12 08:30:00','2021-06-12 12:00:00',5.4),(1059,'PR-ITBM',9,7,41,'2021-07-03 10:00:00','2021-07-03 12:00:00',5.4),(1060,'PR-ITBM',9,7,67,'2021-07-03 10:00:00','2021-07-03 12:00:00',6.0),(1061,'PR-ITBM',9,7,79,'2021-07-03 10:00:00','2021-07-03 12:00:00',5.7),(1062,'PR-ITBM',9,7,80,'2021-07-03 10:00:00','2021-07-03 12:00:00',5.2),(1063,'PR-ITBM',9,7,177,'2021-07-03 10:00:00','2021-07-03 12:00:00',4.7),(1064,'PR-ITBM',9,7,187,'2021-07-03 10:00:00','2021-07-03 12:00:00',3.0),(1065,'PR-ITBM',9,7,216,'2021-07-03 10:00:00','2021-07-03 12:00:00',6.0),(1066,'PR-ITBM',9,7,217,'2021-07-03 10:00:00','2021-07-03 12:00:00',5.2),(1067,'PR-ITBM',9,7,245,'2021-07-03 10:00:00','2021-07-03 12:00:00',5.4),(1068,'PR-ITBM',9,7,304,'2021-07-03 10:00:00','2021-07-03 12:00:00',5.7),(1069,'PR-ITBM',9,7,328,'2021-07-03 10:00:00','2021-07-03 12:00:00',3.1),(1070,'PR-SYEN',9,5,1,'2020-12-05 10:00:00','2020-12-05 12:00:00',5.6),(1071,'PR-SYEN',9,5,8,'2020-12-05 10:00:00','2020-12-05 12:00:00',3.3),(1072,'PR-SYEN',9,5,27,'2020-12-05 10:00:00','2020-12-05 12:00:00',5.6),(1073,'PR-SYEN',9,5,104,'2020-12-05 10:00:00','2020-12-05 12:00:00',2.8),(1074,'PR-SYEN',9,5,158,'2020-12-05 10:00:00','2020-12-05 12:00:00',5.8),(1075,'PR-SYEN',9,5,164,'2020-12-05 10:00:00','2020-12-05 12:00:00',5.2),(1076,'PR-SYEN',9,5,200,'2020-12-05 10:00:00','2020-12-05 12:00:00',5.8),(1077,'PR-SYEN',9,5,269,'2020-12-05 10:00:00','2020-12-05 12:00:00',5.3),(1078,'PR-SYEN',9,5,312,'2020-12-05 10:00:00','2020-12-05 12:00:00',5.0),(1079,'PR-ITAR',9,13,1,'2023-06-03 10:00:00','2023-06-03 12:00:00',5.6),(1080,'PR-ITAR',9,13,8,'2023-06-03 10:00:00','2023-06-03 12:00:00',5.4),(1081,'PR-ITAR',9,13,27,'2023-06-03 10:00:00','2023-06-03 12:00:00',5.3),(1082,'PR-ITAR',9,13,104,'2023-06-03 10:00:00','2023-06-03 12:00:00',5.9),(1083,'PR-ITAR',9,13,158,'2023-06-03 10:00:00','2023-06-03 12:00:00',3.0),(1084,'PR-ITAR',9,13,164,'2023-06-03 10:00:00','2023-06-03 12:00:00',6.0),(1085,'PR-ITAR',9,13,200,'2023-06-03 10:00:00','2023-06-03 12:00:00',3.3),(1086,'PR-ITAR',9,13,269,'2023-06-03 10:00:00','2023-06-03 12:00:00',3.4),(1087,'PR-ITAR',9,13,312,'2023-06-03 10:00:00','2023-06-03 12:00:00',5.5),(1088,'PR-DBWE',9,9,1,'2022-12-03 10:00:00','2022-12-03 12:00:00',3.0),(1089,'PR-DBWE',9,9,8,'2022-12-03 10:00:00','2022-12-03 12:00:00',5.5),(1090,'PR-DBWE',9,9,27,'2022-12-03 10:00:00','2022-12-03 12:00:00',5.4),(1091,'PR-DBWE',9,9,104,'2022-12-03 10:00:00','2022-12-03 12:00:00',4.8),(1092,'PR-DBWE',9,9,158,'2022-12-03 10:00:00','2022-12-03 12:00:00',3.0),(1093,'PR-DBWE',9,9,164,'2022-12-03 10:00:00','2022-12-03 12:00:00',5.8),(1094,'PR-DBWE',9,9,200,'2022-12-03 10:00:00','2022-12-03 12:00:00',5.7),(1095,'PR-DBWE',9,9,269,'2022-12-03 10:00:00','2022-12-03 12:00:00',5.8),(1096,'PR-DBWE',9,9,312,'2022-12-03 10:00:00','2022-12-03 12:00:00',3.2),(1097,'PR-MATH',9,3,1,'2021-12-04 10:00:00','2021-12-04 12:00:00',3.4),(1098,'PR-MATH',9,3,8,'2021-12-04 10:00:00','2021-12-04 12:00:00',5.6),(1099,'PR-MATH',9,3,27,'2021-12-04 10:00:00','2021-12-04 12:00:00',3.6),(1100,'PR-MATH',9,3,104,'2021-12-04 10:00:00','2021-12-04 12:00:00',3.0),(1101,'PR-MATH',9,3,158,'2021-12-04 10:00:00','2021-12-04 12:00:00',5.6),(1102,'PR-MATH',9,3,164,'2021-12-04 10:00:00','2021-12-04 12:00:00',3.2),(1103,'PR-MATH',9,3,200,'2021-12-04 10:00:00','2021-12-04 12:00:00',2.9),(1104,'PR-MATH',9,3,269,'2021-12-04 10:00:00','2021-12-04 12:00:00',3.4),(1105,'PR-MATH',9,3,312,'2021-12-04 10:00:00','2021-12-04 12:00:00',5.7),(1106,'PR-CLISE',9,8,1,'2021-12-04 10:00:00','2021-12-04 12:00:00',5.3),(1107,'PR-CLISE',9,8,8,'2021-12-04 10:00:00','2021-12-04 12:00:00',5.6),(1108,'PR-CLISE',9,8,27,'2021-12-04 10:00:00','2021-12-04 12:00:00',3.7),(1109,'PR-CLISE',9,8,104,'2021-12-04 10:00:00','2021-12-04 12:00:00',5.3),(1110,'PR-CLISE',9,8,158,'2021-12-04 10:00:00','2021-12-04 12:00:00',5.7),(1111,'PR-CLISE',9,8,164,'2021-12-04 10:00:00','2021-12-04 12:00:00',2.8),(1112,'PR-CLISE',9,8,200,'2021-12-04 10:00:00','2021-12-04 12:00:00',4.9),(1113,'PR-CLISE',9,8,269,'2021-12-04 10:00:00','2021-12-04 12:00:00',5.4),(1114,'PR-CLISE',9,8,312,'2021-12-04 10:00:00','2021-12-04 12:00:00',4.7),(1115,'PR-ENGL',9,2,1,'2021-12-04 10:00:00','2021-12-04 12:00:00',3.4),(1116,'PR-ENGL',9,2,8,'2021-12-04 10:00:00','2021-12-04 12:00:00',5.1),(1117,'PR-ENGL',9,2,27,'2021-12-04 10:00:00','2021-12-04 12:00:00',5.4),(1118,'PR-ENGL',9,2,104,'2021-12-04 10:00:00','2021-12-04 12:00:00',2.6),(1119,'PR-ENGL',9,2,158,'2021-12-04 10:00:00','2021-12-04 12:00:00',6.0),(1120,'PR-ENGL',9,2,164,'2021-12-04 10:00:00','2021-12-04 12:00:00',2.5),(1121,'PR-ENGL',9,2,200,'2021-12-04 10:00:00','2021-12-04 12:00:00',3.6),(1122,'PR-ENGL',9,2,269,'2021-12-04 10:00:00','2021-12-04 12:00:00',5.7),(1123,'PR-ENGL',9,2,312,'2021-12-04 10:00:00','2021-12-04 12:00:00',2.5),(1124,'PR-DEUT',9,1,1,'2021-12-04 10:00:00','2021-12-04 12:00:00',4.7),(1125,'PR-DEUT',9,1,8,'2021-12-04 10:00:00','2021-12-04 12:00:00',5.2),(1126,'PR-DEUT',9,1,27,'2021-12-04 10:00:00','2021-12-04 12:00:00',4.6),(1127,'PR-DEUT',9,1,104,'2021-12-04 10:00:00','2021-12-04 12:00:00',2.8),(1128,'PR-DEUT',9,1,158,'2021-12-04 10:00:00','2021-12-04 12:00:00',5.9),(1129,'PR-DEUT',9,1,164,'2021-12-04 10:00:00','2021-12-04 12:00:00',5.8),(1130,'PR-DEUT',9,1,200,'2021-12-04 10:00:00','2021-12-04 12:00:00',5.3),(1131,'PR-DEUT',9,1,269,'2021-12-04 10:00:00','2021-12-04 12:00:00',5.7),(1132,'PR-DEUT',9,1,312,'2021-12-04 10:00:00','2021-12-04 12:00:00',4.3),(1133,'PR-LUBG',9,6,1,'2020-12-05 10:00:00','2020-12-05 12:00:00',5.9),(1134,'PR-LUBG',9,6,8,'2020-12-05 10:00:00','2020-12-05 12:00:00',5.0),(1135,'PR-LUBG',9,6,27,'2020-12-05 10:00:00','2020-12-05 12:00:00',4.4),(1136,'PR-LUBG',9,6,104,'2020-12-05 10:00:00','2020-12-05 12:00:00',4.4),(1137,'PR-LUBG',9,6,158,'2020-12-05 10:00:00','2020-12-05 12:00:00',3.2),(1138,'PR-LUBG',9,6,164,'2020-12-05 10:00:00','2020-12-05 12:00:00',5.6),(1139,'PR-LUBG',9,6,200,'2020-12-05 10:00:00','2020-12-05 12:00:00',5.3),(1140,'PR-LUBG',9,6,269,'2020-12-05 10:00:00','2020-12-05 12:00:00',3.0),(1141,'PR-LUBG',9,6,312,'2020-12-05 10:00:00','2020-12-05 12:00:00',2.9),(1142,'PR-ITBM',9,7,1,'2021-06-05 10:00:00','2021-06-05 12:00:00',3.2),(1143,'PR-ITBM',9,7,8,'2021-06-05 10:00:00','2021-06-05 12:00:00',5.6),(1144,'PR-ITBM',9,7,27,'2021-06-05 10:00:00','2021-06-05 12:00:00',2.8),(1145,'PR-ITBM',9,7,104,'2021-06-05 10:00:00','2021-06-05 12:00:00',5.6),(1146,'PR-ITBM',9,7,158,'2021-06-05 10:00:00','2021-06-05 12:00:00',3.2),(1147,'PR-ITBM',9,7,164,'2021-06-05 10:00:00','2021-06-05 12:00:00',3.0),(1148,'PR-ITBM',9,7,200,'2021-06-05 10:00:00','2021-06-05 12:00:00',5.9),(1149,'PR-ITBM',9,7,269,'2021-06-05 10:00:00','2021-06-05 12:00:00',5.8),(1150,'PR-ITBM',9,7,312,'2021-06-05 10:00:00','2021-06-05 12:00:00',5.5),(1151,'PR-SYEN',14,5,15,'2023-06-17 13:00:00','2023-06-17 15:00:00',6.0),(1152,'PR-SYEN',14,5,26,'2023-06-17 13:00:00','2023-06-17 15:00:00',5.7),(1153,'PR-SYEN',14,5,30,'2023-06-17 13:00:00','2023-06-17 15:00:00',5.8),(1154,'PR-SYEN',14,5,44,'2023-06-17 13:00:00','2023-06-17 15:00:00',5.3),(1155,'PR-SYEN',14,5,54,'2023-06-17 13:00:00','2023-06-17 15:00:00',5.0),(1156,'PR-SYEN',14,5,69,'2023-06-17 13:00:00','2023-06-17 15:00:00',5.2),(1157,'PR-SYEN',14,5,70,'2023-06-17 13:00:00','2023-06-17 15:00:00',5.9),(1158,'PR-SYEN',14,5,121,'2023-06-17 13:00:00','2023-06-17 15:00:00',5.8),(1159,'PR-SYEN',14,5,140,'2023-06-17 13:00:00','2023-06-17 15:00:00',5.8),(1160,'PR-SYEN',14,5,178,'2023-06-17 13:00:00','2023-06-17 15:00:00',2.8),(1161,'PR-SYEN',14,5,182,'2023-06-17 13:00:00','2023-06-17 15:00:00',5.6),(1162,'PR-SYEN',14,5,225,'2023-06-17 13:00:00','2023-06-17 15:00:00',5.1),(1163,'PR-SYEN',14,5,227,'2023-06-17 13:00:00','2023-06-17 15:00:00',5.0),(1164,'PR-SYEN',14,5,279,'2023-06-17 13:00:00','2023-06-17 15:00:00',5.6),(1165,'PR-ITAR',14,13,15,'2025-12-06 13:00:00','2025-12-06 15:00:00',3.6),(1166,'PR-ITAR',14,13,26,'2025-12-06 13:00:00','2025-12-06 15:00:00',3.0),(1167,'PR-ITAR',14,13,30,'2025-12-06 13:00:00','2025-12-06 15:00:00',5.8),(1168,'PR-ITAR',14,13,44,'2025-12-06 13:00:00','2025-12-06 15:00:00',5.1),(1169,'PR-ITAR',14,13,54,'2025-12-06 13:00:00','2025-12-06 15:00:00',2.8),(1170,'PR-ITAR',14,13,69,'2025-12-06 13:00:00','2025-12-06 15:00:00',3.0),(1171,'PR-ITAR',14,13,70,'2025-12-06 13:00:00','2025-12-06 15:00:00',2.6),(1172,'PR-ITAR',14,13,121,'2025-12-06 13:00:00','2025-12-06 15:00:00',4.9),(1173,'PR-ITAR',14,13,140,'2025-12-06 13:00:00','2025-12-06 15:00:00',5.8),(1174,'PR-ITAR',14,13,178,'2025-12-06 13:00:00','2025-12-06 15:00:00',5.7),(1175,'PR-ITAR',14,13,182,'2025-12-06 13:00:00','2025-12-06 15:00:00',5.9),(1176,'PR-ITAR',14,13,225,'2025-12-06 13:00:00','2025-12-06 15:00:00',4.9),(1177,'PR-ITAR',14,13,227,'2025-12-06 13:00:00','2025-12-06 15:00:00',5.7),(1178,'PR-ITAR',14,13,279,'2025-12-06 13:00:00','2025-12-06 15:00:00',5.7),(1179,'PR-DBWE',14,9,15,'2025-06-08 13:00:00','2025-06-08 15:00:00',3.4),(1180,'PR-DBWE',14,9,26,'2025-06-08 13:00:00','2025-06-08 15:00:00',5.6),(1181,'PR-DBWE',14,9,30,'2025-06-08 13:00:00','2025-06-08 15:00:00',5.4),(1182,'PR-DBWE',14,9,44,'2025-06-08 13:00:00','2025-06-08 15:00:00',5.3),(1183,'PR-DBWE',14,9,54,'2025-06-08 13:00:00','2025-06-08 15:00:00',5.6),(1184,'PR-DBWE',14,9,69,'2025-06-08 13:00:00','2025-06-08 15:00:00',5.6),(1185,'PR-DBWE',14,9,70,'2025-06-08 13:00:00','2025-06-08 15:00:00',5.4),(1186,'PR-DBWE',14,9,121,'2025-06-08 13:00:00','2025-06-08 15:00:00',5.7),(1187,'PR-DBWE',14,9,140,'2025-06-08 13:00:00','2025-06-08 15:00:00',2.8),(1188,'PR-DBWE',14,9,178,'2025-06-08 13:00:00','2025-06-08 15:00:00',4.6),(1189,'PR-DBWE',14,9,182,'2025-06-08 13:00:00','2025-06-08 15:00:00',3.1),(1190,'PR-DBWE',14,9,225,'2025-06-08 13:00:00','2025-06-08 15:00:00',5.6),(1191,'PR-DBWE',14,9,227,'2025-06-08 13:00:00','2025-06-08 15:00:00',3.0),(1192,'PR-DBWE',14,9,279,'2025-06-08 13:00:00','2025-06-08 15:00:00',5.4),(1193,'PR-MATH',14,3,15,'2024-06-02 13:00:00','2024-06-02 15:00:00',5.5),(1194,'PR-MATH',14,3,26,'2024-06-02 13:00:00','2024-06-02 15:00:00',5.4),(1195,'PR-MATH',14,3,30,'2024-06-02 13:00:00','2024-06-02 15:00:00',5.5),(1196,'PR-MATH',14,3,44,'2024-06-02 13:00:00','2024-06-02 15:00:00',5.8),(1197,'PR-MATH',14,3,54,'2024-06-02 13:00:00','2024-06-02 15:00:00',5.5),(1198,'PR-MATH',14,3,69,'2024-06-02 13:00:00','2024-06-02 15:00:00',2.9),(1199,'PR-MATH',14,3,70,'2024-06-02 13:00:00','2024-06-02 15:00:00',5.5),(1200,'PR-MATH',14,3,121,'2024-06-02 13:00:00','2024-06-02 15:00:00',3.6),(1201,'PR-MATH',14,3,140,'2024-06-02 13:00:00','2024-06-02 15:00:00',5.6),(1202,'PR-MATH',14,3,178,'2024-06-02 13:00:00','2024-06-02 15:00:00',6.0),(1203,'PR-MATH',14,3,182,'2024-06-02 13:00:00','2024-06-02 15:00:00',2.9),(1204,'PR-MATH',14,3,225,'2024-06-02 13:00:00','2024-06-02 15:00:00',5.5),(1205,'PR-MATH',14,3,227,'2024-06-02 13:00:00','2024-06-02 15:00:00',5.6),(1206,'PR-MATH',14,3,279,'2024-06-02 13:00:00','2024-06-02 15:00:00',5.7),(1207,'PR-CLISE',14,8,15,'2024-06-02 13:00:00','2024-06-02 15:00:00',2.9),(1208,'PR-CLISE',14,8,26,'2024-06-02 13:00:00','2024-06-02 15:00:00',5.4),(1209,'PR-CLISE',14,8,30,'2024-06-02 13:00:00','2024-06-02 15:00:00',5.9),(1210,'PR-CLISE',14,8,44,'2024-06-02 13:00:00','2024-06-02 15:00:00',4.7),(1211,'PR-CLISE',14,8,54,'2024-06-02 13:00:00','2024-06-02 15:00:00',5.7),(1212,'PR-CLISE',14,8,69,'2024-06-02 13:00:00','2024-06-02 15:00:00',5.4),(1213,'PR-CLISE',14,8,70,'2024-06-02 13:00:00','2024-06-02 15:00:00',5.9),(1214,'PR-CLISE',14,8,121,'2024-06-02 13:00:00','2024-06-02 15:00:00',5.5),(1215,'PR-CLISE',14,8,140,'2024-06-02 13:00:00','2024-06-02 15:00:00',5.7),(1216,'PR-CLISE',14,8,178,'2024-06-02 13:00:00','2024-06-02 15:00:00',5.9),(1217,'PR-CLISE',14,8,182,'2024-06-02 13:00:00','2024-06-02 15:00:00',5.2),(1218,'PR-CLISE',14,8,225,'2024-06-02 13:00:00','2024-06-02 15:00:00',2.9),(1219,'PR-CLISE',14,8,227,'2024-06-02 13:00:00','2024-06-02 15:00:00',3.4),(1220,'PR-CLISE',14,8,279,'2024-06-02 13:00:00','2024-06-02 15:00:00',5.7),(1221,'PR-ENGL',14,2,15,'2024-06-02 13:00:00','2024-06-02 15:00:00',5.4),(1222,'PR-ENGL',14,2,26,'2024-06-02 13:00:00','2024-06-02 15:00:00',5.8),(1223,'PR-ENGL',14,2,30,'2024-06-02 13:00:00','2024-06-02 15:00:00',5.4),(1224,'PR-ENGL',14,2,44,'2024-06-02 13:00:00','2024-06-02 15:00:00',6.0),(1225,'PR-ENGL',14,2,54,'2024-06-02 13:00:00','2024-06-02 15:00:00',5.6),(1226,'PR-ENGL',14,2,69,'2024-06-02 13:00:00','2024-06-02 15:00:00',5.6),(1227,'PR-ENGL',14,2,70,'2024-06-02 13:00:00','2024-06-02 15:00:00',5.5),(1228,'PR-ENGL',14,2,121,'2024-06-02 13:00:00','2024-06-02 15:00:00',6.0),(1229,'PR-ENGL',14,2,140,'2024-06-02 13:00:00','2024-06-02 15:00:00',3.6),(1230,'PR-ENGL',14,2,178,'2024-06-02 13:00:00','2024-06-02 15:00:00',2.9),(1231,'PR-ENGL',14,2,182,'2024-06-02 13:00:00','2024-06-02 15:00:00',5.6),(1232,'PR-ENGL',14,2,225,'2024-06-02 13:00:00','2024-06-02 15:00:00',3.6),(1233,'PR-ENGL',14,2,227,'2024-06-02 13:00:00','2024-06-02 15:00:00',4.9),(1234,'PR-ENGL',14,2,279,'2024-06-02 13:00:00','2024-06-02 15:00:00',3.4),(1235,'PR-DEUT',14,1,15,'2024-06-02 13:00:00','2024-06-02 15:00:00',5.8),(1236,'PR-DEUT',14,1,26,'2024-06-02 13:00:00','2024-06-02 15:00:00',2.9),(1237,'PR-DEUT',14,1,30,'2024-06-02 13:00:00','2024-06-02 15:00:00',5.1),(1238,'PR-DEUT',14,1,44,'2024-06-02 13:00:00','2024-06-02 15:00:00',5.5),(1239,'PR-DEUT',14,1,54,'2024-06-02 13:00:00','2024-06-02 15:00:00',2.8),(1240,'PR-DEUT',14,1,69,'2024-06-02 13:00:00','2024-06-02 15:00:00',5.2),(1241,'PR-DEUT',14,1,70,'2024-06-02 13:00:00','2024-06-02 15:00:00',5.4),(1242,'PR-DEUT',14,1,121,'2024-06-02 13:00:00','2024-06-02 15:00:00',2.6),(1243,'PR-DEUT',14,1,140,'2024-06-02 13:00:00','2024-06-02 15:00:00',5.7),(1244,'PR-DEUT',14,1,178,'2024-06-02 13:00:00','2024-06-02 15:00:00',5.5),(1245,'PR-DEUT',14,1,182,'2024-06-02 13:00:00','2024-06-02 15:00:00',5.9),(1246,'PR-DEUT',14,1,225,'2024-06-02 13:00:00','2024-06-02 15:00:00',4.4),(1247,'PR-DEUT',14,1,227,'2024-06-02 13:00:00','2024-06-02 15:00:00',5.1),(1248,'PR-DEUT',14,1,279,'2024-06-02 13:00:00','2024-06-02 15:00:00',5.8),(1249,'PR-LUBG',14,6,15,'2023-06-17 13:00:00','2023-06-17 15:00:00',5.4),(1250,'PR-LUBG',14,6,26,'2023-06-17 13:00:00','2023-06-17 15:00:00',5.5),(1251,'PR-LUBG',14,6,30,'2023-06-17 13:00:00','2023-06-17 15:00:00',3.1),(1252,'PR-LUBG',14,6,44,'2023-06-17 13:00:00','2023-06-17 15:00:00',3.6),(1253,'PR-LUBG',14,6,54,'2023-06-17 13:00:00','2023-06-17 15:00:00',5.8),(1254,'PR-LUBG',14,6,69,'2023-06-17 13:00:00','2023-06-17 15:00:00',5.5),(1255,'PR-LUBG',14,6,70,'2023-06-17 13:00:00','2023-06-17 15:00:00',4.6),(1256,'PR-LUBG',14,6,121,'2023-06-17 13:00:00','2023-06-17 15:00:00',5.8),(1257,'PR-LUBG',14,6,140,'2023-06-17 13:00:00','2023-06-17 15:00:00',6.0),(1258,'PR-LUBG',14,6,178,'2023-06-17 13:00:00','2023-06-17 15:00:00',5.7),(1259,'PR-LUBG',14,6,182,'2023-06-17 13:00:00','2023-06-17 15:00:00',3.2),(1260,'PR-LUBG',14,6,225,'2023-06-17 13:00:00','2023-06-17 15:00:00',5.3),(1261,'PR-LUBG',14,6,227,'2023-06-17 13:00:00','2023-06-17 15:00:00',5.8),(1262,'PR-LUBG',14,6,279,'2023-06-17 13:00:00','2023-06-17 15:00:00',4.9),(1263,'PR-ITBM',14,7,15,'2023-12-16 13:00:00','2023-12-16 15:00:00',2.8),(1264,'PR-ITBM',14,7,26,'2023-12-16 13:00:00','2023-12-16 15:00:00',4.6),(1265,'PR-ITBM',14,7,30,'2023-12-16 13:00:00','2023-12-16 15:00:00',3.1),(1266,'PR-ITBM',14,7,44,'2023-12-16 13:00:00','2023-12-16 15:00:00',5.9),(1267,'PR-ITBM',14,7,54,'2023-12-16 13:00:00','2023-12-16 15:00:00',5.2),(1268,'PR-ITBM',14,7,69,'2023-12-16 13:00:00','2023-12-16 15:00:00',3.1),(1269,'PR-ITBM',14,7,70,'2023-12-16 13:00:00','2023-12-16 15:00:00',5.5),(1270,'PR-ITBM',14,7,121,'2023-12-16 13:00:00','2023-12-16 15:00:00',4.4),(1271,'PR-ITBM',14,7,140,'2023-12-16 13:00:00','2023-12-16 15:00:00',5.2),(1272,'PR-ITBM',14,7,178,'2023-12-16 13:00:00','2023-12-16 15:00:00',6.0),(1273,'PR-ITBM',14,7,182,'2023-12-16 13:00:00','2023-12-16 15:00:00',5.6),(1274,'PR-ITBM',14,7,225,'2023-12-16 13:00:00','2023-12-16 15:00:00',4.6),(1275,'PR-ITBM',14,7,227,'2023-12-16 13:00:00','2023-12-16 15:00:00',5.2),(1276,'PR-ITBM',14,7,279,'2023-12-16 13:00:00','2023-12-16 15:00:00',3.2),(1277,'PR-SYEN',14,5,13,'2022-12-17 10:00:00','2022-12-17 12:00:00',5.5),(1278,'PR-SYEN',14,5,53,'2022-12-17 10:00:00','2022-12-17 12:00:00',5.9),(1279,'PR-SYEN',14,5,56,'2022-12-17 10:00:00','2022-12-17 12:00:00',5.0),(1280,'PR-SYEN',14,5,89,'2022-12-17 10:00:00','2022-12-17 12:00:00',5.9),(1281,'PR-SYEN',14,5,118,'2022-12-17 10:00:00','2022-12-17 12:00:00',5.8),(1282,'PR-SYEN',14,5,157,'2022-12-17 10:00:00','2022-12-17 12:00:00',5.7),(1283,'PR-SYEN',14,5,169,'2022-12-17 10:00:00','2022-12-17 12:00:00',4.7),(1284,'PR-SYEN',14,5,171,'2022-12-17 10:00:00','2022-12-17 12:00:00',5.1),(1285,'PR-SYEN',14,5,207,'2022-12-17 10:00:00','2022-12-17 12:00:00',2.9),(1286,'PR-SYEN',14,5,219,'2022-12-17 10:00:00','2022-12-17 12:00:00',4.8),(1287,'PR-SYEN',14,5,275,'2022-12-17 10:00:00','2022-12-17 12:00:00',4.7),(1288,'PR-SYEN',14,5,284,'2022-12-17 10:00:00','2022-12-17 12:00:00',5.8),(1289,'PR-SYEN',14,5,322,'2022-12-17 10:00:00','2022-12-17 12:00:00',5.9),(1290,'PR-ITAR',14,13,13,'2025-06-01 10:00:00','2025-06-01 12:00:00',3.1),(1291,'PR-ITAR',14,13,53,'2025-06-01 10:00:00','2025-06-01 12:00:00',5.2),(1292,'PR-ITAR',14,13,56,'2025-06-01 10:00:00','2025-06-01 12:00:00',5.6),(1293,'PR-ITAR',14,13,89,'2025-06-01 10:00:00','2025-06-01 12:00:00',3.0),(1294,'PR-ITAR',14,13,118,'2025-06-01 10:00:00','2025-06-01 12:00:00',6.0),(1295,'PR-ITAR',14,13,157,'2025-06-01 10:00:00','2025-06-01 12:00:00',5.1),(1296,'PR-ITAR',14,13,169,'2025-06-01 10:00:00','2025-06-01 12:00:00',3.1),(1297,'PR-ITAR',14,13,171,'2025-06-01 10:00:00','2025-06-01 12:00:00',5.6),(1298,'PR-ITAR',14,13,207,'2025-06-01 10:00:00','2025-06-01 12:00:00',3.3),(1299,'PR-ITAR',14,13,219,'2025-06-01 10:00:00','2025-06-01 12:00:00',4.9),(1300,'PR-ITAR',14,13,275,'2025-06-01 10:00:00','2025-06-01 12:00:00',3.6),(1301,'PR-ITAR',14,13,284,'2025-06-01 10:00:00','2025-06-01 12:00:00',2.9),(1302,'PR-ITAR',14,13,322,'2025-06-01 10:00:00','2025-06-01 12:00:00',5.3),(1303,'PR-DBWE',14,9,13,'2024-12-18 10:00:00','2024-12-18 12:00:00',5.9),(1304,'PR-DBWE',14,9,53,'2024-12-18 10:00:00','2024-12-18 12:00:00',4.8),(1305,'PR-DBWE',14,9,56,'2024-12-18 10:00:00','2024-12-18 12:00:00',4.9),(1306,'PR-DBWE',14,9,89,'2024-12-18 10:00:00','2024-12-18 12:00:00',5.4),(1307,'PR-DBWE',14,9,118,'2024-12-18 10:00:00','2024-12-18 12:00:00',2.9),(1308,'PR-DBWE',14,9,157,'2024-12-18 10:00:00','2024-12-18 12:00:00',2.6),(1309,'PR-DBWE',14,9,169,'2024-12-18 10:00:00','2024-12-18 12:00:00',5.9),(1310,'PR-DBWE',14,9,171,'2024-12-18 10:00:00','2024-12-18 12:00:00',5.9),(1311,'PR-DBWE',14,9,207,'2024-12-18 10:00:00','2024-12-18 12:00:00',5.4),(1312,'PR-DBWE',14,9,219,'2024-12-18 10:00:00','2024-12-18 12:00:00',3.1),(1313,'PR-DBWE',14,9,275,'2024-12-18 10:00:00','2024-12-18 12:00:00',4.7),(1314,'PR-DBWE',14,9,284,'2024-12-18 10:00:00','2024-12-18 12:00:00',3.4),(1315,'PR-DBWE',14,9,322,'2024-12-18 10:00:00','2024-12-18 12:00:00',4.9),(1316,'PR-MATH',14,3,13,'2023-12-16 10:00:00','2023-12-16 12:00:00',6.0),(1317,'PR-MATH',14,3,53,'2023-12-16 10:00:00','2023-12-16 12:00:00',3.4),(1318,'PR-MATH',14,3,56,'2023-12-16 10:00:00','2023-12-16 12:00:00',5.0),(1319,'PR-MATH',14,3,89,'2023-12-16 10:00:00','2023-12-16 12:00:00',6.0),(1320,'PR-MATH',14,3,118,'2023-12-16 10:00:00','2023-12-16 12:00:00',5.9),(1321,'PR-MATH',14,3,157,'2023-12-16 10:00:00','2023-12-16 12:00:00',5.1),(1322,'PR-MATH',14,3,169,'2023-12-16 10:00:00','2023-12-16 12:00:00',6.0),(1323,'PR-MATH',14,3,171,'2023-12-16 10:00:00','2023-12-16 12:00:00',5.5),(1324,'PR-MATH',14,3,207,'2023-12-16 10:00:00','2023-12-16 12:00:00',5.7),(1325,'PR-MATH',14,3,219,'2023-12-16 10:00:00','2023-12-16 12:00:00',5.7),(1326,'PR-MATH',14,3,275,'2023-12-16 10:00:00','2023-12-16 12:00:00',5.8),(1327,'PR-MATH',14,3,284,'2023-12-16 10:00:00','2023-12-16 12:00:00',5.4),(1328,'PR-MATH',14,3,322,'2023-12-16 10:00:00','2023-12-16 12:00:00',3.3),(1329,'PR-CLISE',14,8,13,'2023-12-16 10:00:00','2023-12-16 12:00:00',5.9),(1330,'PR-CLISE',14,8,53,'2023-12-16 10:00:00','2023-12-16 12:00:00',5.2),(1331,'PR-CLISE',14,8,56,'2023-12-16 10:00:00','2023-12-16 12:00:00',4.8),(1332,'PR-CLISE',14,8,89,'2023-12-16 10:00:00','2023-12-16 12:00:00',4.8),(1333,'PR-CLISE',14,8,118,'2023-12-16 10:00:00','2023-12-16 12:00:00',5.6),(1334,'PR-CLISE',14,8,157,'2023-12-16 10:00:00','2023-12-16 12:00:00',5.1),(1335,'PR-CLISE',14,8,169,'2023-12-16 10:00:00','2023-12-16 12:00:00',6.0),(1336,'PR-CLISE',14,8,171,'2023-12-16 10:00:00','2023-12-16 12:00:00',5.8),(1337,'PR-CLISE',14,8,207,'2023-12-16 10:00:00','2023-12-16 12:00:00',5.6),(1338,'PR-CLISE',14,8,219,'2023-12-16 10:00:00','2023-12-16 12:00:00',3.6),(1339,'PR-CLISE',14,8,275,'2023-12-16 10:00:00','2023-12-16 12:00:00',5.5),(1340,'PR-CLISE',14,8,284,'2023-12-16 10:00:00','2023-12-16 12:00:00',5.6),(1341,'PR-CLISE',14,8,322,'2023-12-16 10:00:00','2023-12-16 12:00:00',5.2),(1342,'PR-ENGL',14,2,13,'2023-12-16 10:00:00','2023-12-16 12:00:00',4.7),(1343,'PR-ENGL',14,2,53,'2023-12-16 10:00:00','2023-12-16 12:00:00',2.9),(1344,'PR-ENGL',14,2,56,'2023-12-16 10:00:00','2023-12-16 12:00:00',5.5),(1345,'PR-ENGL',14,2,89,'2023-12-16 10:00:00','2023-12-16 12:00:00',5.9),(1346,'PR-ENGL',14,2,118,'2023-12-16 10:00:00','2023-12-16 12:00:00',5.5),(1347,'PR-ENGL',14,2,157,'2023-12-16 10:00:00','2023-12-16 12:00:00',5.2),(1348,'PR-ENGL',14,2,169,'2023-12-16 10:00:00','2023-12-16 12:00:00',5.5),(1349,'PR-ENGL',14,2,171,'2023-12-16 10:00:00','2023-12-16 12:00:00',4.6),(1350,'PR-ENGL',14,2,207,'2023-12-16 10:00:00','2023-12-16 12:00:00',5.5),(1351,'PR-ENGL',14,2,219,'2023-12-16 10:00:00','2023-12-16 12:00:00',5.8),(1352,'PR-ENGL',14,2,275,'2023-12-16 10:00:00','2023-12-16 12:00:00',4.3),(1353,'PR-ENGL',14,2,284,'2023-12-16 10:00:00','2023-12-16 12:00:00',5.2),(1354,'PR-ENGL',14,2,322,'2023-12-16 10:00:00','2023-12-16 12:00:00',5.3),(1355,'PR-DEUT',14,1,13,'2023-12-16 10:00:00','2023-12-16 12:00:00',5.8),(1356,'PR-DEUT',14,1,53,'2023-12-16 10:00:00','2023-12-16 12:00:00',5.2),(1357,'PR-DEUT',14,1,56,'2023-12-16 10:00:00','2023-12-16 12:00:00',3.8),(1358,'PR-DEUT',14,1,89,'2023-12-16 10:00:00','2023-12-16 12:00:00',5.5),(1359,'PR-DEUT',14,1,118,'2023-12-16 10:00:00','2023-12-16 12:00:00',5.9),(1360,'PR-DEUT',14,1,157,'2023-12-16 10:00:00','2023-12-16 12:00:00',2.9),(1361,'PR-DEUT',14,1,169,'2023-12-16 10:00:00','2023-12-16 12:00:00',3.8),(1362,'PR-DEUT',14,1,171,'2023-12-16 10:00:00','2023-12-16 12:00:00',5.4),(1363,'PR-DEUT',14,1,207,'2023-12-16 10:00:00','2023-12-16 12:00:00',5.6),(1364,'PR-DEUT',14,1,219,'2023-12-16 10:00:00','2023-12-16 12:00:00',3.2),(1365,'PR-DEUT',14,1,275,'2023-12-16 10:00:00','2023-12-16 12:00:00',2.8),(1366,'PR-DEUT',14,1,284,'2023-12-16 10:00:00','2023-12-16 12:00:00',5.9),(1367,'PR-DEUT',14,1,322,'2023-12-16 10:00:00','2023-12-16 12:00:00',6.0),(1368,'PR-LUBG',14,6,13,'2022-12-17 10:00:00','2022-12-17 12:00:00',3.2),(1369,'PR-LUBG',14,6,53,'2022-12-17 10:00:00','2022-12-17 12:00:00',6.0),(1370,'PR-LUBG',14,6,56,'2022-12-17 10:00:00','2022-12-17 12:00:00',5.4),(1371,'PR-LUBG',14,6,89,'2022-12-17 10:00:00','2022-12-17 12:00:00',5.2),(1372,'PR-LUBG',14,6,118,'2022-12-17 10:00:00','2022-12-17 12:00:00',5.8),(1373,'PR-LUBG',14,6,157,'2022-12-17 10:00:00','2022-12-17 12:00:00',4.8),(1374,'PR-LUBG',14,6,169,'2022-12-17 10:00:00','2022-12-17 12:00:00',5.4),(1375,'PR-LUBG',14,6,171,'2022-12-17 10:00:00','2022-12-17 12:00:00',4.9),(1376,'PR-LUBG',14,6,207,'2022-12-17 10:00:00','2022-12-17 12:00:00',4.8),(1377,'PR-LUBG',14,6,219,'2022-12-17 10:00:00','2022-12-17 12:00:00',5.7),(1378,'PR-LUBG',14,6,275,'2022-12-17 10:00:00','2022-12-17 12:00:00',5.4),(1379,'PR-LUBG',14,6,284,'2022-12-17 10:00:00','2022-12-17 12:00:00',5.6),(1380,'PR-LUBG',14,6,322,'2022-12-17 10:00:00','2022-12-17 12:00:00',2.8),(1381,'PR-ITBM',14,7,13,'2023-06-17 10:00:00','2023-06-17 12:00:00',5.4),(1382,'PR-ITBM',14,7,53,'2023-06-17 10:00:00','2023-06-17 12:00:00',4.4),(1383,'PR-ITBM',14,7,56,'2023-06-17 10:00:00','2023-06-17 12:00:00',5.5),(1384,'PR-ITBM',14,7,89,'2023-06-17 10:00:00','2023-06-17 12:00:00',2.8),(1385,'PR-ITBM',14,7,118,'2023-06-17 10:00:00','2023-06-17 12:00:00',5.4),(1386,'PR-ITBM',14,7,157,'2023-06-17 10:00:00','2023-06-17 12:00:00',3.2),(1387,'PR-ITBM',14,7,169,'2023-06-17 10:00:00','2023-06-17 12:00:00',5.2),(1388,'PR-ITBM',14,7,171,'2023-06-17 10:00:00','2023-06-17 12:00:00',5.8),(1389,'PR-ITBM',14,7,207,'2023-06-17 10:00:00','2023-06-17 12:00:00',5.8),(1390,'PR-ITBM',14,7,219,'2023-06-17 10:00:00','2023-06-17 12:00:00',4.3),(1391,'PR-ITBM',14,7,275,'2023-06-17 10:00:00','2023-06-17 12:00:00',4.6),(1392,'PR-ITBM',14,7,284,'2023-06-17 10:00:00','2023-06-17 12:00:00',5.9),(1393,'PR-ITBM',14,7,322,'2023-06-17 10:00:00','2023-06-17 12:00:00',5.7),(1394,'PR-SYEN',14,5,5,'2022-06-01 13:00:00','2022-06-01 15:00:00',4.9),(1395,'PR-SYEN',14,5,6,'2022-06-01 13:00:00','2022-06-01 15:00:00',6.0),(1396,'PR-SYEN',14,5,22,'2022-06-01 13:00:00','2022-06-01 15:00:00',5.7),(1397,'PR-SYEN',14,5,145,'2022-06-01 13:00:00','2022-06-01 15:00:00',5.9),(1398,'PR-SYEN',14,5,181,'2022-06-01 13:00:00','2022-06-01 15:00:00',4.7),(1399,'PR-SYEN',14,5,251,'2022-06-01 13:00:00','2022-06-01 15:00:00',5.6),(1400,'PR-SYEN',14,5,260,'2022-06-01 13:00:00','2022-06-01 15:00:00',5.4),(1401,'PR-SYEN',14,5,316,'2022-06-01 13:00:00','2022-06-01 15:00:00',4.7),(1402,'PR-SYEN',14,5,324,'2022-06-01 13:00:00','2022-06-01 15:00:00',2.8),(1403,'PR-SYEN',14,5,339,'2022-06-01 13:00:00','2022-06-01 15:00:00',5.5),(1404,'PR-SYEN',14,5,340,'2022-06-01 13:00:00','2022-06-01 15:00:00',4.8),(1405,'PR-SYEN',14,5,348,'2022-06-01 13:00:00','2022-06-01 15:00:00',4.4),(1406,'PR-ITAR',14,13,5,'2024-12-18 13:00:00','2024-12-18 15:00:00',4.7),(1407,'PR-ITAR',14,13,6,'2024-12-18 13:00:00','2024-12-18 15:00:00',4.9),(1408,'PR-ITAR',14,13,22,'2024-12-18 13:00:00','2024-12-18 15:00:00',5.5),(1409,'PR-ITAR',14,13,145,'2024-12-18 13:00:00','2024-12-18 15:00:00',4.9),(1410,'PR-ITAR',14,13,181,'2024-12-18 13:00:00','2024-12-18 15:00:00',3.0),(1411,'PR-ITAR',14,13,251,'2024-12-18 13:00:00','2024-12-18 15:00:00',5.8),(1412,'PR-ITAR',14,13,260,'2024-12-18 13:00:00','2024-12-18 15:00:00',5.3),(1413,'PR-ITAR',14,13,316,'2024-12-18 13:00:00','2024-12-18 15:00:00',5.8),(1414,'PR-ITAR',14,13,324,'2024-12-18 13:00:00','2024-12-18 15:00:00',5.7),(1415,'PR-ITAR',14,13,339,'2024-12-18 13:00:00','2024-12-18 15:00:00',5.8),(1416,'PR-ITAR',14,13,340,'2024-12-18 13:00:00','2024-12-18 15:00:00',3.0),(1417,'PR-ITAR',14,13,348,'2024-12-18 13:00:00','2024-12-18 15:00:00',5.2),(1418,'PR-DBWE',14,9,5,'2024-06-02 13:00:00','2024-06-02 15:00:00',5.7),(1419,'PR-DBWE',14,9,6,'2024-06-02 13:00:00','2024-06-02 15:00:00',5.2),(1420,'PR-DBWE',14,9,22,'2024-06-02 13:00:00','2024-06-02 15:00:00',5.4),(1421,'PR-DBWE',14,9,145,'2024-06-02 13:00:00','2024-06-02 15:00:00',3.4),(1422,'PR-DBWE',14,9,181,'2024-06-02 13:00:00','2024-06-02 15:00:00',5.4),(1423,'PR-DBWE',14,9,251,'2024-06-02 13:00:00','2024-06-02 15:00:00',2.9),(1424,'PR-DBWE',14,9,260,'2024-06-02 13:00:00','2024-06-02 15:00:00',5.7),(1425,'PR-DBWE',14,9,316,'2024-06-02 13:00:00','2024-06-02 15:00:00',5.0),(1426,'PR-DBWE',14,9,324,'2024-06-02 13:00:00','2024-06-02 15:00:00',3.4),(1427,'PR-DBWE',14,9,339,'2024-06-02 13:00:00','2024-06-02 15:00:00',2.9),(1428,'PR-DBWE',14,9,340,'2024-06-02 13:00:00','2024-06-02 15:00:00',4.9),(1429,'PR-DBWE',14,9,348,'2024-06-02 13:00:00','2024-06-02 15:00:00',5.2),(1430,'PR-MATH',14,3,5,'2023-06-10 13:00:00','2023-06-10 15:00:00',2.9),(1431,'PR-MATH',14,3,6,'2023-06-10 13:00:00','2023-06-10 15:00:00',3.3),(1432,'PR-MATH',14,3,22,'2023-06-10 13:00:00','2023-06-10 15:00:00',5.9),(1433,'PR-MATH',14,3,145,'2023-06-10 13:00:00','2023-06-10 15:00:00',3.2),(1434,'PR-MATH',14,3,181,'2023-06-10 13:00:00','2023-06-10 15:00:00',5.7),(1435,'PR-MATH',14,3,251,'2023-06-10 13:00:00','2023-06-10 15:00:00',4.6),(1436,'PR-MATH',14,3,260,'2023-06-10 13:00:00','2023-06-10 15:00:00',5.8),(1437,'PR-MATH',14,3,316,'2023-06-10 13:00:00','2023-06-10 15:00:00',5.2),(1438,'PR-MATH',14,3,324,'2023-06-10 13:00:00','2023-06-10 15:00:00',5.3),(1439,'PR-MATH',14,3,339,'2023-06-10 13:00:00','2023-06-10 15:00:00',5.8),(1440,'PR-MATH',14,3,340,'2023-06-10 13:00:00','2023-06-10 15:00:00',2.9),(1441,'PR-MATH',14,3,348,'2023-06-10 13:00:00','2023-06-10 15:00:00',5.1),(1442,'PR-CLISE',14,8,5,'2023-06-10 13:00:00','2023-06-10 15:00:00',6.0),(1443,'PR-CLISE',14,8,6,'2023-06-10 13:00:00','2023-06-10 15:00:00',5.8),(1444,'PR-CLISE',14,8,22,'2023-06-10 13:00:00','2023-06-10 15:00:00',5.5),(1445,'PR-CLISE',14,8,145,'2023-06-10 13:00:00','2023-06-10 15:00:00',5.5),(1446,'PR-CLISE',14,8,181,'2023-06-10 13:00:00','2023-06-10 15:00:00',5.5),(1447,'PR-CLISE',14,8,251,'2023-06-10 13:00:00','2023-06-10 15:00:00',5.5),(1448,'PR-CLISE',14,8,260,'2023-06-10 13:00:00','2023-06-10 15:00:00',5.9),(1449,'PR-CLISE',14,8,316,'2023-06-10 13:00:00','2023-06-10 15:00:00',3.6),(1450,'PR-CLISE',14,8,324,'2023-06-10 13:00:00','2023-06-10 15:00:00',5.9),(1451,'PR-CLISE',14,8,339,'2023-06-10 13:00:00','2023-06-10 15:00:00',5.6),(1452,'PR-CLISE',14,8,340,'2023-06-10 13:00:00','2023-06-10 15:00:00',5.9),(1453,'PR-CLISE',14,8,348,'2023-06-10 13:00:00','2023-06-10 15:00:00',4.0),(1454,'PR-ENGL',14,2,5,'2023-06-10 13:00:00','2023-06-10 15:00:00',5.2),(1455,'PR-ENGL',14,2,6,'2023-06-10 13:00:00','2023-06-10 15:00:00',5.1),(1456,'PR-ENGL',14,2,22,'2023-06-10 13:00:00','2023-06-10 15:00:00',5.7),(1457,'PR-ENGL',14,2,145,'2023-06-10 13:00:00','2023-06-10 15:00:00',5.8),(1458,'PR-ENGL',14,2,181,'2023-06-10 13:00:00','2023-06-10 15:00:00',3.5),(1459,'PR-ENGL',14,2,251,'2023-06-10 13:00:00','2023-06-10 15:00:00',4.3),(1460,'PR-ENGL',14,2,260,'2023-06-10 13:00:00','2023-06-10 15:00:00',5.7),(1461,'PR-ENGL',14,2,316,'2023-06-10 13:00:00','2023-06-10 15:00:00',3.4),(1462,'PR-ENGL',14,2,324,'2023-06-10 13:00:00','2023-06-10 15:00:00',5.9),(1463,'PR-ENGL',14,2,339,'2023-06-10 13:00:00','2023-06-10 15:00:00',5.4),(1464,'PR-ENGL',14,2,340,'2023-06-10 13:00:00','2023-06-10 15:00:00',5.2),(1465,'PR-ENGL',14,2,348,'2023-06-10 13:00:00','2023-06-10 15:00:00',5.8),(1466,'PR-DEUT',14,1,5,'2023-06-10 13:00:00','2023-06-10 15:00:00',5.9),(1467,'PR-DEUT',14,1,6,'2023-06-10 13:00:00','2023-06-10 15:00:00',4.8),(1468,'PR-DEUT',14,1,22,'2023-06-10 13:00:00','2023-06-10 15:00:00',5.3),(1469,'PR-DEUT',14,1,145,'2023-06-10 13:00:00','2023-06-10 15:00:00',3.2),(1470,'PR-DEUT',14,1,181,'2023-06-10 13:00:00','2023-06-10 15:00:00',4.4),(1471,'PR-DEUT',14,1,251,'2023-06-10 13:00:00','2023-06-10 15:00:00',5.2),(1472,'PR-DEUT',14,1,260,'2023-06-10 13:00:00','2023-06-10 15:00:00',5.6),(1473,'PR-DEUT',14,1,316,'2023-06-10 13:00:00','2023-06-10 15:00:00',2.9),(1474,'PR-DEUT',14,1,324,'2023-06-10 13:00:00','2023-06-10 15:00:00',5.5),(1475,'PR-DEUT',14,1,339,'2023-06-10 13:00:00','2023-06-10 15:00:00',3.5),(1476,'PR-DEUT',14,1,340,'2023-06-10 13:00:00','2023-06-10 15:00:00',5.3),(1477,'PR-DEUT',14,1,348,'2023-06-10 13:00:00','2023-06-10 15:00:00',5.8),(1478,'PR-LUBG',14,6,5,'2022-06-01 13:00:00','2022-06-01 15:00:00',3.2),(1479,'PR-LUBG',14,6,6,'2022-06-01 13:00:00','2022-06-01 15:00:00',6.0),(1480,'PR-LUBG',14,6,22,'2022-06-01 13:00:00','2022-06-01 15:00:00',4.9),(1481,'PR-LUBG',14,6,145,'2022-06-01 13:00:00','2022-06-01 15:00:00',5.3),(1482,'PR-LUBG',14,6,181,'2022-06-01 13:00:00','2022-06-01 15:00:00',3.1),(1483,'PR-LUBG',14,6,251,'2022-06-01 13:00:00','2022-06-01 15:00:00',5.3),(1484,'PR-LUBG',14,6,260,'2022-06-01 13:00:00','2022-06-01 15:00:00',5.9),(1485,'PR-LUBG',14,6,316,'2022-06-01 13:00:00','2022-06-01 15:00:00',5.3),(1486,'PR-LUBG',14,6,324,'2022-06-01 13:00:00','2022-06-01 15:00:00',2.6),(1487,'PR-LUBG',14,6,339,'2022-06-01 13:00:00','2022-06-01 15:00:00',5.7),(1488,'PR-LUBG',14,6,340,'2022-06-01 13:00:00','2022-06-01 15:00:00',5.3),(1489,'PR-LUBG',14,6,348,'2022-06-01 13:00:00','2022-06-01 15:00:00',3.2),(1490,'PR-ITBM',14,7,5,'2022-12-10 13:00:00','2022-12-10 15:00:00',5.4),(1491,'PR-ITBM',14,7,6,'2022-12-10 13:00:00','2022-12-10 15:00:00',5.6),(1492,'PR-ITBM',14,7,22,'2022-12-10 13:00:00','2022-12-10 15:00:00',2.6),(1493,'PR-ITBM',14,7,145,'2022-12-10 13:00:00','2022-12-10 15:00:00',5.5),(1494,'PR-ITBM',14,7,181,'2022-12-10 13:00:00','2022-12-10 15:00:00',5.0),(1495,'PR-ITBM',14,7,251,'2022-12-10 13:00:00','2022-12-10 15:00:00',5.1),(1496,'PR-ITBM',14,7,260,'2022-12-10 13:00:00','2022-12-10 15:00:00',5.5),(1497,'PR-ITBM',14,7,316,'2022-12-10 13:00:00','2022-12-10 15:00:00',4.3),(1498,'PR-ITBM',14,7,324,'2022-12-10 13:00:00','2022-12-10 15:00:00',5.0),(1499,'PR-ITBM',14,7,339,'2022-12-10 13:00:00','2022-12-10 15:00:00',4.7),(1500,'PR-ITBM',14,7,340,'2022-12-10 13:00:00','2022-12-10 15:00:00',4.9),(1501,'PR-ITBM',14,7,348,'2022-12-10 13:00:00','2022-12-10 15:00:00',5.2),(1502,'PR-SYEN',14,5,51,'2021-12-11 10:00:00','2021-12-11 12:00:00',5.9),(1503,'PR-SYEN',14,5,77,'2021-12-11 10:00:00','2021-12-11 12:00:00',5.2),(1504,'PR-SYEN',14,5,97,'2021-12-11 10:00:00','2021-12-11 12:00:00',4.6),(1505,'PR-SYEN',14,5,127,'2021-12-11 10:00:00','2021-12-11 12:00:00',4.4),(1506,'PR-SYEN',14,5,130,'2021-12-11 10:00:00','2021-12-11 12:00:00',5.4),(1507,'PR-SYEN',14,5,154,'2021-12-11 10:00:00','2021-12-11 12:00:00',3.3),(1508,'PR-SYEN',14,5,213,'2021-12-11 10:00:00','2021-12-11 12:00:00',5.9),(1509,'PR-SYEN',14,5,215,'2021-12-11 10:00:00','2021-12-11 12:00:00',2.6),(1510,'PR-SYEN',14,5,240,'2021-12-11 10:00:00','2021-12-11 12:00:00',5.7),(1511,'PR-SYEN',14,5,262,'2021-12-11 10:00:00','2021-12-11 12:00:00',5.6),(1512,'PR-SYEN',14,5,281,'2021-12-11 10:00:00','2021-12-11 12:00:00',5.4),(1513,'PR-SYEN',14,5,287,'2021-12-11 10:00:00','2021-12-11 12:00:00',6.0),(1514,'PR-SYEN',14,5,330,'2021-12-11 10:00:00','2021-12-11 12:00:00',5.5),(1515,'PR-SYEN',14,5,342,'2021-12-11 10:00:00','2021-12-11 12:00:00',4.8),(1516,'PR-ITAR',14,13,51,'2024-06-02 10:00:00','2024-06-02 12:00:00',5.6),(1517,'PR-ITAR',14,13,77,'2024-06-02 10:00:00','2024-06-02 12:00:00',5.0),(1518,'PR-ITAR',14,13,97,'2024-06-02 10:00:00','2024-06-02 12:00:00',5.4),(1519,'PR-ITAR',14,13,127,'2024-06-02 10:00:00','2024-06-02 12:00:00',3.2),(1520,'PR-ITAR',14,13,130,'2024-06-02 10:00:00','2024-06-02 12:00:00',4.7),(1521,'PR-ITAR',14,13,154,'2024-06-02 10:00:00','2024-06-02 12:00:00',2.6),(1522,'PR-ITAR',14,13,213,'2024-06-02 10:00:00','2024-06-02 12:00:00',3.1),(1523,'PR-ITAR',14,13,215,'2024-06-02 10:00:00','2024-06-02 12:00:00',5.6),(1524,'PR-ITAR',14,13,240,'2024-06-02 10:00:00','2024-06-02 12:00:00',5.7),(1525,'PR-ITAR',14,13,262,'2024-06-02 10:00:00','2024-06-02 12:00:00',5.9),(1526,'PR-ITAR',14,13,281,'2024-06-02 10:00:00','2024-06-02 12:00:00',3.2),(1527,'PR-ITAR',14,13,287,'2024-06-02 10:00:00','2024-06-02 12:00:00',3.1),(1528,'PR-ITAR',14,13,330,'2024-06-02 10:00:00','2024-06-02 12:00:00',3.3),(1529,'PR-ITAR',14,13,342,'2024-06-02 10:00:00','2024-06-02 12:00:00',5.8),(1530,'PR-DBWE',14,9,51,'2023-12-09 10:00:00','2023-12-09 12:00:00',3.0),(1531,'PR-DBWE',14,9,77,'2023-12-09 10:00:00','2023-12-09 12:00:00',5.6),(1532,'PR-DBWE',14,9,97,'2023-12-09 10:00:00','2023-12-09 12:00:00',5.7),(1533,'PR-DBWE',14,9,127,'2023-12-09 10:00:00','2023-12-09 12:00:00',5.9),(1534,'PR-DBWE',14,9,130,'2023-12-09 10:00:00','2023-12-09 12:00:00',2.9),(1535,'PR-DBWE',14,9,154,'2023-12-09 10:00:00','2023-12-09 12:00:00',5.9),(1536,'PR-DBWE',14,9,213,'2023-12-09 10:00:00','2023-12-09 12:00:00',5.6),(1537,'PR-DBWE',14,9,215,'2023-12-09 10:00:00','2023-12-09 12:00:00',5.8),(1538,'PR-DBWE',14,9,240,'2023-12-09 10:00:00','2023-12-09 12:00:00',5.3),(1539,'PR-DBWE',14,9,262,'2023-12-09 10:00:00','2023-12-09 12:00:00',5.2),(1540,'PR-DBWE',14,9,281,'2023-12-09 10:00:00','2023-12-09 12:00:00',6.0),(1541,'PR-DBWE',14,9,287,'2023-12-09 10:00:00','2023-12-09 12:00:00',5.7),(1542,'PR-DBWE',14,9,330,'2023-12-09 10:00:00','2023-12-09 12:00:00',5.6),(1543,'PR-DBWE',14,9,342,'2023-12-09 10:00:00','2023-12-09 12:00:00',5.6),(1544,'PR-MATH',14,3,51,'2022-12-10 10:00:00','2022-12-10 12:00:00',4.7),(1545,'PR-MATH',14,3,77,'2022-12-10 10:00:00','2022-12-10 12:00:00',5.6),(1546,'PR-MATH',14,3,97,'2022-12-10 10:00:00','2022-12-10 12:00:00',5.7),(1547,'PR-MATH',14,3,127,'2022-12-10 10:00:00','2022-12-10 12:00:00',5.8),(1548,'PR-MATH',14,3,130,'2022-12-10 10:00:00','2022-12-10 12:00:00',5.5),(1549,'PR-MATH',14,3,154,'2022-12-10 10:00:00','2022-12-10 12:00:00',5.2),(1550,'PR-MATH',14,3,213,'2022-12-10 10:00:00','2022-12-10 12:00:00',3.2),(1551,'PR-MATH',14,3,215,'2022-12-10 10:00:00','2022-12-10 12:00:00',5.9),(1552,'PR-MATH',14,3,240,'2022-12-10 10:00:00','2022-12-10 12:00:00',5.2),(1553,'PR-MATH',14,3,262,'2022-12-10 10:00:00','2022-12-10 12:00:00',4.9),(1554,'PR-MATH',14,3,281,'2022-12-10 10:00:00','2022-12-10 12:00:00',5.2),(1555,'PR-MATH',14,3,287,'2022-12-10 10:00:00','2022-12-10 12:00:00',3.1),(1556,'PR-MATH',14,3,330,'2022-12-10 10:00:00','2022-12-10 12:00:00',5.1),(1557,'PR-MATH',14,3,342,'2022-12-10 10:00:00','2022-12-10 12:00:00',6.0),(1558,'PR-CLISE',14,8,51,'2022-12-10 10:00:00','2022-12-10 12:00:00',5.4),(1559,'PR-CLISE',14,8,77,'2022-12-10 10:00:00','2022-12-10 12:00:00',5.1),(1560,'PR-CLISE',14,8,97,'2022-12-10 10:00:00','2022-12-10 12:00:00',5.4),(1561,'PR-CLISE',14,8,127,'2022-12-10 10:00:00','2022-12-10 12:00:00',3.5),(1562,'PR-CLISE',14,8,130,'2022-12-10 10:00:00','2022-12-10 12:00:00',4.9),(1563,'PR-CLISE',14,8,154,'2022-12-10 10:00:00','2022-12-10 12:00:00',4.8),(1564,'PR-CLISE',14,8,213,'2022-12-10 10:00:00','2022-12-10 12:00:00',5.5),(1565,'PR-CLISE',14,8,215,'2022-12-10 10:00:00','2022-12-10 12:00:00',5.7),(1566,'PR-CLISE',14,8,240,'2022-12-10 10:00:00','2022-12-10 12:00:00',4.7),(1567,'PR-CLISE',14,8,262,'2022-12-10 10:00:00','2022-12-10 12:00:00',5.3),(1568,'PR-CLISE',14,8,281,'2022-12-10 10:00:00','2022-12-10 12:00:00',3.7),(1569,'PR-CLISE',14,8,287,'2022-12-10 10:00:00','2022-12-10 12:00:00',5.8),(1570,'PR-CLISE',14,8,330,'2022-12-10 10:00:00','2022-12-10 12:00:00',4.0),(1571,'PR-CLISE',14,8,342,'2022-12-10 10:00:00','2022-12-10 12:00:00',5.1),(1572,'PR-ENGL',14,2,51,'2022-12-10 10:00:00','2022-12-10 12:00:00',4.9),(1573,'PR-ENGL',14,2,77,'2022-12-10 10:00:00','2022-12-10 12:00:00',5.9),(1574,'PR-ENGL',14,2,97,'2022-12-10 10:00:00','2022-12-10 12:00:00',5.5),(1575,'PR-ENGL',14,2,127,'2022-12-10 10:00:00','2022-12-10 12:00:00',6.0),(1576,'PR-ENGL',14,2,130,'2022-12-10 10:00:00','2022-12-10 12:00:00',5.4),(1577,'PR-ENGL',14,2,154,'2022-12-10 10:00:00','2022-12-10 12:00:00',5.7),(1578,'PR-ENGL',14,2,213,'2022-12-10 10:00:00','2022-12-10 12:00:00',4.7),(1579,'PR-ENGL',14,2,215,'2022-12-10 10:00:00','2022-12-10 12:00:00',5.5),(1580,'PR-ENGL',14,2,240,'2022-12-10 10:00:00','2022-12-10 12:00:00',5.4),(1581,'PR-ENGL',14,2,262,'2022-12-10 10:00:00','2022-12-10 12:00:00',6.0),(1582,'PR-ENGL',14,2,281,'2022-12-10 10:00:00','2022-12-10 12:00:00',5.0),(1583,'PR-ENGL',14,2,287,'2022-12-10 10:00:00','2022-12-10 12:00:00',5.8),(1584,'PR-ENGL',14,2,330,'2022-12-10 10:00:00','2022-12-10 12:00:00',5.8),(1585,'PR-ENGL',14,2,342,'2022-12-10 10:00:00','2022-12-10 12:00:00',5.5),(1586,'PR-DEUT',14,1,51,'2022-12-10 10:00:00','2022-12-10 12:00:00',3.5),(1587,'PR-DEUT',14,1,77,'2022-12-10 10:00:00','2022-12-10 12:00:00',5.2),(1588,'PR-DEUT',14,1,97,'2022-12-10 10:00:00','2022-12-10 12:00:00',5.4),(1589,'PR-DEUT',14,1,127,'2022-12-10 10:00:00','2022-12-10 12:00:00',3.2),(1590,'PR-DEUT',14,1,130,'2022-12-10 10:00:00','2022-12-10 12:00:00',3.5),(1591,'PR-DEUT',14,1,154,'2022-12-10 10:00:00','2022-12-10 12:00:00',5.9),(1592,'PR-DEUT',14,1,213,'2022-12-10 10:00:00','2022-12-10 12:00:00',5.0),(1593,'PR-DEUT',14,1,215,'2022-12-10 10:00:00','2022-12-10 12:00:00',3.2),(1594,'PR-DEUT',14,1,240,'2022-12-10 10:00:00','2022-12-10 12:00:00',5.6),(1595,'PR-DEUT',14,1,262,'2022-12-10 10:00:00','2022-12-10 12:00:00',3.5),(1596,'PR-DEUT',14,1,281,'2022-12-10 10:00:00','2022-12-10 12:00:00',5.2),(1597,'PR-DEUT',14,1,287,'2022-12-10 10:00:00','2022-12-10 12:00:00',5.8),(1598,'PR-DEUT',14,1,330,'2022-12-10 10:00:00','2022-12-10 12:00:00',5.6),(1599,'PR-DEUT',14,1,342,'2022-12-10 10:00:00','2022-12-10 12:00:00',5.7),(1600,'PR-LUBG',14,6,51,'2021-12-11 10:00:00','2021-12-11 12:00:00',2.9),(1601,'PR-LUBG',14,6,77,'2021-12-11 10:00:00','2021-12-11 12:00:00',5.8),(1602,'PR-LUBG',14,6,97,'2021-12-11 10:00:00','2021-12-11 12:00:00',3.0),(1603,'PR-LUBG',14,6,127,'2021-12-11 10:00:00','2021-12-11 12:00:00',2.9),(1604,'PR-LUBG',14,6,130,'2021-12-11 10:00:00','2021-12-11 12:00:00',5.2),(1605,'PR-LUBG',14,6,154,'2021-12-11 10:00:00','2021-12-11 12:00:00',5.8),(1606,'PR-LUBG',14,6,213,'2021-12-11 10:00:00','2021-12-11 12:00:00',3.2),(1607,'PR-LUBG',14,6,215,'2021-12-11 10:00:00','2021-12-11 12:00:00',5.8),(1608,'PR-LUBG',14,6,240,'2021-12-11 10:00:00','2021-12-11 12:00:00',4.4),(1609,'PR-LUBG',14,6,262,'2021-12-11 10:00:00','2021-12-11 12:00:00',3.1),(1610,'PR-LUBG',14,6,281,'2021-12-11 10:00:00','2021-12-11 12:00:00',5.8),(1611,'PR-LUBG',14,6,287,'2021-12-11 10:00:00','2021-12-11 12:00:00',5.0),(1612,'PR-LUBG',14,6,330,'2021-12-11 10:00:00','2021-12-11 12:00:00',3.2),(1613,'PR-LUBG',14,6,342,'2021-12-11 10:00:00','2021-12-11 12:00:00',5.7),(1614,'PR-ITBM',14,7,51,'2022-06-01 10:00:00','2022-06-01 12:00:00',2.6),(1615,'PR-ITBM',14,7,77,'2022-06-01 10:00:00','2022-06-01 12:00:00',5.9),(1616,'PR-ITBM',14,7,97,'2022-06-01 10:00:00','2022-06-01 12:00:00',5.2),(1617,'PR-ITBM',14,7,127,'2022-06-01 10:00:00','2022-06-01 12:00:00',2.8),(1618,'PR-ITBM',14,7,130,'2022-06-01 10:00:00','2022-06-01 12:00:00',2.6),(1619,'PR-ITBM',14,7,154,'2022-06-01 10:00:00','2022-06-01 12:00:00',5.4),(1620,'PR-ITBM',14,7,213,'2022-06-01 10:00:00','2022-06-01 12:00:00',3.6),(1621,'PR-ITBM',14,7,215,'2022-06-01 10:00:00','2022-06-01 12:00:00',5.7),(1622,'PR-ITBM',14,7,240,'2022-06-01 10:00:00','2022-06-01 12:00:00',2.8),(1623,'PR-ITBM',14,7,262,'2022-06-01 10:00:00','2022-06-01 12:00:00',6.0),(1624,'PR-ITBM',14,7,281,'2022-06-01 10:00:00','2022-06-01 12:00:00',5.8),(1625,'PR-ITBM',14,7,287,'2022-06-01 10:00:00','2022-06-01 12:00:00',5.8),(1626,'PR-ITBM',14,7,330,'2022-06-01 10:00:00','2022-06-01 12:00:00',3.0),(1627,'PR-ITBM',14,7,342,'2022-06-01 10:00:00','2022-06-01 12:00:00',5.5),(1628,'PR-SYEN',14,5,11,'2021-06-05 13:00:00','2021-06-05 15:00:00',6.0),(1629,'PR-SYEN',14,5,19,'2021-06-05 13:00:00','2021-06-05 15:00:00',5.0),(1630,'PR-SYEN',14,5,23,'2021-06-05 13:00:00','2021-06-05 15:00:00',5.6),(1631,'PR-SYEN',14,5,60,'2021-06-05 13:00:00','2021-06-05 15:00:00',5.1),(1632,'PR-SYEN',14,5,78,'2021-06-05 13:00:00','2021-06-05 15:00:00',4.8),(1633,'PR-SYEN',14,5,88,'2021-06-05 13:00:00','2021-06-05 15:00:00',5.0),(1634,'PR-SYEN',14,5,90,'2021-06-05 13:00:00','2021-06-05 15:00:00',5.6),(1635,'PR-SYEN',14,5,100,'2021-06-05 13:00:00','2021-06-05 15:00:00',5.0),(1636,'PR-SYEN',14,5,147,'2021-06-05 13:00:00','2021-06-05 15:00:00',3.6),(1637,'PR-SYEN',14,5,153,'2021-06-05 13:00:00','2021-06-05 15:00:00',5.4),(1638,'PR-SYEN',14,5,195,'2021-06-05 13:00:00','2021-06-05 15:00:00',5.5),(1639,'PR-SYEN',14,5,242,'2021-06-05 13:00:00','2021-06-05 15:00:00',5.9),(1640,'PR-SYEN',14,5,265,'2021-06-05 13:00:00','2021-06-05 15:00:00',5.2),(1641,'PR-SYEN',14,5,297,'2021-06-05 13:00:00','2021-06-05 15:00:00',5.8),(1642,'PR-SYEN',14,5,301,'2021-06-05 13:00:00','2021-06-05 15:00:00',3.5),(1643,'PR-SYEN',14,5,319,'2021-06-05 13:00:00','2021-06-05 15:00:00',5.2),(1644,'PR-ITAR',14,13,11,'2023-12-02 13:00:00','2023-12-02 15:00:00',5.0),(1645,'PR-ITAR',14,13,19,'2023-12-02 13:00:00','2023-12-02 15:00:00',5.7),(1646,'PR-ITAR',14,13,23,'2023-12-02 13:00:00','2023-12-02 15:00:00',5.7),(1647,'PR-ITAR',14,13,60,'2023-12-02 13:00:00','2023-12-02 15:00:00',3.1),(1648,'PR-ITAR',14,13,78,'2023-12-02 13:00:00','2023-12-02 15:00:00',2.9),(1649,'PR-ITAR',14,13,88,'2023-12-02 13:00:00','2023-12-02 15:00:00',2.9),(1650,'PR-ITAR',14,13,90,'2023-12-02 13:00:00','2023-12-02 15:00:00',3.0),(1651,'PR-ITAR',14,13,100,'2023-12-02 13:00:00','2023-12-02 15:00:00',5.0),(1652,'PR-ITAR',14,13,147,'2023-12-02 13:00:00','2023-12-02 15:00:00',5.3),(1653,'PR-ITAR',14,13,153,'2023-12-02 13:00:00','2023-12-02 15:00:00',2.9),(1654,'PR-ITAR',14,13,195,'2023-12-02 13:00:00','2023-12-02 15:00:00',3.3),(1655,'PR-ITAR',14,13,242,'2023-12-02 13:00:00','2023-12-02 15:00:00',5.8),(1656,'PR-ITAR',14,13,265,'2023-12-02 13:00:00','2023-12-02 15:00:00',3.4),(1657,'PR-ITAR',14,13,297,'2023-12-02 13:00:00','2023-12-02 15:00:00',6.0),(1658,'PR-ITAR',14,13,301,'2023-12-02 13:00:00','2023-12-02 15:00:00',5.3),(1659,'PR-ITAR',14,13,319,'2023-12-02 13:00:00','2023-12-02 15:00:00',3.2),(1660,'PR-DBWE',14,9,11,'2023-06-03 13:00:00','2023-06-03 15:00:00',5.0),(1661,'PR-DBWE',14,9,19,'2023-06-03 13:00:00','2023-06-03 15:00:00',5.0),(1662,'PR-DBWE',14,9,23,'2023-06-03 13:00:00','2023-06-03 15:00:00',5.8),(1663,'PR-DBWE',14,9,60,'2023-06-03 13:00:00','2023-06-03 15:00:00',5.6),(1664,'PR-DBWE',14,9,78,'2023-06-03 13:00:00','2023-06-03 15:00:00',5.2),(1665,'PR-DBWE',14,9,88,'2023-06-03 13:00:00','2023-06-03 15:00:00',5.6),(1666,'PR-DBWE',14,9,90,'2023-06-03 13:00:00','2023-06-03 15:00:00',5.1),(1667,'PR-DBWE',14,9,100,'2023-06-03 13:00:00','2023-06-03 15:00:00',5.1),(1668,'PR-DBWE',14,9,147,'2023-06-03 13:00:00','2023-06-03 15:00:00',5.3),(1669,'PR-DBWE',14,9,153,'2023-06-03 13:00:00','2023-06-03 15:00:00',5.7),(1670,'PR-DBWE',14,9,195,'2023-06-03 13:00:00','2023-06-03 15:00:00',3.2),(1671,'PR-DBWE',14,9,242,'2023-06-03 13:00:00','2023-06-03 15:00:00',3.4),(1672,'PR-DBWE',14,9,265,'2023-06-03 13:00:00','2023-06-03 15:00:00',5.7),(1673,'PR-DBWE',14,9,297,'2023-06-03 13:00:00','2023-06-03 15:00:00',4.9),(1674,'PR-DBWE',14,9,301,'2023-06-03 13:00:00','2023-06-03 15:00:00',5.7),(1675,'PR-DBWE',14,9,319,'2023-06-03 13:00:00','2023-06-03 15:00:00',5.3),(1676,'PR-MATH',14,3,11,'2022-06-11 08:30:00','2022-06-11 12:00:00',2.9),(1677,'PR-MATH',14,3,19,'2022-06-11 08:30:00','2022-06-11 12:00:00',3.0),(1678,'PR-MATH',14,3,23,'2022-06-11 08:30:00','2022-06-11 12:00:00',5.0),(1679,'PR-MATH',14,3,60,'2022-06-11 08:30:00','2022-06-11 12:00:00',5.3),(1680,'PR-MATH',14,3,78,'2022-06-11 08:30:00','2022-06-11 12:00:00',3.1),(1681,'PR-MATH',14,3,88,'2022-06-11 08:30:00','2022-06-11 12:00:00',5.0),(1682,'PR-MATH',14,3,90,'2022-06-11 08:30:00','2022-06-11 12:00:00',5.1),(1683,'PR-MATH',14,3,100,'2022-06-11 08:30:00','2022-06-11 12:00:00',5.5),(1684,'PR-MATH',14,3,147,'2022-06-11 08:30:00','2022-06-11 12:00:00',3.2),(1685,'PR-MATH',14,3,153,'2022-06-11 08:30:00','2022-06-11 12:00:00',3.0),(1686,'PR-MATH',14,3,195,'2022-06-11 08:30:00','2022-06-11 12:00:00',5.8),(1687,'PR-MATH',14,3,242,'2022-06-11 08:30:00','2022-06-11 12:00:00',5.5),(1688,'PR-MATH',14,3,265,'2022-06-11 08:30:00','2022-06-11 12:00:00',3.6),(1689,'PR-MATH',14,3,297,'2022-06-11 08:30:00','2022-06-11 12:00:00',5.3),(1690,'PR-MATH',14,3,301,'2022-06-11 08:30:00','2022-06-11 12:00:00',5.9),(1691,'PR-MATH',14,3,319,'2022-06-11 08:30:00','2022-06-11 12:00:00',5.7),(1692,'PR-CLISE',14,8,11,'2022-06-14 13:00:00','2022-06-14 15:00:00',5.5),(1693,'PR-CLISE',14,8,19,'2022-06-14 13:00:00','2022-06-14 15:00:00',3.6),(1694,'PR-CLISE',14,8,23,'2022-06-14 13:00:00','2022-06-14 15:00:00',5.5),(1695,'PR-CLISE',14,8,60,'2022-06-14 13:00:00','2022-06-14 15:00:00',5.4),(1696,'PR-CLISE',14,8,78,'2022-06-14 13:00:00','2022-06-14 15:00:00',5.7),(1697,'PR-CLISE',14,8,88,'2022-06-14 13:00:00','2022-06-14 15:00:00',5.6),(1698,'PR-CLISE',14,8,90,'2022-06-14 13:00:00','2022-06-14 15:00:00',4.9),(1699,'PR-CLISE',14,8,100,'2022-06-14 13:00:00','2022-06-14 15:00:00',3.5),(1700,'PR-CLISE',14,8,147,'2022-06-14 13:00:00','2022-06-14 15:00:00',5.9),(1701,'PR-CLISE',14,8,153,'2022-06-14 13:00:00','2022-06-14 15:00:00',6.0),(1702,'PR-CLISE',14,8,195,'2022-06-14 13:00:00','2022-06-14 15:00:00',4.8),(1703,'PR-CLISE',14,8,242,'2022-06-14 13:00:00','2022-06-14 15:00:00',5.8),(1704,'PR-CLISE',14,8,265,'2022-06-14 13:00:00','2022-06-14 15:00:00',5.9),(1705,'PR-CLISE',14,8,297,'2022-06-14 13:00:00','2022-06-14 15:00:00',5.5),(1706,'PR-CLISE',14,8,301,'2022-06-14 13:00:00','2022-06-14 15:00:00',5.9),(1707,'PR-CLISE',14,8,319,'2022-06-14 13:00:00','2022-06-14 15:00:00',5.1),(1708,'PR-ENGL',14,2,11,'2021-11-06 10:00:00','2021-11-06 12:00:00',3.5),(1709,'PR-ENGL',14,2,19,'2021-11-06 10:00:00','2021-11-06 12:00:00',5.7),(1710,'PR-ENGL',14,2,23,'2021-11-06 10:00:00','2021-11-06 12:00:00',5.9),(1711,'PR-ENGL',14,2,60,'2021-11-06 10:00:00','2021-11-06 12:00:00',5.8),(1712,'PR-ENGL',14,2,78,'2021-11-06 10:00:00','2021-11-06 12:00:00',5.7),(1713,'PR-ENGL',14,2,88,'2021-11-06 10:00:00','2021-11-06 12:00:00',4.9),(1714,'PR-ENGL',14,2,90,'2021-11-06 10:00:00','2021-11-06 12:00:00',5.5),(1715,'PR-ENGL',14,2,100,'2021-11-06 10:00:00','2021-11-06 12:00:00',4.3),(1716,'PR-ENGL',14,2,147,'2021-11-06 10:00:00','2021-11-06 12:00:00',4.3),(1717,'PR-ENGL',14,2,153,'2021-11-06 10:00:00','2021-11-06 12:00:00',6.0),(1718,'PR-ENGL',14,2,195,'2021-11-06 10:00:00','2021-11-06 12:00:00',5.9),(1719,'PR-ENGL',14,2,242,'2021-11-06 10:00:00','2021-11-06 12:00:00',6.0),(1720,'PR-ENGL',14,2,265,'2021-11-06 10:00:00','2021-11-06 12:00:00',3.6),(1721,'PR-ENGL',14,2,297,'2021-11-06 10:00:00','2021-11-06 12:00:00',5.8),(1722,'PR-ENGL',14,2,301,'2021-11-06 10:00:00','2021-11-06 12:00:00',3.6),(1723,'PR-ENGL',14,2,319,'2021-11-06 10:00:00','2021-11-06 12:00:00',2.9),(1724,'PR-DEUT',14,1,11,'2021-11-27 10:00:00','2021-11-27 12:00:00',5.9),(1725,'PR-DEUT',14,1,19,'2021-11-27 10:00:00','2021-11-27 12:00:00',5.5),(1726,'PR-DEUT',14,1,23,'2021-11-27 10:00:00','2021-11-27 12:00:00',5.9),(1727,'PR-DEUT',14,1,60,'2021-11-27 10:00:00','2021-11-27 12:00:00',5.3),(1728,'PR-DEUT',14,1,78,'2021-11-27 10:00:00','2021-11-27 12:00:00',5.4),(1729,'PR-DEUT',14,1,88,'2021-11-27 10:00:00','2021-11-27 12:00:00',2.8),(1730,'PR-DEUT',14,1,90,'2021-11-27 10:00:00','2021-11-27 12:00:00',5.7),(1731,'PR-DEUT',14,1,100,'2021-11-27 10:00:00','2021-11-27 12:00:00',5.1),(1732,'PR-DEUT',14,1,147,'2021-11-27 10:00:00','2021-11-27 12:00:00',4.6),(1733,'PR-DEUT',14,1,153,'2021-11-27 10:00:00','2021-11-27 12:00:00',4.3),(1734,'PR-DEUT',14,1,195,'2021-11-27 10:00:00','2021-11-27 12:00:00',5.6),(1735,'PR-DEUT',14,1,242,'2021-11-27 10:00:00','2021-11-27 12:00:00',2.6),(1736,'PR-DEUT',14,1,265,'2021-11-27 10:00:00','2021-11-27 12:00:00',5.3),(1737,'PR-DEUT',14,1,297,'2021-11-27 10:00:00','2021-11-27 12:00:00',4.3),(1738,'PR-DEUT',14,1,301,'2021-11-27 10:00:00','2021-11-27 12:00:00',5.0),(1739,'PR-DEUT',14,1,319,'2021-11-27 10:00:00','2021-11-27 12:00:00',5.2),(1740,'PR-LUBG',14,6,11,'2021-06-12 08:30:00','2021-06-12 12:00:00',4.4),(1741,'PR-LUBG',14,6,19,'2021-06-12 08:30:00','2021-06-12 12:00:00',6.0),(1742,'PR-LUBG',14,6,23,'2021-06-12 08:30:00','2021-06-12 12:00:00',5.3),(1743,'PR-LUBG',14,6,60,'2021-06-12 08:30:00','2021-06-12 12:00:00',2.8),(1744,'PR-LUBG',14,6,78,'2021-06-12 08:30:00','2021-06-12 12:00:00',5.8),(1745,'PR-LUBG',14,6,88,'2021-06-12 08:30:00','2021-06-12 12:00:00',5.6),(1746,'PR-LUBG',14,6,90,'2021-06-12 08:30:00','2021-06-12 12:00:00',5.9),(1747,'PR-LUBG',14,6,100,'2021-06-12 08:30:00','2021-06-12 12:00:00',4.3),(1748,'PR-LUBG',14,6,147,'2021-06-12 08:30:00','2021-06-12 12:00:00',6.0),(1749,'PR-LUBG',14,6,153,'2021-06-12 08:30:00','2021-06-12 12:00:00',4.6),(1750,'PR-LUBG',14,6,195,'2021-06-12 08:30:00','2021-06-12 12:00:00',2.5),(1751,'PR-LUBG',14,6,242,'2021-06-12 08:30:00','2021-06-12 12:00:00',3.0),(1752,'PR-LUBG',14,6,265,'2021-06-12 08:30:00','2021-06-12 12:00:00',3.6),(1753,'PR-LUBG',14,6,297,'2021-06-12 08:30:00','2021-06-12 12:00:00',4.8),(1754,'PR-LUBG',14,6,301,'2021-06-12 08:30:00','2021-06-12 12:00:00',5.9),(1755,'PR-LUBG',14,6,319,'2021-06-12 08:30:00','2021-06-12 12:00:00',5.7),(1756,'PR-ITBM',14,7,11,'2021-07-03 10:00:00','2021-07-03 12:00:00',5.5),(1757,'PR-ITBM',14,7,19,'2021-07-03 10:00:00','2021-07-03 12:00:00',5.4),(1758,'PR-ITBM',14,7,23,'2021-07-03 10:00:00','2021-07-03 12:00:00',5.2),(1759,'PR-ITBM',14,7,60,'2021-07-03 10:00:00','2021-07-03 12:00:00',5.9),(1760,'PR-ITBM',14,7,78,'2021-07-03 10:00:00','2021-07-03 12:00:00',5.5),(1761,'PR-ITBM',14,7,88,'2021-07-03 10:00:00','2021-07-03 12:00:00',4.3),(1762,'PR-ITBM',14,7,90,'2021-07-03 10:00:00','2021-07-03 12:00:00',5.6),(1763,'PR-ITBM',14,7,100,'2021-07-03 10:00:00','2021-07-03 12:00:00',5.9),(1764,'PR-ITBM',14,7,147,'2021-07-03 10:00:00','2021-07-03 12:00:00',4.9),(1765,'PR-ITBM',14,7,153,'2021-07-03 10:00:00','2021-07-03 12:00:00',5.4),(1766,'PR-ITBM',14,7,195,'2021-07-03 10:00:00','2021-07-03 12:00:00',3.2),(1767,'PR-ITBM',14,7,242,'2021-07-03 10:00:00','2021-07-03 12:00:00',4.8),(1768,'PR-ITBM',14,7,265,'2021-07-03 10:00:00','2021-07-03 12:00:00',2.8),(1769,'PR-ITBM',14,7,297,'2021-07-03 10:00:00','2021-07-03 12:00:00',5.2),(1770,'PR-ITBM',14,7,301,'2021-07-03 10:00:00','2021-07-03 12:00:00',5.8),(1771,'PR-ITBM',14,7,319,'2021-07-03 10:00:00','2021-07-03 12:00:00',5.1),(1772,'PR-SYEN',14,5,18,'2020-12-05 10:00:00','2020-12-05 12:00:00',3.3),(1773,'PR-SYEN',14,5,62,'2020-12-05 10:00:00','2020-12-05 12:00:00',5.5),(1774,'PR-SYEN',14,5,65,'2020-12-05 10:00:00','2020-12-05 12:00:00',2.9),(1775,'PR-SYEN',14,5,68,'2020-12-05 10:00:00','2020-12-05 12:00:00',4.4),(1776,'PR-SYEN',14,5,146,'2020-12-05 10:00:00','2020-12-05 12:00:00',5.6),(1777,'PR-SYEN',14,5,159,'2020-12-05 10:00:00','2020-12-05 12:00:00',5.1),(1778,'PR-SYEN',14,5,196,'2020-12-05 10:00:00','2020-12-05 12:00:00',3.9),(1779,'PR-SYEN',14,5,223,'2020-12-05 10:00:00','2020-12-05 12:00:00',2.5),(1780,'PR-SYEN',14,5,238,'2020-12-05 10:00:00','2020-12-05 12:00:00',4.8),(1781,'PR-SYEN',14,5,247,'2020-12-05 10:00:00','2020-12-05 12:00:00',5.7),(1782,'PR-SYEN',14,5,300,'2020-12-05 10:00:00','2020-12-05 12:00:00',5.4),(1783,'PR-SYEN',14,5,344,'2020-12-05 10:00:00','2020-12-05 12:00:00',6.0),(1784,'PR-ITAR',14,13,18,'2023-06-03 10:00:00','2023-06-03 12:00:00',5.5),(1785,'PR-ITAR',14,13,62,'2023-06-03 10:00:00','2023-06-03 12:00:00',5.5),(1786,'PR-ITAR',14,13,65,'2023-06-03 10:00:00','2023-06-03 12:00:00',5.9),(1787,'PR-ITAR',14,13,68,'2023-06-03 10:00:00','2023-06-03 12:00:00',6.0),(1788,'PR-ITAR',14,13,146,'2023-06-03 10:00:00','2023-06-03 12:00:00',5.5),(1789,'PR-ITAR',14,13,159,'2023-06-03 10:00:00','2023-06-03 12:00:00',5.5),(1790,'PR-ITAR',14,13,196,'2023-06-03 10:00:00','2023-06-03 12:00:00',5.5),(1791,'PR-ITAR',14,13,223,'2023-06-03 10:00:00','2023-06-03 12:00:00',5.3),(1792,'PR-ITAR',14,13,238,'2023-06-03 10:00:00','2023-06-03 12:00:00',5.6),(1793,'PR-ITAR',14,13,247,'2023-06-03 10:00:00','2023-06-03 12:00:00',5.4),(1794,'PR-ITAR',14,13,300,'2023-06-03 10:00:00','2023-06-03 12:00:00',4.7),(1795,'PR-ITAR',14,13,344,'2023-06-03 10:00:00','2023-06-03 12:00:00',5.4),(1796,'PR-DBWE',14,9,18,'2022-12-03 10:00:00','2022-12-03 12:00:00',5.3),(1797,'PR-DBWE',14,9,62,'2022-12-03 10:00:00','2022-12-03 12:00:00',6.0),(1798,'PR-DBWE',14,9,65,'2022-12-03 10:00:00','2022-12-03 12:00:00',5.2),(1799,'PR-DBWE',14,9,68,'2022-12-03 10:00:00','2022-12-03 12:00:00',3.1),(1800,'PR-DBWE',14,9,146,'2022-12-03 10:00:00','2022-12-03 12:00:00',4.7),(1801,'PR-DBWE',14,9,159,'2022-12-03 10:00:00','2022-12-03 12:00:00',3.4),(1802,'PR-DBWE',14,9,196,'2022-12-03 10:00:00','2022-12-03 12:00:00',5.0),(1803,'PR-DBWE',14,9,223,'2022-12-03 10:00:00','2022-12-03 12:00:00',5.9),(1804,'PR-DBWE',14,9,238,'2022-12-03 10:00:00','2022-12-03 12:00:00',5.9),(1805,'PR-DBWE',14,9,247,'2022-12-03 10:00:00','2022-12-03 12:00:00',5.8),(1806,'PR-DBWE',14,9,300,'2022-12-03 10:00:00','2022-12-03 12:00:00',5.4),(1807,'PR-DBWE',14,9,344,'2022-12-03 10:00:00','2022-12-03 12:00:00',3.4),(1808,'PR-MATH',14,3,18,'2021-12-04 10:00:00','2021-12-04 12:00:00',5.6),(1809,'PR-MATH',14,3,62,'2021-12-04 10:00:00','2021-12-04 12:00:00',3.3),(1810,'PR-MATH',14,3,65,'2021-12-04 10:00:00','2021-12-04 12:00:00',3.4),(1811,'PR-MATH',14,3,68,'2021-12-04 10:00:00','2021-12-04 12:00:00',5.8),(1812,'PR-MATH',14,3,146,'2021-12-04 10:00:00','2021-12-04 12:00:00',6.0),(1813,'PR-MATH',14,3,159,'2021-12-04 10:00:00','2021-12-04 12:00:00',3.3),(1814,'PR-MATH',14,3,196,'2021-12-04 10:00:00','2021-12-04 12:00:00',5.9),(1815,'PR-MATH',14,3,223,'2021-12-04 10:00:00','2021-12-04 12:00:00',5.0),(1816,'PR-MATH',14,3,238,'2021-12-04 10:00:00','2021-12-04 12:00:00',2.9),(1817,'PR-MATH',14,3,247,'2021-12-04 10:00:00','2021-12-04 12:00:00',4.9),(1818,'PR-MATH',14,3,300,'2021-12-04 10:00:00','2021-12-04 12:00:00',5.4),(1819,'PR-MATH',14,3,344,'2021-12-04 10:00:00','2021-12-04 12:00:00',4.6),(1820,'PR-CLISE',14,8,18,'2021-12-04 10:00:00','2021-12-04 12:00:00',2.5),(1821,'PR-CLISE',14,8,62,'2021-12-04 10:00:00','2021-12-04 12:00:00',3.6),(1822,'PR-CLISE',14,8,65,'2021-12-04 10:00:00','2021-12-04 12:00:00',5.4),(1823,'PR-CLISE',14,8,68,'2021-12-04 10:00:00','2021-12-04 12:00:00',6.0),(1824,'PR-CLISE',14,8,146,'2021-12-04 10:00:00','2021-12-04 12:00:00',3.4),(1825,'PR-CLISE',14,8,159,'2021-12-04 10:00:00','2021-12-04 12:00:00',5.8),(1826,'PR-CLISE',14,8,196,'2021-12-04 10:00:00','2021-12-04 12:00:00',6.0),(1827,'PR-CLISE',14,8,223,'2021-12-04 10:00:00','2021-12-04 12:00:00',3.5),(1828,'PR-CLISE',14,8,238,'2021-12-04 10:00:00','2021-12-04 12:00:00',6.0),(1829,'PR-CLISE',14,8,247,'2021-12-04 10:00:00','2021-12-04 12:00:00',5.0),(1830,'PR-CLISE',14,8,300,'2021-12-04 10:00:00','2021-12-04 12:00:00',5.8),(1831,'PR-CLISE',14,8,344,'2021-12-04 10:00:00','2021-12-04 12:00:00',6.0),(1832,'PR-ENGL',14,2,18,'2021-12-04 10:00:00','2021-12-04 12:00:00',3.5),(1833,'PR-ENGL',14,2,62,'2021-12-04 10:00:00','2021-12-04 12:00:00',5.4),(1834,'PR-ENGL',14,2,65,'2021-12-04 10:00:00','2021-12-04 12:00:00',5.7),(1835,'PR-ENGL',14,2,68,'2021-12-04 10:00:00','2021-12-04 12:00:00',4.3),(1836,'PR-ENGL',14,2,146,'2021-12-04 10:00:00','2021-12-04 12:00:00',5.7),(1837,'PR-ENGL',14,2,159,'2021-12-04 10:00:00','2021-12-04 12:00:00',3.6),(1838,'PR-ENGL',14,2,196,'2021-12-04 10:00:00','2021-12-04 12:00:00',3.6),(1839,'PR-ENGL',14,2,223,'2021-12-04 10:00:00','2021-12-04 12:00:00',5.2),(1840,'PR-ENGL',14,2,238,'2021-12-04 10:00:00','2021-12-04 12:00:00',5.6),(1841,'PR-ENGL',14,2,247,'2021-12-04 10:00:00','2021-12-04 12:00:00',5.0),(1842,'PR-ENGL',14,2,300,'2021-12-04 10:00:00','2021-12-04 12:00:00',4.3),(1843,'PR-ENGL',14,2,344,'2021-12-04 10:00:00','2021-12-04 12:00:00',2.8),(1844,'PR-DEUT',14,1,18,'2021-12-04 10:00:00','2021-12-04 12:00:00',5.6),(1845,'PR-DEUT',14,1,62,'2021-12-04 10:00:00','2021-12-04 12:00:00',3.2),(1846,'PR-DEUT',14,1,65,'2021-12-04 10:00:00','2021-12-04 12:00:00',5.5),(1847,'PR-DEUT',14,1,68,'2021-12-04 10:00:00','2021-12-04 12:00:00',5.6),(1848,'PR-DEUT',14,1,146,'2021-12-04 10:00:00','2021-12-04 12:00:00',5.4),(1849,'PR-DEUT',14,1,159,'2021-12-04 10:00:00','2021-12-04 12:00:00',5.9),(1850,'PR-DEUT',14,1,196,'2021-12-04 10:00:00','2021-12-04 12:00:00',4.7),(1851,'PR-DEUT',14,1,223,'2021-12-04 10:00:00','2021-12-04 12:00:00',3.2),(1852,'PR-DEUT',14,1,238,'2021-12-04 10:00:00','2021-12-04 12:00:00',5.0),(1853,'PR-DEUT',14,1,247,'2021-12-04 10:00:00','2021-12-04 12:00:00',2.8),(1854,'PR-DEUT',14,1,300,'2021-12-04 10:00:00','2021-12-04 12:00:00',4.7),(1855,'PR-DEUT',14,1,344,'2021-12-04 10:00:00','2021-12-04 12:00:00',4.7),(1856,'PR-LUBG',14,6,18,'2020-12-05 10:00:00','2020-12-05 12:00:00',5.6),(1857,'PR-LUBG',14,6,62,'2020-12-05 10:00:00','2020-12-05 12:00:00',5.9),(1858,'PR-LUBG',14,6,65,'2020-12-05 10:00:00','2020-12-05 12:00:00',3.2),(1859,'PR-LUBG',14,6,68,'2020-12-05 10:00:00','2020-12-05 12:00:00',5.9),(1860,'PR-LUBG',14,6,146,'2020-12-05 10:00:00','2020-12-05 12:00:00',5.6),(1861,'PR-LUBG',14,6,159,'2020-12-05 10:00:00','2020-12-05 12:00:00',5.3),(1862,'PR-LUBG',14,6,196,'2020-12-05 10:00:00','2020-12-05 12:00:00',5.5),(1863,'PR-LUBG',14,6,223,'2020-12-05 10:00:00','2020-12-05 12:00:00',2.8),(1864,'PR-LUBG',14,6,238,'2020-12-05 10:00:00','2020-12-05 12:00:00',5.5),(1865,'PR-LUBG',14,6,247,'2020-12-05 10:00:00','2020-12-05 12:00:00',3.1),(1866,'PR-LUBG',14,6,300,'2020-12-05 10:00:00','2020-12-05 12:00:00',2.8),(1867,'PR-LUBG',14,6,344,'2020-12-05 10:00:00','2020-12-05 12:00:00',5.6),(1868,'PR-ITBM',14,7,18,'2021-06-05 10:00:00','2021-06-05 12:00:00',4.9),(1869,'PR-ITBM',14,7,62,'2021-06-05 10:00:00','2021-06-05 12:00:00',2.8),(1870,'PR-ITBM',14,7,65,'2021-06-05 10:00:00','2021-06-05 12:00:00',4.6),(1871,'PR-ITBM',14,7,68,'2021-06-05 10:00:00','2021-06-05 12:00:00',3.0),(1872,'PR-ITBM',14,7,146,'2021-06-05 10:00:00','2021-06-05 12:00:00',6.0),(1873,'PR-ITBM',14,7,159,'2021-06-05 10:00:00','2021-06-05 12:00:00',5.7),(1874,'PR-ITBM',14,7,196,'2021-06-05 10:00:00','2021-06-05 12:00:00',5.3),(1875,'PR-ITBM',14,7,223,'2021-06-05 10:00:00','2021-06-05 12:00:00',5.8),(1876,'PR-ITBM',14,7,238,'2021-06-05 10:00:00','2021-06-05 12:00:00',5.8),(1877,'PR-ITBM',14,7,247,'2021-06-05 10:00:00','2021-06-05 12:00:00',2.9),(1878,'PR-ITBM',14,7,300,'2021-06-05 10:00:00','2021-06-05 12:00:00',5.4),(1879,'PR-ITBM',14,7,344,'2021-06-05 10:00:00','2021-06-05 12:00:00',5.4),(1880,'PR-SYEN',23,5,12,'2023-06-17 13:00:00','2023-06-17 15:00:00',5.9),(1881,'PR-SYEN',23,5,16,'2023-06-17 13:00:00','2023-06-17 15:00:00',3.5),(1882,'PR-SYEN',23,5,17,'2023-06-17 13:00:00','2023-06-17 15:00:00',5.6),(1883,'PR-SYEN',23,5,103,'2023-06-17 13:00:00','2023-06-17 15:00:00',5.2),(1884,'PR-SYEN',23,5,123,'2023-06-17 13:00:00','2023-06-17 15:00:00',5.9),(1885,'PR-SYEN',23,5,135,'2023-06-17 13:00:00','2023-06-17 15:00:00',5.4),(1886,'PR-SYEN',23,5,136,'2023-06-17 13:00:00','2023-06-17 15:00:00',5.3),(1887,'PR-SYEN',23,5,214,'2023-06-17 13:00:00','2023-06-17 15:00:00',5.4),(1888,'PR-SYEN',23,5,292,'2023-06-17 13:00:00','2023-06-17 15:00:00',5.5),(1889,'PR-SYEN',23,5,310,'2023-06-17 13:00:00','2023-06-17 15:00:00',5.5),(1890,'PR-ITAR',23,13,12,'2025-12-06 13:00:00','2025-12-06 15:00:00',5.9),(1891,'PR-ITAR',23,13,16,'2025-12-06 13:00:00','2025-12-06 15:00:00',3.0),(1892,'PR-ITAR',23,13,17,'2025-12-06 13:00:00','2025-12-06 15:00:00',4.8),(1893,'PR-ITAR',23,13,103,'2025-12-06 13:00:00','2025-12-06 15:00:00',4.6),(1894,'PR-ITAR',23,13,123,'2025-12-06 13:00:00','2025-12-06 15:00:00',5.2),(1895,'PR-ITAR',23,13,135,'2025-12-06 13:00:00','2025-12-06 15:00:00',4.8),(1896,'PR-ITAR',23,13,136,'2025-12-06 13:00:00','2025-12-06 15:00:00',4.9),(1897,'PR-ITAR',23,13,214,'2025-12-06 13:00:00','2025-12-06 15:00:00',5.8),(1898,'PR-ITAR',23,13,292,'2025-12-06 13:00:00','2025-12-06 15:00:00',5.8),(1899,'PR-ITAR',23,13,310,'2025-12-06 13:00:00','2025-12-06 15:00:00',5.6),(1900,'PR-DBWE',23,9,12,'2025-06-08 13:00:00','2025-06-08 15:00:00',5.6),(1901,'PR-DBWE',23,9,16,'2025-06-08 13:00:00','2025-06-08 15:00:00',4.8),(1902,'PR-DBWE',23,9,17,'2025-06-08 13:00:00','2025-06-08 15:00:00',5.6),(1903,'PR-DBWE',23,9,103,'2025-06-08 13:00:00','2025-06-08 15:00:00',4.8),(1904,'PR-DBWE',23,9,123,'2025-06-08 13:00:00','2025-06-08 15:00:00',5.8),(1905,'PR-DBWE',23,9,135,'2025-06-08 13:00:00','2025-06-08 15:00:00',5.9),(1906,'PR-DBWE',23,9,136,'2025-06-08 13:00:00','2025-06-08 15:00:00',3.1),(1907,'PR-DBWE',23,9,214,'2025-06-08 13:00:00','2025-06-08 15:00:00',6.0),(1908,'PR-DBWE',23,9,292,'2025-06-08 13:00:00','2025-06-08 15:00:00',5.2),(1909,'PR-DBWE',23,9,310,'2025-06-08 13:00:00','2025-06-08 15:00:00',5.4),(1910,'PR-MATH',23,3,12,'2024-06-02 13:00:00','2024-06-02 15:00:00',5.7),(1911,'PR-MATH',23,3,16,'2024-06-02 13:00:00','2024-06-02 15:00:00',2.8),(1912,'PR-MATH',23,3,17,'2024-06-02 13:00:00','2024-06-02 15:00:00',6.0),(1913,'PR-MATH',23,3,103,'2024-06-02 13:00:00','2024-06-02 15:00:00',5.6),(1914,'PR-MATH',23,3,123,'2024-06-02 13:00:00','2024-06-02 15:00:00',5.5),(1915,'PR-MATH',23,3,135,'2024-06-02 13:00:00','2024-06-02 15:00:00',5.7),(1916,'PR-MATH',23,3,136,'2024-06-02 13:00:00','2024-06-02 15:00:00',5.2),(1917,'PR-MATH',23,3,214,'2024-06-02 13:00:00','2024-06-02 15:00:00',4.9),(1918,'PR-MATH',23,3,292,'2024-06-02 13:00:00','2024-06-02 15:00:00',4.9),(1919,'PR-MATH',23,3,310,'2024-06-02 13:00:00','2024-06-02 15:00:00',5.8),(1920,'PR-CLISE',23,8,12,'2024-06-02 13:00:00','2024-06-02 15:00:00',5.5),(1921,'PR-CLISE',23,8,16,'2024-06-02 13:00:00','2024-06-02 15:00:00',5.1),(1922,'PR-CLISE',23,8,17,'2024-06-02 13:00:00','2024-06-02 15:00:00',5.2),(1923,'PR-CLISE',23,8,103,'2024-06-02 13:00:00','2024-06-02 15:00:00',5.8),(1924,'PR-CLISE',23,8,123,'2024-06-02 13:00:00','2024-06-02 15:00:00',5.6),(1925,'PR-CLISE',23,8,135,'2024-06-02 13:00:00','2024-06-02 15:00:00',6.0),(1926,'PR-CLISE',23,8,136,'2024-06-02 13:00:00','2024-06-02 15:00:00',3.4),(1927,'PR-CLISE',23,8,214,'2024-06-02 13:00:00','2024-06-02 15:00:00',6.0),(1928,'PR-CLISE',23,8,292,'2024-06-02 13:00:00','2024-06-02 15:00:00',3.6),(1929,'PR-CLISE',23,8,310,'2024-06-02 13:00:00','2024-06-02 15:00:00',5.6),(1930,'PR-ENGL',23,2,12,'2024-06-02 13:00:00','2024-06-02 15:00:00',5.8),(1931,'PR-ENGL',23,2,16,'2024-06-02 13:00:00','2024-06-02 15:00:00',2.6),(1932,'PR-ENGL',23,2,17,'2024-06-02 13:00:00','2024-06-02 15:00:00',4.6),(1933,'PR-ENGL',23,2,103,'2024-06-02 13:00:00','2024-06-02 15:00:00',4.6),(1934,'PR-ENGL',23,2,123,'2024-06-02 13:00:00','2024-06-02 15:00:00',6.0),(1935,'PR-ENGL',23,2,135,'2024-06-02 13:00:00','2024-06-02 15:00:00',4.7),(1936,'PR-ENGL',23,2,136,'2024-06-02 13:00:00','2024-06-02 15:00:00',6.0),(1937,'PR-ENGL',23,2,214,'2024-06-02 13:00:00','2024-06-02 15:00:00',3.6),(1938,'PR-ENGL',23,2,292,'2024-06-02 13:00:00','2024-06-02 15:00:00',3.4),(1939,'PR-ENGL',23,2,310,'2024-06-02 13:00:00','2024-06-02 15:00:00',4.3),(1940,'PR-DEUT',23,1,12,'2024-06-02 13:00:00','2024-06-02 15:00:00',4.3),(1941,'PR-DEUT',23,1,16,'2024-06-02 13:00:00','2024-06-02 15:00:00',5.2),(1942,'PR-DEUT',23,1,17,'2024-06-02 13:00:00','2024-06-02 15:00:00',6.0),(1943,'PR-DEUT',23,1,103,'2024-06-02 13:00:00','2024-06-02 15:00:00',5.5),(1944,'PR-DEUT',23,1,123,'2024-06-02 13:00:00','2024-06-02 15:00:00',5.6),(1945,'PR-DEUT',23,1,135,'2024-06-02 13:00:00','2024-06-02 15:00:00',6.0),(1946,'PR-DEUT',23,1,136,'2024-06-02 13:00:00','2024-06-02 15:00:00',5.1),(1947,'PR-DEUT',23,1,214,'2024-06-02 13:00:00','2024-06-02 15:00:00',2.5),(1948,'PR-DEUT',23,1,292,'2024-06-02 13:00:00','2024-06-02 15:00:00',5.4),(1949,'PR-DEUT',23,1,310,'2024-06-02 13:00:00','2024-06-02 15:00:00',3.5),(1950,'PR-LUBG',23,6,12,'2023-06-17 13:00:00','2023-06-17 15:00:00',5.4),(1951,'PR-LUBG',23,6,16,'2023-06-17 13:00:00','2023-06-17 15:00:00',5.9),(1952,'PR-LUBG',23,6,17,'2023-06-17 13:00:00','2023-06-17 15:00:00',4.8),(1953,'PR-LUBG',23,6,103,'2023-06-17 13:00:00','2023-06-17 15:00:00',5.2),(1954,'PR-LUBG',23,6,123,'2023-06-17 13:00:00','2023-06-17 15:00:00',2.9),(1955,'PR-LUBG',23,6,135,'2023-06-17 13:00:00','2023-06-17 15:00:00',3.0),(1956,'PR-LUBG',23,6,136,'2023-06-17 13:00:00','2023-06-17 15:00:00',5.7),(1957,'PR-LUBG',23,6,214,'2023-06-17 13:00:00','2023-06-17 15:00:00',5.8),(1958,'PR-LUBG',23,6,292,'2023-06-17 13:00:00','2023-06-17 15:00:00',5.6),(1959,'PR-LUBG',23,6,310,'2023-06-17 13:00:00','2023-06-17 15:00:00',6.0),(1960,'PR-ITBM',23,7,12,'2023-12-16 13:00:00','2023-12-16 15:00:00',5.4),(1961,'PR-ITBM',23,7,16,'2023-12-16 13:00:00','2023-12-16 15:00:00',5.4),(1962,'PR-ITBM',23,7,17,'2023-12-16 13:00:00','2023-12-16 15:00:00',6.0),(1963,'PR-ITBM',23,7,103,'2023-12-16 13:00:00','2023-12-16 15:00:00',5.5),(1964,'PR-ITBM',23,7,123,'2023-12-16 13:00:00','2023-12-16 15:00:00',5.5),(1965,'PR-ITBM',23,7,135,'2023-12-16 13:00:00','2023-12-16 15:00:00',4.4),(1966,'PR-ITBM',23,7,136,'2023-12-16 13:00:00','2023-12-16 15:00:00',5.8),(1967,'PR-ITBM',23,7,214,'2023-12-16 13:00:00','2023-12-16 15:00:00',5.6),(1968,'PR-ITBM',23,7,292,'2023-12-16 13:00:00','2023-12-16 15:00:00',5.3),(1969,'PR-ITBM',23,7,310,'2023-12-16 13:00:00','2023-12-16 15:00:00',5.5),(1970,'PR-SYEN',23,5,75,'2022-12-17 10:00:00','2022-12-17 12:00:00',5.7),(1971,'PR-SYEN',23,5,239,'2022-12-17 10:00:00','2022-12-17 12:00:00',5.9),(1972,'PR-SYEN',23,5,244,'2022-12-17 10:00:00','2022-12-17 12:00:00',4.8),(1973,'PR-ITAR',23,13,75,'2025-06-01 10:00:00','2025-06-01 12:00:00',5.9),(1974,'PR-ITAR',23,13,239,'2025-06-01 10:00:00','2025-06-01 12:00:00',5.9),(1975,'PR-ITAR',23,13,244,'2025-06-01 10:00:00','2025-06-01 12:00:00',5.7),(1976,'PR-DBWE',23,9,75,'2024-12-18 10:00:00','2024-12-18 12:00:00',5.4),(1977,'PR-DBWE',23,9,239,'2024-12-18 10:00:00','2024-12-18 12:00:00',6.0),(1978,'PR-DBWE',23,9,244,'2024-12-18 10:00:00','2024-12-18 12:00:00',5.1),(1979,'PR-MATH',23,3,75,'2023-12-16 10:00:00','2023-12-16 12:00:00',5.6),(1980,'PR-MATH',23,3,239,'2023-12-16 10:00:00','2023-12-16 12:00:00',3.3),(1981,'PR-MATH',23,3,244,'2023-12-16 10:00:00','2023-12-16 12:00:00',5.8),(1982,'PR-CLISE',23,8,75,'2023-12-16 10:00:00','2023-12-16 12:00:00',3.5),(1983,'PR-CLISE',23,8,239,'2023-12-16 10:00:00','2023-12-16 12:00:00',5.7),(1984,'PR-CLISE',23,8,244,'2023-12-16 10:00:00','2023-12-16 12:00:00',3.6),(1985,'PR-ENGL',23,2,75,'2023-12-16 10:00:00','2023-12-16 12:00:00',2.9),(1986,'PR-ENGL',23,2,239,'2023-12-16 10:00:00','2023-12-16 12:00:00',5.9),(1987,'PR-ENGL',23,2,244,'2023-12-16 10:00:00','2023-12-16 12:00:00',5.7),(1988,'PR-DEUT',23,1,75,'2023-12-16 10:00:00','2023-12-16 12:00:00',5.4),(1989,'PR-DEUT',23,1,239,'2023-12-16 10:00:00','2023-12-16 12:00:00',5.7),(1990,'PR-DEUT',23,1,244,'2023-12-16 10:00:00','2023-12-16 12:00:00',3.5),(1991,'PR-LUBG',23,6,75,'2022-12-17 10:00:00','2022-12-17 12:00:00',4.9),(1992,'PR-LUBG',23,6,239,'2022-12-17 10:00:00','2022-12-17 12:00:00',3.0),(1993,'PR-LUBG',23,6,244,'2022-12-17 10:00:00','2022-12-17 12:00:00',6.0),(1994,'PR-ITBM',23,7,75,'2023-06-17 10:00:00','2023-06-17 12:00:00',5.9),(1995,'PR-ITBM',23,7,239,'2023-06-17 10:00:00','2023-06-17 12:00:00',5.6),(1996,'PR-ITBM',23,7,244,'2023-06-17 10:00:00','2023-06-17 12:00:00',3.6),(1997,'PR-SYEN',23,5,33,'2022-06-01 13:00:00','2022-06-01 15:00:00',5.2),(1998,'PR-SYEN',23,5,36,'2022-06-01 13:00:00','2022-06-01 15:00:00',5.4),(1999,'PR-SYEN',23,5,64,'2022-06-01 13:00:00','2022-06-01 15:00:00',2.8),(2000,'PR-SYEN',23,5,94,'2022-06-01 13:00:00','2022-06-01 15:00:00',5.8),(2001,'PR-SYEN',23,5,96,'2022-06-01 13:00:00','2022-06-01 15:00:00',5.5),(2002,'PR-SYEN',23,5,133,'2022-06-01 13:00:00','2022-06-01 15:00:00',5.8),(2003,'PR-SYEN',23,5,141,'2022-06-01 13:00:00','2022-06-01 15:00:00',4.4),(2004,'PR-SYEN',23,5,166,'2022-06-01 13:00:00','2022-06-01 15:00:00',2.8),(2005,'PR-SYEN',23,5,221,'2022-06-01 13:00:00','2022-06-01 15:00:00',3.9),(2006,'PR-SYEN',23,5,250,'2022-06-01 13:00:00','2022-06-01 15:00:00',5.5),(2007,'PR-SYEN',23,5,255,'2022-06-01 13:00:00','2022-06-01 15:00:00',5.8),(2008,'PR-SYEN',23,5,267,'2022-06-01 13:00:00','2022-06-01 15:00:00',2.5),(2009,'PR-SYEN',23,5,296,'2022-06-01 13:00:00','2022-06-01 15:00:00',5.4),(2010,'PR-SYEN',23,5,307,'2022-06-01 13:00:00','2022-06-01 15:00:00',3.3),(2011,'PR-SYEN',23,5,314,'2022-06-01 13:00:00','2022-06-01 15:00:00',5.7),(2012,'PR-SYEN',23,5,334,'2022-06-01 13:00:00','2022-06-01 15:00:00',5.8),(2013,'PR-ITAR',23,13,33,'2024-12-18 13:00:00','2024-12-18 15:00:00',5.8),(2014,'PR-ITAR',23,13,36,'2024-12-18 13:00:00','2024-12-18 15:00:00',5.7),(2015,'PR-ITAR',23,13,64,'2024-12-18 13:00:00','2024-12-18 15:00:00',5.2),(2016,'PR-ITAR',23,13,94,'2024-12-18 13:00:00','2024-12-18 15:00:00',5.4),(2017,'PR-ITAR',23,13,96,'2024-12-18 13:00:00','2024-12-18 15:00:00',5.6),(2018,'PR-ITAR',23,13,133,'2024-12-18 13:00:00','2024-12-18 15:00:00',5.7),(2019,'PR-ITAR',23,13,141,'2024-12-18 13:00:00','2024-12-18 15:00:00',5.6),(2020,'PR-ITAR',23,13,166,'2024-12-18 13:00:00','2024-12-18 15:00:00',5.7),(2021,'PR-ITAR',23,13,221,'2024-12-18 13:00:00','2024-12-18 15:00:00',5.2),(2022,'PR-ITAR',23,13,250,'2024-12-18 13:00:00','2024-12-18 15:00:00',5.6),(2023,'PR-ITAR',23,13,255,'2024-12-18 13:00:00','2024-12-18 15:00:00',3.0),(2024,'PR-ITAR',23,13,267,'2024-12-18 13:00:00','2024-12-18 15:00:00',5.8),(2025,'PR-ITAR',23,13,296,'2024-12-18 13:00:00','2024-12-18 15:00:00',4.8),(2026,'PR-ITAR',23,13,307,'2024-12-18 13:00:00','2024-12-18 15:00:00',5.9),(2027,'PR-ITAR',23,13,314,'2024-12-18 13:00:00','2024-12-18 15:00:00',6.0),(2028,'PR-ITAR',23,13,334,'2024-12-18 13:00:00','2024-12-18 15:00:00',6.0),(2029,'PR-DBWE',23,9,33,'2024-06-02 13:00:00','2024-06-02 15:00:00',5.3),(2030,'PR-DBWE',23,9,36,'2024-06-02 13:00:00','2024-06-02 15:00:00',3.0),(2031,'PR-DBWE',23,9,64,'2024-06-02 13:00:00','2024-06-02 15:00:00',6.0),(2032,'PR-DBWE',23,9,94,'2024-06-02 13:00:00','2024-06-02 15:00:00',3.0),(2033,'PR-DBWE',23,9,96,'2024-06-02 13:00:00','2024-06-02 15:00:00',4.7),(2034,'PR-DBWE',23,9,133,'2024-06-02 13:00:00','2024-06-02 15:00:00',3.0),(2035,'PR-DBWE',23,9,141,'2024-06-02 13:00:00','2024-06-02 15:00:00',5.7),(2036,'PR-DBWE',23,9,166,'2024-06-02 13:00:00','2024-06-02 15:00:00',3.2),(2037,'PR-DBWE',23,9,221,'2024-06-02 13:00:00','2024-06-02 15:00:00',6.0),(2038,'PR-DBWE',23,9,250,'2024-06-02 13:00:00','2024-06-02 15:00:00',4.8),(2039,'PR-DBWE',23,9,255,'2024-06-02 13:00:00','2024-06-02 15:00:00',4.9),(2040,'PR-DBWE',23,9,267,'2024-06-02 13:00:00','2024-06-02 15:00:00',5.7),(2041,'PR-DBWE',23,9,296,'2024-06-02 13:00:00','2024-06-02 15:00:00',5.5),(2042,'PR-DBWE',23,9,307,'2024-06-02 13:00:00','2024-06-02 15:00:00',5.1),(2043,'PR-DBWE',23,9,314,'2024-06-02 13:00:00','2024-06-02 15:00:00',5.6),(2044,'PR-DBWE',23,9,334,'2024-06-02 13:00:00','2024-06-02 15:00:00',5.0),(2045,'PR-MATH',23,3,33,'2023-06-10 13:00:00','2023-06-10 15:00:00',4.9),(2046,'PR-MATH',23,3,36,'2023-06-10 13:00:00','2023-06-10 15:00:00',6.0),(2047,'PR-MATH',23,3,64,'2023-06-10 13:00:00','2023-06-10 15:00:00',3.4),(2048,'PR-MATH',23,3,94,'2023-06-10 13:00:00','2023-06-10 15:00:00',5.1),(2049,'PR-MATH',23,3,96,'2023-06-10 13:00:00','2023-06-10 15:00:00',5.2),(2050,'PR-MATH',23,3,133,'2023-06-10 13:00:00','2023-06-10 15:00:00',5.5),(2051,'PR-MATH',23,3,141,'2023-06-10 13:00:00','2023-06-10 15:00:00',5.7),(2052,'PR-MATH',23,3,166,'2023-06-10 13:00:00','2023-06-10 15:00:00',5.9),(2053,'PR-MATH',23,3,221,'2023-06-10 13:00:00','2023-06-10 15:00:00',2.8),(2054,'PR-MATH',23,3,250,'2023-06-10 13:00:00','2023-06-10 15:00:00',5.5),(2055,'PR-MATH',23,3,255,'2023-06-10 13:00:00','2023-06-10 15:00:00',4.6),(2056,'PR-MATH',23,3,267,'2023-06-10 13:00:00','2023-06-10 15:00:00',5.3),(2057,'PR-MATH',23,3,296,'2023-06-10 13:00:00','2023-06-10 15:00:00',4.8),(2058,'PR-MATH',23,3,307,'2023-06-10 13:00:00','2023-06-10 15:00:00',3.0),(2059,'PR-MATH',23,3,314,'2023-06-10 13:00:00','2023-06-10 15:00:00',5.6),(2060,'PR-MATH',23,3,334,'2023-06-10 13:00:00','2023-06-10 15:00:00',5.8),(2061,'PR-CLISE',23,8,33,'2023-06-10 13:00:00','2023-06-10 15:00:00',5.9),(2062,'PR-CLISE',23,8,36,'2023-06-10 13:00:00','2023-06-10 15:00:00',5.5),(2063,'PR-CLISE',23,8,64,'2023-06-10 13:00:00','2023-06-10 15:00:00',3.4),(2064,'PR-CLISE',23,8,94,'2023-06-10 13:00:00','2023-06-10 15:00:00',2.6),(2065,'PR-CLISE',23,8,96,'2023-06-10 13:00:00','2023-06-10 15:00:00',5.2),(2066,'PR-CLISE',23,8,133,'2023-06-10 13:00:00','2023-06-10 15:00:00',5.4),(2067,'PR-CLISE',23,8,141,'2023-06-10 13:00:00','2023-06-10 15:00:00',5.4),(2068,'PR-CLISE',23,8,166,'2023-06-10 13:00:00','2023-06-10 15:00:00',5.8),(2069,'PR-CLISE',23,8,221,'2023-06-10 13:00:00','2023-06-10 15:00:00',2.8),(2070,'PR-CLISE',23,8,250,'2023-06-10 13:00:00','2023-06-10 15:00:00',4.0),(2071,'PR-CLISE',23,8,255,'2023-06-10 13:00:00','2023-06-10 15:00:00',5.7),(2072,'PR-CLISE',23,8,267,'2023-06-10 13:00:00','2023-06-10 15:00:00',5.7),(2073,'PR-CLISE',23,8,296,'2023-06-10 13:00:00','2023-06-10 15:00:00',5.4),(2074,'PR-CLISE',23,8,307,'2023-06-10 13:00:00','2023-06-10 15:00:00',5.6),(2075,'PR-CLISE',23,8,314,'2023-06-10 13:00:00','2023-06-10 15:00:00',6.0),(2076,'PR-CLISE',23,8,334,'2023-06-10 13:00:00','2023-06-10 15:00:00',5.3),(2077,'PR-ENGL',23,2,33,'2023-06-10 13:00:00','2023-06-10 15:00:00',3.6),(2078,'PR-ENGL',23,2,36,'2023-06-10 13:00:00','2023-06-10 15:00:00',5.7),(2079,'PR-ENGL',23,2,64,'2023-06-10 13:00:00','2023-06-10 15:00:00',5.4),(2080,'PR-ENGL',23,2,94,'2023-06-10 13:00:00','2023-06-10 15:00:00',3.4),(2081,'PR-ENGL',23,2,96,'2023-06-10 13:00:00','2023-06-10 15:00:00',4.3),(2082,'PR-ENGL',23,2,133,'2023-06-10 13:00:00','2023-06-10 15:00:00',5.5),(2083,'PR-ENGL',23,2,141,'2023-06-10 13:00:00','2023-06-10 15:00:00',5.9),(2084,'PR-ENGL',23,2,166,'2023-06-10 13:00:00','2023-06-10 15:00:00',2.8),(2085,'PR-ENGL',23,2,221,'2023-06-10 13:00:00','2023-06-10 15:00:00',5.8),(2086,'PR-ENGL',23,2,250,'2023-06-10 13:00:00','2023-06-10 15:00:00',5.5),(2087,'PR-ENGL',23,2,255,'2023-06-10 13:00:00','2023-06-10 15:00:00',5.7),(2088,'PR-ENGL',23,2,267,'2023-06-10 13:00:00','2023-06-10 15:00:00',5.3),(2089,'PR-ENGL',23,2,296,'2023-06-10 13:00:00','2023-06-10 15:00:00',5.0),(2090,'PR-ENGL',23,2,307,'2023-06-10 13:00:00','2023-06-10 15:00:00',5.5),(2091,'PR-ENGL',23,2,314,'2023-06-10 13:00:00','2023-06-10 15:00:00',4.8),(2092,'PR-ENGL',23,2,334,'2023-06-10 13:00:00','2023-06-10 15:00:00',3.4),(2093,'PR-DEUT',23,1,33,'2023-06-10 13:00:00','2023-06-10 15:00:00',5.9),(2094,'PR-DEUT',23,1,36,'2023-06-10 13:00:00','2023-06-10 15:00:00',4.7),(2095,'PR-DEUT',23,1,64,'2023-06-10 13:00:00','2023-06-10 15:00:00',4.6),(2096,'PR-DEUT',23,1,94,'2023-06-10 13:00:00','2023-06-10 15:00:00',5.3),(2097,'PR-DEUT',23,1,96,'2023-06-10 13:00:00','2023-06-10 15:00:00',5.3),(2098,'PR-DEUT',23,1,133,'2023-06-10 13:00:00','2023-06-10 15:00:00',5.5),(2099,'PR-DEUT',23,1,141,'2023-06-10 13:00:00','2023-06-10 15:00:00',2.8),(2100,'PR-DEUT',23,1,166,'2023-06-10 13:00:00','2023-06-10 15:00:00',5.6),(2101,'PR-DEUT',23,1,221,'2023-06-10 13:00:00','2023-06-10 15:00:00',4.3),(2102,'PR-DEUT',23,1,250,'2023-06-10 13:00:00','2023-06-10 15:00:00',6.0),(2103,'PR-DEUT',23,1,255,'2023-06-10 13:00:00','2023-06-10 15:00:00',5.2),(2104,'PR-DEUT',23,1,267,'2023-06-10 13:00:00','2023-06-10 15:00:00',5.9),(2105,'PR-DEUT',23,1,296,'2023-06-10 13:00:00','2023-06-10 15:00:00',5.5),(2106,'PR-DEUT',23,1,307,'2023-06-10 13:00:00','2023-06-10 15:00:00',3.8),(2107,'PR-DEUT',23,1,314,'2023-06-10 13:00:00','2023-06-10 15:00:00',5.9),(2108,'PR-DEUT',23,1,334,'2023-06-10 13:00:00','2023-06-10 15:00:00',4.8),(2109,'PR-LUBG',23,6,33,'2022-06-01 13:00:00','2022-06-01 15:00:00',5.2),(2110,'PR-LUBG',23,6,36,'2022-06-01 13:00:00','2022-06-01 15:00:00',4.4),(2111,'PR-LUBG',23,6,64,'2022-06-01 13:00:00','2022-06-01 15:00:00',5.5),(2112,'PR-LUBG',23,6,94,'2022-06-01 13:00:00','2022-06-01 15:00:00',3.6),(2113,'PR-LUBG',23,6,96,'2022-06-01 13:00:00','2022-06-01 15:00:00',5.5),(2114,'PR-LUBG',23,6,133,'2022-06-01 13:00:00','2022-06-01 15:00:00',5.2),(2115,'PR-LUBG',23,6,141,'2022-06-01 13:00:00','2022-06-01 15:00:00',5.5),(2116,'PR-LUBG',23,6,166,'2022-06-01 13:00:00','2022-06-01 15:00:00',3.1),(2117,'PR-LUBG',23,6,221,'2022-06-01 13:00:00','2022-06-01 15:00:00',4.3),(2118,'PR-LUBG',23,6,250,'2022-06-01 13:00:00','2022-06-01 15:00:00',5.9),(2119,'PR-LUBG',23,6,255,'2022-06-01 13:00:00','2022-06-01 15:00:00',5.1),(2120,'PR-LUBG',23,6,267,'2022-06-01 13:00:00','2022-06-01 15:00:00',4.3),(2121,'PR-LUBG',23,6,296,'2022-06-01 13:00:00','2022-06-01 15:00:00',5.2),(2122,'PR-LUBG',23,6,307,'2022-06-01 13:00:00','2022-06-01 15:00:00',4.9),(2123,'PR-LUBG',23,6,314,'2022-06-01 13:00:00','2022-06-01 15:00:00',4.8),(2124,'PR-LUBG',23,6,334,'2022-06-01 13:00:00','2022-06-01 15:00:00',5.6),(2125,'PR-ITBM',23,7,33,'2022-12-10 13:00:00','2022-12-10 15:00:00',4.7),(2126,'PR-ITBM',23,7,36,'2022-12-10 13:00:00','2022-12-10 15:00:00',5.8),(2127,'PR-ITBM',23,7,64,'2022-12-10 13:00:00','2022-12-10 15:00:00',5.6),(2128,'PR-ITBM',23,7,94,'2022-12-10 13:00:00','2022-12-10 15:00:00',5.9),(2129,'PR-ITBM',23,7,96,'2022-12-10 13:00:00','2022-12-10 15:00:00',2.9),(2130,'PR-ITBM',23,7,133,'2022-12-10 13:00:00','2022-12-10 15:00:00',4.7),(2131,'PR-ITBM',23,7,141,'2022-12-10 13:00:00','2022-12-10 15:00:00',2.9),(2132,'PR-ITBM',23,7,166,'2022-12-10 13:00:00','2022-12-10 15:00:00',5.7),(2133,'PR-ITBM',23,7,221,'2022-12-10 13:00:00','2022-12-10 15:00:00',3.0),(2134,'PR-ITBM',23,7,250,'2022-12-10 13:00:00','2022-12-10 15:00:00',5.5),(2135,'PR-ITBM',23,7,255,'2022-12-10 13:00:00','2022-12-10 15:00:00',3.0),(2136,'PR-ITBM',23,7,267,'2022-12-10 13:00:00','2022-12-10 15:00:00',4.3),(2137,'PR-ITBM',23,7,296,'2022-12-10 13:00:00','2022-12-10 15:00:00',5.7),(2138,'PR-ITBM',23,7,307,'2022-12-10 13:00:00','2022-12-10 15:00:00',3.2),(2139,'PR-ITBM',23,7,314,'2022-12-10 13:00:00','2022-12-10 15:00:00',3.0),(2140,'PR-ITBM',23,7,334,'2022-12-10 13:00:00','2022-12-10 15:00:00',5.7),(2141,'PR-SYEN',23,5,7,'2021-12-11 10:00:00','2021-12-11 12:00:00',5.9),(2142,'PR-SYEN',23,5,63,'2021-12-11 10:00:00','2021-12-11 12:00:00',6.0),(2143,'PR-SYEN',23,5,98,'2021-12-11 10:00:00','2021-12-11 12:00:00',5.6),(2144,'PR-SYEN',23,5,148,'2021-12-11 10:00:00','2021-12-11 12:00:00',5.6),(2145,'PR-SYEN',23,5,155,'2021-12-11 10:00:00','2021-12-11 12:00:00',6.0),(2146,'PR-SYEN',23,5,201,'2021-12-11 10:00:00','2021-12-11 12:00:00',3.3),(2147,'PR-SYEN',23,5,211,'2021-12-11 10:00:00','2021-12-11 12:00:00',5.8),(2148,'PR-SYEN',23,5,254,'2021-12-11 10:00:00','2021-12-11 12:00:00',3.3),(2149,'PR-SYEN',23,5,303,'2021-12-11 10:00:00','2021-12-11 12:00:00',2.9),(2150,'PR-SYEN',23,5,311,'2021-12-11 10:00:00','2021-12-11 12:00:00',5.8),(2151,'PR-SYEN',23,5,318,'2021-12-11 10:00:00','2021-12-11 12:00:00',4.8),(2152,'PR-SYEN',23,5,350,'2021-12-11 10:00:00','2021-12-11 12:00:00',5.5),(2153,'PR-ITAR',23,13,7,'2024-06-02 10:00:00','2024-06-02 12:00:00',5.6),(2154,'PR-ITAR',23,13,63,'2024-06-02 10:00:00','2024-06-02 12:00:00',3.4),(2155,'PR-ITAR',23,13,98,'2024-06-02 10:00:00','2024-06-02 12:00:00',5.9),(2156,'PR-ITAR',23,13,148,'2024-06-02 10:00:00','2024-06-02 12:00:00',6.0),(2157,'PR-ITAR',23,13,155,'2024-06-02 10:00:00','2024-06-02 12:00:00',5.4),(2158,'PR-ITAR',23,13,201,'2024-06-02 10:00:00','2024-06-02 12:00:00',4.8),(2159,'PR-ITAR',23,13,211,'2024-06-02 10:00:00','2024-06-02 12:00:00',3.0),(2160,'PR-ITAR',23,13,254,'2024-06-02 10:00:00','2024-06-02 12:00:00',5.9),(2161,'PR-ITAR',23,13,303,'2024-06-02 10:00:00','2024-06-02 12:00:00',5.9),(2162,'PR-ITAR',23,13,311,'2024-06-02 10:00:00','2024-06-02 12:00:00',4.6),(2163,'PR-ITAR',23,13,318,'2024-06-02 10:00:00','2024-06-02 12:00:00',5.7),(2164,'PR-ITAR',23,13,350,'2024-06-02 10:00:00','2024-06-02 12:00:00',5.7),(2165,'PR-DBWE',23,9,7,'2023-12-09 10:00:00','2023-12-09 12:00:00',2.5),(2166,'PR-DBWE',23,9,63,'2023-12-09 10:00:00','2023-12-09 12:00:00',3.6),(2167,'PR-DBWE',23,9,98,'2023-12-09 10:00:00','2023-12-09 12:00:00',3.0),(2168,'PR-DBWE',23,9,148,'2023-12-09 10:00:00','2023-12-09 12:00:00',5.9),(2169,'PR-DBWE',23,9,155,'2023-12-09 10:00:00','2023-12-09 12:00:00',5.4),(2170,'PR-DBWE',23,9,201,'2023-12-09 10:00:00','2023-12-09 12:00:00',5.5),(2171,'PR-DBWE',23,9,211,'2023-12-09 10:00:00','2023-12-09 12:00:00',2.6),(2172,'PR-DBWE',23,9,254,'2023-12-09 10:00:00','2023-12-09 12:00:00',5.9),(2173,'PR-DBWE',23,9,303,'2023-12-09 10:00:00','2023-12-09 12:00:00',5.7),(2174,'PR-DBWE',23,9,311,'2023-12-09 10:00:00','2023-12-09 12:00:00',5.5),(2175,'PR-DBWE',23,9,318,'2023-12-09 10:00:00','2023-12-09 12:00:00',5.8),(2176,'PR-DBWE',23,9,350,'2023-12-09 10:00:00','2023-12-09 12:00:00',3.6),(2177,'PR-MATH',23,3,7,'2022-12-10 10:00:00','2022-12-10 12:00:00',5.0),(2178,'PR-MATH',23,3,63,'2022-12-10 10:00:00','2022-12-10 12:00:00',3.0),(2179,'PR-MATH',23,3,98,'2022-12-10 10:00:00','2022-12-10 12:00:00',3.1),(2180,'PR-MATH',23,3,148,'2022-12-10 10:00:00','2022-12-10 12:00:00',2.6),(2181,'PR-MATH',23,3,155,'2022-12-10 10:00:00','2022-12-10 12:00:00',5.9),(2182,'PR-MATH',23,3,201,'2022-12-10 10:00:00','2022-12-10 12:00:00',5.8),(2183,'PR-MATH',23,3,211,'2022-12-10 10:00:00','2022-12-10 12:00:00',5.9),(2184,'PR-MATH',23,3,254,'2022-12-10 10:00:00','2022-12-10 12:00:00',3.4),(2185,'PR-MATH',23,3,303,'2022-12-10 10:00:00','2022-12-10 12:00:00',4.6),(2186,'PR-MATH',23,3,311,'2022-12-10 10:00:00','2022-12-10 12:00:00',3.6),(2187,'PR-MATH',23,3,318,'2022-12-10 10:00:00','2022-12-10 12:00:00',5.0),(2188,'PR-MATH',23,3,350,'2022-12-10 10:00:00','2022-12-10 12:00:00',2.9),(2189,'PR-CLISE',23,8,7,'2022-12-10 10:00:00','2022-12-10 12:00:00',5.3),(2190,'PR-CLISE',23,8,63,'2022-12-10 10:00:00','2022-12-10 12:00:00',5.6),(2191,'PR-CLISE',23,8,98,'2022-12-10 10:00:00','2022-12-10 12:00:00',3.7),(2192,'PR-CLISE',23,8,148,'2022-12-10 10:00:00','2022-12-10 12:00:00',4.6),(2193,'PR-CLISE',23,8,155,'2022-12-10 10:00:00','2022-12-10 12:00:00',6.0),(2194,'PR-CLISE',23,8,201,'2022-12-10 10:00:00','2022-12-10 12:00:00',3.4),(2195,'PR-CLISE',23,8,211,'2022-12-10 10:00:00','2022-12-10 12:00:00',5.9),(2196,'PR-CLISE',23,8,254,'2022-12-10 10:00:00','2022-12-10 12:00:00',5.6),(2197,'PR-CLISE',23,8,303,'2022-12-10 10:00:00','2022-12-10 12:00:00',5.5),(2198,'PR-CLISE',23,8,311,'2022-12-10 10:00:00','2022-12-10 12:00:00',5.3),(2199,'PR-CLISE',23,8,318,'2022-12-10 10:00:00','2022-12-10 12:00:00',5.9),(2200,'PR-CLISE',23,8,350,'2022-12-10 10:00:00','2022-12-10 12:00:00',5.0),(2201,'PR-ENGL',23,2,7,'2022-12-10 10:00:00','2022-12-10 12:00:00',5.7),(2202,'PR-ENGL',23,2,63,'2022-12-10 10:00:00','2022-12-10 12:00:00',4.7),(2203,'PR-ENGL',23,2,98,'2022-12-10 10:00:00','2022-12-10 12:00:00',5.0),(2204,'PR-ENGL',23,2,148,'2022-12-10 10:00:00','2022-12-10 12:00:00',3.4),(2205,'PR-ENGL',23,2,155,'2022-12-10 10:00:00','2022-12-10 12:00:00',2.9),(2206,'PR-ENGL',23,2,201,'2022-12-10 10:00:00','2022-12-10 12:00:00',4.7),(2207,'PR-ENGL',23,2,211,'2022-12-10 10:00:00','2022-12-10 12:00:00',4.3),(2208,'PR-ENGL',23,2,254,'2022-12-10 10:00:00','2022-12-10 12:00:00',4.3),(2209,'PR-ENGL',23,2,303,'2022-12-10 10:00:00','2022-12-10 12:00:00',5.7),(2210,'PR-ENGL',23,2,311,'2022-12-10 10:00:00','2022-12-10 12:00:00',3.4),(2211,'PR-ENGL',23,2,318,'2022-12-10 10:00:00','2022-12-10 12:00:00',5.6),(2212,'PR-ENGL',23,2,350,'2022-12-10 10:00:00','2022-12-10 12:00:00',5.6),(2213,'PR-DEUT',23,1,7,'2022-12-10 10:00:00','2022-12-10 12:00:00',2.6),(2214,'PR-DEUT',23,1,63,'2022-12-10 10:00:00','2022-12-10 12:00:00',5.7),(2215,'PR-DEUT',23,1,98,'2022-12-10 10:00:00','2022-12-10 12:00:00',5.8),(2216,'PR-DEUT',23,1,148,'2022-12-10 10:00:00','2022-12-10 12:00:00',5.8),(2217,'PR-DEUT',23,1,155,'2022-12-10 10:00:00','2022-12-10 12:00:00',5.8),(2218,'PR-DEUT',23,1,201,'2022-12-10 10:00:00','2022-12-10 12:00:00',2.6),(2219,'PR-DEUT',23,1,211,'2022-12-10 10:00:00','2022-12-10 12:00:00',5.2),(2220,'PR-DEUT',23,1,254,'2022-12-10 10:00:00','2022-12-10 12:00:00',2.6),(2221,'PR-DEUT',23,1,303,'2022-12-10 10:00:00','2022-12-10 12:00:00',5.6),(2222,'PR-DEUT',23,1,311,'2022-12-10 10:00:00','2022-12-10 12:00:00',5.0),(2223,'PR-DEUT',23,1,318,'2022-12-10 10:00:00','2022-12-10 12:00:00',4.4),(2224,'PR-DEUT',23,1,350,'2022-12-10 10:00:00','2022-12-10 12:00:00',5.8),(2225,'PR-LUBG',23,6,7,'2021-12-11 10:00:00','2021-12-11 12:00:00',2.9),(2226,'PR-LUBG',23,6,63,'2021-12-11 10:00:00','2021-12-11 12:00:00',4.7),(2227,'PR-LUBG',23,6,98,'2021-12-11 10:00:00','2021-12-11 12:00:00',4.3),(2228,'PR-LUBG',23,6,148,'2021-12-11 10:00:00','2021-12-11 12:00:00',3.0),(2229,'PR-LUBG',23,6,155,'2021-12-11 10:00:00','2021-12-11 12:00:00',5.9),(2230,'PR-LUBG',23,6,201,'2021-12-11 10:00:00','2021-12-11 12:00:00',5.8),(2231,'PR-LUBG',23,6,211,'2021-12-11 10:00:00','2021-12-11 12:00:00',5.5),(2232,'PR-LUBG',23,6,254,'2021-12-11 10:00:00','2021-12-11 12:00:00',5.6),(2233,'PR-LUBG',23,6,303,'2021-12-11 10:00:00','2021-12-11 12:00:00',5.7),(2234,'PR-LUBG',23,6,311,'2021-12-11 10:00:00','2021-12-11 12:00:00',5.6),(2235,'PR-LUBG',23,6,318,'2021-12-11 10:00:00','2021-12-11 12:00:00',5.5),(2236,'PR-LUBG',23,6,350,'2021-12-11 10:00:00','2021-12-11 12:00:00',5.5),(2237,'PR-ITBM',23,7,7,'2022-06-01 10:00:00','2022-06-01 12:00:00',5.8),(2238,'PR-ITBM',23,7,63,'2022-06-01 10:00:00','2022-06-01 12:00:00',3.1),(2239,'PR-ITBM',23,7,98,'2022-06-01 10:00:00','2022-06-01 12:00:00',5.5),(2240,'PR-ITBM',23,7,148,'2022-06-01 10:00:00','2022-06-01 12:00:00',5.6),(2241,'PR-ITBM',23,7,155,'2022-06-01 10:00:00','2022-06-01 12:00:00',5.5),(2242,'PR-ITBM',23,7,201,'2022-06-01 10:00:00','2022-06-01 12:00:00',5.6),(2243,'PR-ITBM',23,7,211,'2022-06-01 10:00:00','2022-06-01 12:00:00',5.2),(2244,'PR-ITBM',23,7,254,'2022-06-01 10:00:00','2022-06-01 12:00:00',5.7),(2245,'PR-ITBM',23,7,303,'2022-06-01 10:00:00','2022-06-01 12:00:00',3.6),(2246,'PR-ITBM',23,7,311,'2022-06-01 10:00:00','2022-06-01 12:00:00',5.1),(2247,'PR-ITBM',23,7,318,'2022-06-01 10:00:00','2022-06-01 12:00:00',4.8),(2248,'PR-ITBM',23,7,350,'2022-06-01 10:00:00','2022-06-01 12:00:00',5.2),(2249,'PR-SYEN',23,5,10,'2021-06-05 13:00:00','2021-06-05 15:00:00',4.4),(2250,'PR-SYEN',23,5,42,'2021-06-05 13:00:00','2021-06-05 15:00:00',5.2),(2251,'PR-SYEN',23,5,49,'2021-06-05 13:00:00','2021-06-05 15:00:00',5.8),(2252,'PR-SYEN',23,5,73,'2021-06-05 13:00:00','2021-06-05 15:00:00',4.8),(2253,'PR-SYEN',23,5,168,'2021-06-05 13:00:00','2021-06-05 15:00:00',5.2),(2254,'PR-SYEN',23,5,258,'2021-06-05 13:00:00','2021-06-05 15:00:00',3.6),(2255,'PR-SYEN',23,5,276,'2021-06-05 13:00:00','2021-06-05 15:00:00',5.7),(2256,'PR-ITAR',23,13,10,'2023-12-02 13:00:00','2023-12-02 15:00:00',5.4),(2257,'PR-ITAR',23,13,42,'2023-12-02 13:00:00','2023-12-02 15:00:00',3.3),(2258,'PR-ITAR',23,13,49,'2023-12-02 13:00:00','2023-12-02 15:00:00',5.1),(2259,'PR-ITAR',23,13,73,'2023-12-02 13:00:00','2023-12-02 15:00:00',5.3),(2260,'PR-ITAR',23,13,168,'2023-12-02 13:00:00','2023-12-02 15:00:00',2.8),(2261,'PR-ITAR',23,13,258,'2023-12-02 13:00:00','2023-12-02 15:00:00',3.4),(2262,'PR-ITAR',23,13,276,'2023-12-02 13:00:00','2023-12-02 15:00:00',5.8),(2263,'PR-DBWE',23,9,10,'2023-06-03 13:00:00','2023-06-03 15:00:00',5.9),(2264,'PR-DBWE',23,9,42,'2023-06-03 13:00:00','2023-06-03 15:00:00',3.0),(2265,'PR-DBWE',23,9,49,'2023-06-03 13:00:00','2023-06-03 15:00:00',5.4),(2266,'PR-DBWE',23,9,73,'2023-06-03 13:00:00','2023-06-03 15:00:00',5.5),(2267,'PR-DBWE',23,9,168,'2023-06-03 13:00:00','2023-06-03 15:00:00',6.0),(2268,'PR-DBWE',23,9,258,'2023-06-03 13:00:00','2023-06-03 15:00:00',4.7),(2269,'PR-DBWE',23,9,276,'2023-06-03 13:00:00','2023-06-03 15:00:00',3.2),(2270,'PR-MATH',23,3,10,'2022-06-11 08:30:00','2022-06-11 12:00:00',5.8),(2271,'PR-MATH',23,3,42,'2022-06-11 08:30:00','2022-06-11 12:00:00',3.3),(2272,'PR-MATH',23,3,49,'2022-06-11 08:30:00','2022-06-11 12:00:00',3.3),(2273,'PR-MATH',23,3,73,'2022-06-11 08:30:00','2022-06-11 12:00:00',4.9),(2274,'PR-MATH',23,3,168,'2022-06-11 08:30:00','2022-06-11 12:00:00',3.1),(2275,'PR-MATH',23,3,258,'2022-06-11 08:30:00','2022-06-11 12:00:00',5.7),(2276,'PR-MATH',23,3,276,'2022-06-11 08:30:00','2022-06-11 12:00:00',3.4),(2277,'PR-CLISE',23,8,10,'2022-06-14 13:00:00','2022-06-14 15:00:00',3.4),(2278,'PR-CLISE',23,8,42,'2022-06-14 13:00:00','2022-06-14 15:00:00',5.5),(2279,'PR-CLISE',23,8,49,'2022-06-14 13:00:00','2022-06-14 15:00:00',3.6),(2280,'PR-CLISE',23,8,73,'2022-06-14 13:00:00','2022-06-14 15:00:00',4.9),(2281,'PR-CLISE',23,8,168,'2022-06-14 13:00:00','2022-06-14 15:00:00',3.7),(2282,'PR-CLISE',23,8,258,'2022-06-14 13:00:00','2022-06-14 15:00:00',5.8),(2283,'PR-CLISE',23,8,276,'2022-06-14 13:00:00','2022-06-14 15:00:00',3.4),(2284,'PR-ENGL',23,2,10,'2021-11-06 10:00:00','2021-11-06 12:00:00',6.0),(2285,'PR-ENGL',23,2,42,'2021-11-06 10:00:00','2021-11-06 12:00:00',5.5),(2286,'PR-ENGL',23,2,49,'2021-11-06 10:00:00','2021-11-06 12:00:00',4.3),(2287,'PR-ENGL',23,2,73,'2021-11-06 10:00:00','2021-11-06 12:00:00',6.0),(2288,'PR-ENGL',23,2,168,'2021-11-06 10:00:00','2021-11-06 12:00:00',5.1),(2289,'PR-ENGL',23,2,258,'2021-11-06 10:00:00','2021-11-06 12:00:00',2.9),(2290,'PR-ENGL',23,2,276,'2021-11-06 10:00:00','2021-11-06 12:00:00',4.9),(2291,'PR-DEUT',23,1,10,'2021-11-27 10:00:00','2021-11-27 12:00:00',5.3),(2292,'PR-DEUT',23,1,42,'2021-11-27 10:00:00','2021-11-27 12:00:00',3.5),(2293,'PR-DEUT',23,1,49,'2021-11-27 10:00:00','2021-11-27 12:00:00',6.0),(2294,'PR-DEUT',23,1,73,'2021-11-27 10:00:00','2021-11-27 12:00:00',5.8),(2295,'PR-DEUT',23,1,168,'2021-11-27 10:00:00','2021-11-27 12:00:00',5.9),(2296,'PR-DEUT',23,1,258,'2021-11-27 10:00:00','2021-11-27 12:00:00',4.4),(2297,'PR-DEUT',23,1,276,'2021-11-27 10:00:00','2021-11-27 12:00:00',5.8),(2298,'PR-LUBG',23,6,10,'2021-06-12 08:30:00','2021-06-12 12:00:00',3.6),(2299,'PR-LUBG',23,6,42,'2021-06-12 08:30:00','2021-06-12 12:00:00',3.6),(2300,'PR-LUBG',23,6,49,'2021-06-12 08:30:00','2021-06-12 12:00:00',5.4),(2301,'PR-LUBG',23,6,73,'2021-06-12 08:30:00','2021-06-12 12:00:00',5.5),(2302,'PR-LUBG',23,6,168,'2021-06-12 08:30:00','2021-06-12 12:00:00',5.6),(2303,'PR-LUBG',23,6,258,'2021-06-12 08:30:00','2021-06-12 12:00:00',5.5),(2304,'PR-LUBG',23,6,276,'2021-06-12 08:30:00','2021-06-12 12:00:00',5.2),(2305,'PR-ITBM',23,7,10,'2021-07-03 10:00:00','2021-07-03 12:00:00',5.6),(2306,'PR-ITBM',23,7,42,'2021-07-03 10:00:00','2021-07-03 12:00:00',3.2),(2307,'PR-ITBM',23,7,49,'2021-07-03 10:00:00','2021-07-03 12:00:00',5.0),(2308,'PR-ITBM',23,7,73,'2021-07-03 10:00:00','2021-07-03 12:00:00',4.6),(2309,'PR-ITBM',23,7,168,'2021-07-03 10:00:00','2021-07-03 12:00:00',4.7),(2310,'PR-ITBM',23,7,258,'2021-07-03 10:00:00','2021-07-03 12:00:00',5.5),(2311,'PR-ITBM',23,7,276,'2021-07-03 10:00:00','2021-07-03 12:00:00',5.1),(2312,'PR-SYEN',23,5,20,'2020-12-05 10:00:00','2020-12-05 12:00:00',2.6),(2313,'PR-SYEN',23,5,58,'2020-12-05 10:00:00','2020-12-05 12:00:00',5.7),(2314,'PR-SYEN',23,5,114,'2020-12-05 10:00:00','2020-12-05 12:00:00',5.8),(2315,'PR-SYEN',23,5,115,'2020-12-05 10:00:00','2020-12-05 12:00:00',2.8),(2316,'PR-SYEN',23,5,185,'2020-12-05 10:00:00','2020-12-05 12:00:00',5.6),(2317,'PR-SYEN',23,5,209,'2020-12-05 10:00:00','2020-12-05 12:00:00',3.3),(2318,'PR-SYEN',23,5,249,'2020-12-05 10:00:00','2020-12-05 12:00:00',6.0),(2319,'PR-SYEN',23,5,291,'2020-12-05 10:00:00','2020-12-05 12:00:00',6.0),(2320,'PR-SYEN',23,5,320,'2020-12-05 10:00:00','2020-12-05 12:00:00',5.9),(2321,'PR-SYEN',23,5,329,'2020-12-05 10:00:00','2020-12-05 12:00:00',5.6),(2322,'PR-SYEN',23,5,341,'2020-12-05 10:00:00','2020-12-05 12:00:00',5.8),(2323,'PR-ITAR',23,13,20,'2023-06-03 10:00:00','2023-06-03 12:00:00',2.9),(2324,'PR-ITAR',23,13,58,'2023-06-03 10:00:00','2023-06-03 12:00:00',4.6),(2325,'PR-ITAR',23,13,114,'2023-06-03 10:00:00','2023-06-03 12:00:00',2.6),(2326,'PR-ITAR',23,13,115,'2023-06-03 10:00:00','2023-06-03 12:00:00',4.9),(2327,'PR-ITAR',23,13,185,'2023-06-03 10:00:00','2023-06-03 12:00:00',5.7),(2328,'PR-ITAR',23,13,209,'2023-06-03 10:00:00','2023-06-03 12:00:00',5.4),(2329,'PR-ITAR',23,13,249,'2023-06-03 10:00:00','2023-06-03 12:00:00',3.0),(2330,'PR-ITAR',23,13,291,'2023-06-03 10:00:00','2023-06-03 12:00:00',5.2),(2331,'PR-ITAR',23,13,320,'2023-06-03 10:00:00','2023-06-03 12:00:00',4.7),(2332,'PR-ITAR',23,13,329,'2023-06-03 10:00:00','2023-06-03 12:00:00',2.9),(2333,'PR-ITAR',23,13,341,'2023-06-03 10:00:00','2023-06-03 12:00:00',5.7),(2334,'PR-DBWE',23,9,20,'2022-12-03 10:00:00','2022-12-03 12:00:00',5.2),(2335,'PR-DBWE',23,9,58,'2022-12-03 10:00:00','2022-12-03 12:00:00',5.6),(2336,'PR-DBWE',23,9,114,'2022-12-03 10:00:00','2022-12-03 12:00:00',5.1),(2337,'PR-DBWE',23,9,115,'2022-12-03 10:00:00','2022-12-03 12:00:00',4.9),(2338,'PR-DBWE',23,9,185,'2022-12-03 10:00:00','2022-12-03 12:00:00',5.7),(2339,'PR-DBWE',23,9,209,'2022-12-03 10:00:00','2022-12-03 12:00:00',5.8),(2340,'PR-DBWE',23,9,249,'2022-12-03 10:00:00','2022-12-03 12:00:00',2.6),(2341,'PR-DBWE',23,9,291,'2022-12-03 10:00:00','2022-12-03 12:00:00',5.6),(2342,'PR-DBWE',23,9,320,'2022-12-03 10:00:00','2022-12-03 12:00:00',5.2),(2343,'PR-DBWE',23,9,329,'2022-12-03 10:00:00','2022-12-03 12:00:00',5.2),(2344,'PR-DBWE',23,9,341,'2022-12-03 10:00:00','2022-12-03 12:00:00',5.3),(2345,'PR-MATH',23,3,20,'2021-12-04 10:00:00','2021-12-04 12:00:00',5.7),(2346,'PR-MATH',23,3,58,'2021-12-04 10:00:00','2021-12-04 12:00:00',2.8),(2347,'PR-MATH',23,3,114,'2021-12-04 10:00:00','2021-12-04 12:00:00',6.0),(2348,'PR-MATH',23,3,115,'2021-12-04 10:00:00','2021-12-04 12:00:00',5.7),(2349,'PR-MATH',23,3,185,'2021-12-04 10:00:00','2021-12-04 12:00:00',6.0),(2350,'PR-MATH',23,3,209,'2021-12-04 10:00:00','2021-12-04 12:00:00',2.9),(2351,'PR-MATH',23,3,249,'2021-12-04 10:00:00','2021-12-04 12:00:00',3.3),(2352,'PR-MATH',23,3,291,'2021-12-04 10:00:00','2021-12-04 12:00:00',5.5),(2353,'PR-MATH',23,3,320,'2021-12-04 10:00:00','2021-12-04 12:00:00',5.6),(2354,'PR-MATH',23,3,329,'2021-12-04 10:00:00','2021-12-04 12:00:00',5.3),(2355,'PR-MATH',23,3,341,'2021-12-04 10:00:00','2021-12-04 12:00:00',3.6),(2356,'PR-CLISE',23,8,20,'2021-12-04 10:00:00','2021-12-04 12:00:00',5.8),(2357,'PR-CLISE',23,8,58,'2021-12-04 10:00:00','2021-12-04 12:00:00',6.0),(2358,'PR-CLISE',23,8,114,'2021-12-04 10:00:00','2021-12-04 12:00:00',5.9),(2359,'PR-CLISE',23,8,115,'2021-12-04 10:00:00','2021-12-04 12:00:00',5.2),(2360,'PR-CLISE',23,8,185,'2021-12-04 10:00:00','2021-12-04 12:00:00',6.0),(2361,'PR-CLISE',23,8,209,'2021-12-04 10:00:00','2021-12-04 12:00:00',5.3),(2362,'PR-CLISE',23,8,249,'2021-12-04 10:00:00','2021-12-04 12:00:00',5.9),(2363,'PR-CLISE',23,8,291,'2021-12-04 10:00:00','2021-12-04 12:00:00',5.5),(2364,'PR-CLISE',23,8,320,'2021-12-04 10:00:00','2021-12-04 12:00:00',5.9),(2365,'PR-CLISE',23,8,329,'2021-12-04 10:00:00','2021-12-04 12:00:00',5.5),(2366,'PR-CLISE',23,8,341,'2021-12-04 10:00:00','2021-12-04 12:00:00',5.8),(2367,'PR-ENGL',23,2,20,'2021-12-04 10:00:00','2021-12-04 12:00:00',4.3),(2368,'PR-ENGL',23,2,58,'2021-12-04 10:00:00','2021-12-04 12:00:00',5.3),(2369,'PR-ENGL',23,2,114,'2021-12-04 10:00:00','2021-12-04 12:00:00',5.3),(2370,'PR-ENGL',23,2,115,'2021-12-04 10:00:00','2021-12-04 12:00:00',5.2),(2371,'PR-ENGL',23,2,185,'2021-12-04 10:00:00','2021-12-04 12:00:00',5.8),(2372,'PR-ENGL',23,2,209,'2021-12-04 10:00:00','2021-12-04 12:00:00',5.2),(2373,'PR-ENGL',23,2,249,'2021-12-04 10:00:00','2021-12-04 12:00:00',5.2),(2374,'PR-ENGL',23,2,291,'2021-12-04 10:00:00','2021-12-04 12:00:00',5.3),(2375,'PR-ENGL',23,2,320,'2021-12-04 10:00:00','2021-12-04 12:00:00',5.4),(2376,'PR-ENGL',23,2,329,'2021-12-04 10:00:00','2021-12-04 12:00:00',6.0),(2377,'PR-ENGL',23,2,341,'2021-12-04 10:00:00','2021-12-04 12:00:00',4.9),(2378,'PR-DEUT',23,1,20,'2021-12-04 10:00:00','2021-12-04 12:00:00',5.4),(2379,'PR-DEUT',23,1,58,'2021-12-04 10:00:00','2021-12-04 12:00:00',3.8),(2380,'PR-DEUT',23,1,114,'2021-12-04 10:00:00','2021-12-04 12:00:00',5.9),(2381,'PR-DEUT',23,1,115,'2021-12-04 10:00:00','2021-12-04 12:00:00',3.2),(2382,'PR-DEUT',23,1,185,'2021-12-04 10:00:00','2021-12-04 12:00:00',4.7),(2383,'PR-DEUT',23,1,209,'2021-12-04 10:00:00','2021-12-04 12:00:00',2.9),(2384,'PR-DEUT',23,1,249,'2021-12-04 10:00:00','2021-12-04 12:00:00',5.6),(2385,'PR-DEUT',23,1,291,'2021-12-04 10:00:00','2021-12-04 12:00:00',2.6),(2386,'PR-DEUT',23,1,320,'2021-12-04 10:00:00','2021-12-04 12:00:00',3.2),(2387,'PR-DEUT',23,1,329,'2021-12-04 10:00:00','2021-12-04 12:00:00',5.6),(2388,'PR-DEUT',23,1,341,'2021-12-04 10:00:00','2021-12-04 12:00:00',3.8),(2389,'PR-LUBG',23,6,20,'2020-12-05 10:00:00','2020-12-05 12:00:00',6.0),(2390,'PR-LUBG',23,6,58,'2020-12-05 10:00:00','2020-12-05 12:00:00',5.1),(2391,'PR-LUBG',23,6,114,'2020-12-05 10:00:00','2020-12-05 12:00:00',3.2),(2392,'PR-LUBG',23,6,115,'2020-12-05 10:00:00','2020-12-05 12:00:00',5.9),(2393,'PR-LUBG',23,6,185,'2020-12-05 10:00:00','2020-12-05 12:00:00',5.7),(2394,'PR-LUBG',23,6,209,'2020-12-05 10:00:00','2020-12-05 12:00:00',5.8),(2395,'PR-LUBG',23,6,249,'2020-12-05 10:00:00','2020-12-05 12:00:00',3.0),(2396,'PR-LUBG',23,6,291,'2020-12-05 10:00:00','2020-12-05 12:00:00',5.7),(2397,'PR-LUBG',23,6,320,'2020-12-05 10:00:00','2020-12-05 12:00:00',3.1),(2398,'PR-LUBG',23,6,329,'2020-12-05 10:00:00','2020-12-05 12:00:00',6.0),(2399,'PR-LUBG',23,6,341,'2020-12-05 10:00:00','2020-12-05 12:00:00',5.6),(2400,'PR-ITBM',23,7,20,'2021-06-05 10:00:00','2021-06-05 12:00:00',5.4),(2401,'PR-ITBM',23,7,58,'2021-06-05 10:00:00','2021-06-05 12:00:00',4.8),(2402,'PR-ITBM',23,7,114,'2021-06-05 10:00:00','2021-06-05 12:00:00',3.0),(2403,'PR-ITBM',23,7,115,'2021-06-05 10:00:00','2021-06-05 12:00:00',4.6),(2404,'PR-ITBM',23,7,185,'2021-06-05 10:00:00','2021-06-05 12:00:00',5.8),(2405,'PR-ITBM',23,7,209,'2021-06-05 10:00:00','2021-06-05 12:00:00',3.0),(2406,'PR-ITBM',23,7,249,'2021-06-05 10:00:00','2021-06-05 12:00:00',5.4),(2407,'PR-ITBM',23,7,291,'2021-06-05 10:00:00','2021-06-05 12:00:00',5.7),(2408,'PR-ITBM',23,7,320,'2021-06-05 10:00:00','2021-06-05 12:00:00',2.6),(2409,'PR-ITBM',23,7,329,'2021-06-05 10:00:00','2021-06-05 12:00:00',4.8),(2410,'PR-ITBM',23,7,341,'2021-06-05 10:00:00','2021-06-05 12:00:00',5.9),(2411,'PR-MATH',9,3,83,'2024-06-02 13:00:00','2024-06-02 15:00:00',2.6),(2412,'PR-MATH',9,3,172,'2024-06-02 13:00:00','2024-06-02 15:00:00',5.0),(2413,'PR-MATH',9,3,175,'2024-06-02 13:00:00','2024-06-02 15:00:00',5.7),(2414,'PR-MATH',9,3,184,'2024-06-02 13:00:00','2024-06-02 15:00:00',5.2),(2415,'PR-MATH',9,3,186,'2024-06-02 13:00:00','2024-06-02 15:00:00',3.4),(2416,'PR-MATH',9,3,190,'2024-06-02 13:00:00','2024-06-02 15:00:00',6.0),(2417,'PR-MATH',9,3,246,'2024-06-02 13:00:00','2024-06-02 15:00:00',5.2),(2418,'PR-MATH',9,3,253,'2024-06-02 13:00:00','2024-06-02 15:00:00',2.6),(2419,'PR-MATH',9,3,315,'2024-06-02 13:00:00','2024-06-02 15:00:00',5.9),(2420,'PR-ENGL',9,2,83,'2024-06-02 13:00:00','2024-06-02 15:00:00',6.0),(2421,'PR-ENGL',9,2,172,'2024-06-02 13:00:00','2024-06-02 15:00:00',5.6),(2422,'PR-ENGL',9,2,175,'2024-06-02 13:00:00','2024-06-02 15:00:00',6.0),(2423,'PR-ENGL',9,2,184,'2024-06-02 13:00:00','2024-06-02 15:00:00',5.1),(2424,'PR-ENGL',9,2,186,'2024-06-02 13:00:00','2024-06-02 15:00:00',3.5),(2425,'PR-ENGL',9,2,190,'2024-06-02 13:00:00','2024-06-02 15:00:00',5.5),(2426,'PR-ENGL',9,2,246,'2024-06-02 13:00:00','2024-06-02 15:00:00',5.9),(2427,'PR-ENGL',9,2,253,'2024-06-02 13:00:00','2024-06-02 15:00:00',5.3),(2428,'PR-ENGL',9,2,315,'2024-06-02 13:00:00','2024-06-02 15:00:00',5.3),(2429,'PR-DEUT',9,1,83,'2024-06-02 13:00:00','2024-06-02 15:00:00',6.0),(2430,'PR-DEUT',9,1,172,'2024-06-02 13:00:00','2024-06-02 15:00:00',5.7),(2431,'PR-DEUT',9,1,175,'2024-06-02 13:00:00','2024-06-02 15:00:00',5.5),(2432,'PR-DEUT',9,1,184,'2024-06-02 13:00:00','2024-06-02 15:00:00',3.2),(2433,'PR-DEUT',9,1,186,'2024-06-02 13:00:00','2024-06-02 15:00:00',5.7),(2434,'PR-DEUT',9,1,190,'2024-06-02 13:00:00','2024-06-02 15:00:00',2.9),(2435,'PR-DEUT',9,1,246,'2024-06-02 13:00:00','2024-06-02 15:00:00',4.9),(2436,'PR-DEUT',9,1,253,'2024-06-02 13:00:00','2024-06-02 15:00:00',5.5),(2437,'PR-DEUT',9,1,315,'2024-06-02 13:00:00','2024-06-02 15:00:00',5.3),(2438,'PR-DBSQ',9,10,83,'2024-12-18 13:00:00','2024-12-18 15:00:00',5.8),(2439,'PR-DBSQ',9,10,172,'2024-12-18 13:00:00','2024-12-18 15:00:00',4.6),(2440,'PR-DBSQ',9,10,175,'2024-12-18 13:00:00','2024-12-18 15:00:00',3.3),(2441,'PR-DBSQ',9,10,184,'2024-12-18 13:00:00','2024-12-18 15:00:00',3.6),(2442,'PR-DBSQ',9,10,186,'2024-12-18 13:00:00','2024-12-18 15:00:00',5.5),(2443,'PR-DBSQ',9,10,190,'2024-12-18 13:00:00','2024-12-18 15:00:00',5.2),(2444,'PR-DBSQ',9,10,246,'2024-12-18 13:00:00','2024-12-18 15:00:00',5.4),(2445,'PR-DBSQ',9,10,253,'2024-12-18 13:00:00','2024-12-18 15:00:00',3.4),(2446,'PR-DBSQ',9,10,315,'2024-12-18 13:00:00','2024-12-18 15:00:00',5.2),(2447,'PR-BWL',9,11,83,'2023-12-16 13:00:00','2023-12-16 15:00:00',5.4),(2448,'PR-BWL',9,11,172,'2023-12-16 13:00:00','2023-12-16 15:00:00',5.2),(2449,'PR-BWL',9,11,175,'2023-12-16 13:00:00','2023-12-16 15:00:00',5.5),(2450,'PR-BWL',9,11,184,'2023-12-16 13:00:00','2023-12-16 15:00:00',3.4),(2451,'PR-BWL',9,11,186,'2023-12-16 13:00:00','2023-12-16 15:00:00',5.9),(2452,'PR-BWL',9,11,190,'2023-12-16 13:00:00','2023-12-16 15:00:00',5.5),(2453,'PR-BWL',9,11,246,'2023-12-16 13:00:00','2023-12-16 15:00:00',5.9),(2454,'PR-BWL',9,11,253,'2023-12-16 13:00:00','2023-12-16 15:00:00',5.9),(2455,'PR-BWL',9,11,315,'2023-12-16 13:00:00','2023-12-16 15:00:00',5.5),(2456,'PR-BUCH',9,12,83,'2023-06-17 13:00:00','2023-06-17 15:00:00',5.6),(2457,'PR-BUCH',9,12,172,'2023-06-17 13:00:00','2023-06-17 15:00:00',5.9),(2458,'PR-BUCH',9,12,175,'2023-06-17 13:00:00','2023-06-17 15:00:00',4.7),(2459,'PR-BUCH',9,12,184,'2023-06-17 13:00:00','2023-06-17 15:00:00',5.7),(2460,'PR-BUCH',9,12,186,'2023-06-17 13:00:00','2023-06-17 15:00:00',5.4),(2461,'PR-BUCH',9,12,190,'2023-06-17 13:00:00','2023-06-17 15:00:00',5.5),(2462,'PR-BUCH',9,12,246,'2023-06-17 13:00:00','2023-06-17 15:00:00',5.7),(2463,'PR-BUCH',9,12,253,'2023-06-17 13:00:00','2023-06-17 15:00:00',5.4),(2464,'PR-BUCH',9,12,315,'2023-06-17 13:00:00','2023-06-17 15:00:00',4.8),(2465,'PR-SYEN',9,5,83,'2023-06-17 13:00:00','2023-06-17 15:00:00',3.9),(2466,'PR-SYEN',9,5,172,'2023-06-17 13:00:00','2023-06-17 15:00:00',2.8),(2467,'PR-SYEN',9,5,175,'2023-06-17 13:00:00','2023-06-17 15:00:00',5.9),(2468,'PR-SYEN',9,5,184,'2023-06-17 13:00:00','2023-06-17 15:00:00',5.4),(2469,'PR-SYEN',9,5,186,'2023-06-17 13:00:00','2023-06-17 15:00:00',3.5),(2470,'PR-SYEN',9,5,190,'2023-06-17 13:00:00','2023-06-17 15:00:00',5.1),(2471,'PR-SYEN',9,5,246,'2023-06-17 13:00:00','2023-06-17 15:00:00',5.5),(2472,'PR-SYEN',9,5,253,'2023-06-17 13:00:00','2023-06-17 15:00:00',4.9),(2473,'PR-SYEN',9,5,315,'2023-06-17 13:00:00','2023-06-17 15:00:00',3.9),(2474,'PR-MATH',9,3,24,'2023-12-16 10:00:00','2023-12-16 12:00:00',2.6),(2475,'PR-MATH',9,3,32,'2023-12-16 10:00:00','2023-12-16 12:00:00',5.4),(2476,'PR-MATH',9,3,40,'2023-12-16 10:00:00','2023-12-16 12:00:00',4.9),(2477,'PR-MATH',9,3,43,'2023-12-16 10:00:00','2023-12-16 12:00:00',4.6),(2478,'PR-MATH',9,3,128,'2023-12-16 10:00:00','2023-12-16 12:00:00',4.8),(2479,'PR-MATH',9,3,142,'2023-12-16 10:00:00','2023-12-16 12:00:00',5.2),(2480,'PR-MATH',9,3,144,'2023-12-16 10:00:00','2023-12-16 12:00:00',3.4),(2481,'PR-MATH',9,3,160,'2023-12-16 10:00:00','2023-12-16 12:00:00',5.3),(2482,'PR-MATH',9,3,212,'2023-12-16 10:00:00','2023-12-16 12:00:00',2.6),(2483,'PR-MATH',9,3,222,'2023-12-16 10:00:00','2023-12-16 12:00:00',6.0),(2484,'PR-MATH',9,3,224,'2023-12-16 10:00:00','2023-12-16 12:00:00',3.4),(2485,'PR-MATH',9,3,327,'2023-12-16 10:00:00','2023-12-16 12:00:00',5.1),(2486,'PR-MATH',9,3,335,'2023-12-16 10:00:00','2023-12-16 12:00:00',5.3),(2487,'PR-ENGL',9,2,24,'2023-12-16 10:00:00','2023-12-16 12:00:00',5.5),(2488,'PR-ENGL',9,2,32,'2023-12-16 10:00:00','2023-12-16 12:00:00',5.9),(2489,'PR-ENGL',9,2,40,'2023-12-16 10:00:00','2023-12-16 12:00:00',3.6),(2490,'PR-ENGL',9,2,43,'2023-12-16 10:00:00','2023-12-16 12:00:00',2.9),(2491,'PR-ENGL',9,2,128,'2023-12-16 10:00:00','2023-12-16 12:00:00',5.5),(2492,'PR-ENGL',9,2,142,'2023-12-16 10:00:00','2023-12-16 12:00:00',2.9),(2493,'PR-ENGL',9,2,144,'2023-12-16 10:00:00','2023-12-16 12:00:00',5.3),(2494,'PR-ENGL',9,2,160,'2023-12-16 10:00:00','2023-12-16 12:00:00',5.6),(2495,'PR-ENGL',9,2,212,'2023-12-16 10:00:00','2023-12-16 12:00:00',6.0),(2496,'PR-ENGL',9,2,222,'2023-12-16 10:00:00','2023-12-16 12:00:00',4.6),(2497,'PR-ENGL',9,2,224,'2023-12-16 10:00:00','2023-12-16 12:00:00',4.9),(2498,'PR-ENGL',9,2,327,'2023-12-16 10:00:00','2023-12-16 12:00:00',5.9),(2499,'PR-ENGL',9,2,335,'2023-12-16 10:00:00','2023-12-16 12:00:00',5.3),(2500,'PR-DEUT',9,1,24,'2023-12-16 10:00:00','2023-12-16 12:00:00',3.5),(2501,'PR-DEUT',9,1,32,'2023-12-16 10:00:00','2023-12-16 12:00:00',5.5),(2502,'PR-DEUT',9,1,40,'2023-12-16 10:00:00','2023-12-16 12:00:00',5.7),(2503,'PR-DEUT',9,1,43,'2023-12-16 10:00:00','2023-12-16 12:00:00',4.4),(2504,'PR-DEUT',9,1,128,'2023-12-16 10:00:00','2023-12-16 12:00:00',2.6),(2505,'PR-DEUT',9,1,142,'2023-12-16 10:00:00','2023-12-16 12:00:00',5.5),(2506,'PR-DEUT',9,1,144,'2023-12-16 10:00:00','2023-12-16 12:00:00',4.3),(2507,'PR-DEUT',9,1,160,'2023-12-16 10:00:00','2023-12-16 12:00:00',5.2),(2508,'PR-DEUT',9,1,212,'2023-12-16 10:00:00','2023-12-16 12:00:00',5.7),(2509,'PR-DEUT',9,1,222,'2023-12-16 10:00:00','2023-12-16 12:00:00',5.0),(2510,'PR-DEUT',9,1,224,'2023-12-16 10:00:00','2023-12-16 12:00:00',3.8),(2511,'PR-DEUT',9,1,327,'2023-12-16 10:00:00','2023-12-16 12:00:00',2.6),(2512,'PR-DEUT',9,1,335,'2023-12-16 10:00:00','2023-12-16 12:00:00',5.3),(2513,'PR-DBSQ',9,10,24,'2024-06-02 10:00:00','2024-06-02 12:00:00',2.9),(2514,'PR-DBSQ',9,10,32,'2024-06-02 10:00:00','2024-06-02 12:00:00',3.6),(2515,'PR-DBSQ',9,10,40,'2024-06-02 10:00:00','2024-06-02 12:00:00',5.3),(2516,'PR-DBSQ',9,10,43,'2024-06-02 10:00:00','2024-06-02 12:00:00',5.4),(2517,'PR-DBSQ',9,10,128,'2024-06-02 10:00:00','2024-06-02 12:00:00',5.3),(2518,'PR-DBSQ',9,10,142,'2024-06-02 10:00:00','2024-06-02 12:00:00',6.0),(2519,'PR-DBSQ',9,10,144,'2024-06-02 10:00:00','2024-06-02 12:00:00',4.9),(2520,'PR-DBSQ',9,10,160,'2024-06-02 10:00:00','2024-06-02 12:00:00',5.4),(2521,'PR-DBSQ',9,10,212,'2024-06-02 10:00:00','2024-06-02 12:00:00',4.8),(2522,'PR-DBSQ',9,10,222,'2024-06-02 10:00:00','2024-06-02 12:00:00',3.1),(2523,'PR-DBSQ',9,10,224,'2024-06-02 10:00:00','2024-06-02 12:00:00',5.2),(2524,'PR-DBSQ',9,10,327,'2024-06-02 10:00:00','2024-06-02 12:00:00',5.7),(2525,'PR-DBSQ',9,10,335,'2024-06-02 10:00:00','2024-06-02 12:00:00',4.8),(2526,'PR-BWL',9,11,24,'2023-06-17 10:00:00','2023-06-17 12:00:00',5.8),(2527,'PR-BWL',9,11,32,'2023-06-17 10:00:00','2023-06-17 12:00:00',5.4),(2528,'PR-BWL',9,11,40,'2023-06-17 10:00:00','2023-06-17 12:00:00',4.9),(2529,'PR-BWL',9,11,43,'2023-06-17 10:00:00','2023-06-17 12:00:00',3.0),(2530,'PR-BWL',9,11,128,'2023-06-17 10:00:00','2023-06-17 12:00:00',3.3),(2531,'PR-BWL',9,11,142,'2023-06-17 10:00:00','2023-06-17 12:00:00',4.6),(2532,'PR-BWL',9,11,144,'2023-06-17 10:00:00','2023-06-17 12:00:00',5.8),(2533,'PR-BWL',9,11,160,'2023-06-17 10:00:00','2023-06-17 12:00:00',5.2),(2534,'PR-BWL',9,11,212,'2023-06-17 10:00:00','2023-06-17 12:00:00',5.5),(2535,'PR-BWL',9,11,222,'2023-06-17 10:00:00','2023-06-17 12:00:00',6.0),(2536,'PR-BWL',9,11,224,'2023-06-17 10:00:00','2023-06-17 12:00:00',4.7),(2537,'PR-BWL',9,11,327,'2023-06-17 10:00:00','2023-06-17 12:00:00',5.6),(2538,'PR-BWL',9,11,335,'2023-06-17 10:00:00','2023-06-17 12:00:00',5.6),(2539,'PR-BUCH',9,12,24,'2022-12-17 10:00:00','2022-12-17 12:00:00',5.5),(2540,'PR-BUCH',9,12,32,'2022-12-17 10:00:00','2022-12-17 12:00:00',5.0),(2541,'PR-BUCH',9,12,40,'2022-12-17 10:00:00','2022-12-17 12:00:00',3.3),(2542,'PR-BUCH',9,12,43,'2022-12-17 10:00:00','2022-12-17 12:00:00',5.4),(2543,'PR-BUCH',9,12,128,'2022-12-17 10:00:00','2022-12-17 12:00:00',5.5),(2544,'PR-BUCH',9,12,142,'2022-12-17 10:00:00','2022-12-17 12:00:00',5.6),(2545,'PR-BUCH',9,12,144,'2022-12-17 10:00:00','2022-12-17 12:00:00',5.1),(2546,'PR-BUCH',9,12,160,'2022-12-17 10:00:00','2022-12-17 12:00:00',3.4),(2547,'PR-BUCH',9,12,212,'2022-12-17 10:00:00','2022-12-17 12:00:00',2.8),(2548,'PR-BUCH',9,12,222,'2022-12-17 10:00:00','2022-12-17 12:00:00',3.3),(2549,'PR-BUCH',9,12,224,'2022-12-17 10:00:00','2022-12-17 12:00:00',5.8),(2550,'PR-BUCH',9,12,327,'2022-12-17 10:00:00','2022-12-17 12:00:00',3.4),(2551,'PR-BUCH',9,12,335,'2022-12-17 10:00:00','2022-12-17 12:00:00',2.9),(2552,'PR-SYEN',9,5,24,'2022-12-17 10:00:00','2022-12-17 12:00:00',4.8),(2553,'PR-SYEN',9,5,32,'2022-12-17 10:00:00','2022-12-17 12:00:00',4.7),(2554,'PR-SYEN',9,5,40,'2022-12-17 10:00:00','2022-12-17 12:00:00',5.7),(2555,'PR-SYEN',9,5,43,'2022-12-17 10:00:00','2022-12-17 12:00:00',5.4),(2556,'PR-SYEN',9,5,128,'2022-12-17 10:00:00','2022-12-17 12:00:00',5.5),(2557,'PR-SYEN',9,5,142,'2022-12-17 10:00:00','2022-12-17 12:00:00',5.6),(2558,'PR-SYEN',9,5,144,'2022-12-17 10:00:00','2022-12-17 12:00:00',5.0),(2559,'PR-SYEN',9,5,160,'2022-12-17 10:00:00','2022-12-17 12:00:00',5.7),(2560,'PR-SYEN',9,5,212,'2022-12-17 10:00:00','2022-12-17 12:00:00',5.2),(2561,'PR-SYEN',9,5,222,'2022-12-17 10:00:00','2022-12-17 12:00:00',5.2),(2562,'PR-SYEN',9,5,224,'2022-12-17 10:00:00','2022-12-17 12:00:00',5.4),(2563,'PR-SYEN',9,5,327,'2022-12-17 10:00:00','2022-12-17 12:00:00',5.6),(2564,'PR-SYEN',9,5,335,'2022-12-17 10:00:00','2022-12-17 12:00:00',2.6),(2565,'PR-MATH',9,3,21,'2023-06-10 13:00:00','2023-06-10 15:00:00',5.3),(2566,'PR-MATH',9,3,47,'2023-06-10 13:00:00','2023-06-10 15:00:00',3.1),(2567,'PR-MATH',9,3,81,'2023-06-10 13:00:00','2023-06-10 15:00:00',5.0),(2568,'PR-MATH',9,3,162,'2023-06-10 13:00:00','2023-06-10 15:00:00',5.1),(2569,'PR-MATH',9,3,197,'2023-06-10 13:00:00','2023-06-10 15:00:00',5.5),(2570,'PR-MATH',9,3,308,'2023-06-10 13:00:00','2023-06-10 15:00:00',3.1),(2571,'PR-MATH',9,3,321,'2023-06-10 13:00:00','2023-06-10 15:00:00',3.0),(2572,'PR-MATH',9,3,325,'2023-06-10 13:00:00','2023-06-10 15:00:00',3.6),(2573,'PR-MATH',9,3,349,'2023-06-10 13:00:00','2023-06-10 15:00:00',5.8),(2574,'PR-ENGL',9,2,21,'2023-06-10 13:00:00','2023-06-10 15:00:00',5.7),(2575,'PR-ENGL',9,2,47,'2023-06-10 13:00:00','2023-06-10 15:00:00',5.4),(2576,'PR-ENGL',9,2,81,'2023-06-10 13:00:00','2023-06-10 15:00:00',6.0),(2577,'PR-ENGL',9,2,162,'2023-06-10 13:00:00','2023-06-10 15:00:00',5.6),(2578,'PR-ENGL',9,2,197,'2023-06-10 13:00:00','2023-06-10 15:00:00',5.4),(2579,'PR-ENGL',9,2,308,'2023-06-10 13:00:00','2023-06-10 15:00:00',4.8),(2580,'PR-ENGL',9,2,321,'2023-06-10 13:00:00','2023-06-10 15:00:00',3.6),(2581,'PR-ENGL',9,2,325,'2023-06-10 13:00:00','2023-06-10 15:00:00',3.4),(2582,'PR-ENGL',9,2,349,'2023-06-10 13:00:00','2023-06-10 15:00:00',6.0),(2583,'PR-DEUT',9,1,21,'2023-06-10 13:00:00','2023-06-10 15:00:00',4.4),(2584,'PR-DEUT',9,1,47,'2023-06-10 13:00:00','2023-06-10 15:00:00',4.7),(2585,'PR-DEUT',9,1,81,'2023-06-10 13:00:00','2023-06-10 15:00:00',5.1),(2586,'PR-DEUT',9,1,162,'2023-06-10 13:00:00','2023-06-10 15:00:00',4.4),(2587,'PR-DEUT',9,1,197,'2023-06-10 13:00:00','2023-06-10 15:00:00',2.9),(2588,'PR-DEUT',9,1,308,'2023-06-10 13:00:00','2023-06-10 15:00:00',4.6),(2589,'PR-DEUT',9,1,321,'2023-06-10 13:00:00','2023-06-10 15:00:00',4.3),(2590,'PR-DEUT',9,1,325,'2023-06-10 13:00:00','2023-06-10 15:00:00',5.8),(2591,'PR-DEUT',9,1,349,'2023-06-10 13:00:00','2023-06-10 15:00:00',3.8),(2592,'PR-DBSQ',9,10,21,'2023-12-09 13:00:00','2023-12-09 15:00:00',4.7),(2593,'PR-DBSQ',9,10,47,'2023-12-09 13:00:00','2023-12-09 15:00:00',5.3),(2594,'PR-DBSQ',9,10,81,'2023-12-09 13:00:00','2023-12-09 15:00:00',3.0),(2595,'PR-DBSQ',9,10,162,'2023-12-09 13:00:00','2023-12-09 15:00:00',5.9),(2596,'PR-DBSQ',9,10,197,'2023-12-09 13:00:00','2023-12-09 15:00:00',2.6),(2597,'PR-DBSQ',9,10,308,'2023-12-09 13:00:00','2023-12-09 15:00:00',5.5),(2598,'PR-DBSQ',9,10,321,'2023-12-09 13:00:00','2023-12-09 15:00:00',4.9),(2599,'PR-DBSQ',9,10,325,'2023-12-09 13:00:00','2023-12-09 15:00:00',2.6),(2600,'PR-DBSQ',9,10,349,'2023-12-09 13:00:00','2023-12-09 15:00:00',3.2),(2601,'PR-BWL',9,11,21,'2022-12-10 13:00:00','2022-12-10 15:00:00',5.8),(2602,'PR-BWL',9,11,47,'2022-12-10 13:00:00','2022-12-10 15:00:00',3.1),(2603,'PR-BWL',9,11,81,'2022-12-10 13:00:00','2022-12-10 15:00:00',5.7),(2604,'PR-BWL',9,11,162,'2022-12-10 13:00:00','2022-12-10 15:00:00',4.6),(2605,'PR-BWL',9,11,197,'2022-12-10 13:00:00','2022-12-10 15:00:00',6.0),(2606,'PR-BWL',9,11,308,'2022-12-10 13:00:00','2022-12-10 15:00:00',3.4),(2607,'PR-BWL',9,11,321,'2022-12-10 13:00:00','2022-12-10 15:00:00',5.5),(2608,'PR-BWL',9,11,325,'2022-12-10 13:00:00','2022-12-10 15:00:00',4.7),(2609,'PR-BWL',9,11,349,'2022-12-10 13:00:00','2022-12-10 15:00:00',5.3),(2610,'PR-BUCH',9,12,21,'2022-06-01 13:00:00','2022-06-01 15:00:00',4.6),(2611,'PR-BUCH',9,12,47,'2022-06-01 13:00:00','2022-06-01 15:00:00',5.4),(2612,'PR-BUCH',9,12,81,'2022-06-01 13:00:00','2022-06-01 15:00:00',5.4),(2613,'PR-BUCH',9,12,162,'2022-06-01 13:00:00','2022-06-01 15:00:00',5.2),(2614,'PR-BUCH',9,12,197,'2022-06-01 13:00:00','2022-06-01 15:00:00',5.8),(2615,'PR-BUCH',9,12,308,'2022-06-01 13:00:00','2022-06-01 15:00:00',5.5),(2616,'PR-BUCH',9,12,321,'2022-06-01 13:00:00','2022-06-01 15:00:00',6.0),(2617,'PR-BUCH',9,12,325,'2022-06-01 13:00:00','2022-06-01 15:00:00',5.2),(2618,'PR-BUCH',9,12,349,'2022-06-01 13:00:00','2022-06-01 15:00:00',5.8),(2619,'PR-SYEN',9,5,21,'2022-06-01 13:00:00','2022-06-01 15:00:00',4.8),(2620,'PR-SYEN',9,5,47,'2022-06-01 13:00:00','2022-06-01 15:00:00',5.6),(2621,'PR-SYEN',9,5,81,'2022-06-01 13:00:00','2022-06-01 15:00:00',5.8),(2622,'PR-SYEN',9,5,162,'2022-06-01 13:00:00','2022-06-01 15:00:00',4.9),(2623,'PR-SYEN',9,5,197,'2022-06-01 13:00:00','2022-06-01 15:00:00',6.0),(2624,'PR-SYEN',9,5,308,'2022-06-01 13:00:00','2022-06-01 15:00:00',5.8),(2625,'PR-SYEN',9,5,321,'2022-06-01 13:00:00','2022-06-01 15:00:00',5.8),(2626,'PR-SYEN',9,5,325,'2022-06-01 13:00:00','2022-06-01 15:00:00',6.0),(2627,'PR-SYEN',9,5,349,'2022-06-01 13:00:00','2022-06-01 15:00:00',5.8),(2628,'PR-MATH',9,3,4,'2022-12-10 10:00:00','2022-12-10 12:00:00',3.0),(2629,'PR-MATH',9,3,37,'2022-12-10 10:00:00','2022-12-10 12:00:00',3.0),(2630,'PR-MATH',9,3,92,'2022-12-10 10:00:00','2022-12-10 12:00:00',5.6),(2631,'PR-MATH',9,3,95,'2022-12-10 10:00:00','2022-12-10 12:00:00',2.9),(2632,'PR-MATH',9,3,102,'2022-12-10 10:00:00','2022-12-10 12:00:00',5.4),(2633,'PR-MATH',9,3,180,'2022-12-10 10:00:00','2022-12-10 12:00:00',5.5),(2634,'PR-MATH',9,3,226,'2022-12-10 10:00:00','2022-12-10 12:00:00',5.3),(2635,'PR-MATH',9,3,230,'2022-12-10 10:00:00','2022-12-10 12:00:00',5.5),(2636,'PR-MATH',9,3,231,'2022-12-10 10:00:00','2022-12-10 12:00:00',5.9),(2637,'PR-MATH',9,3,264,'2022-12-10 10:00:00','2022-12-10 12:00:00',5.4),(2638,'PR-MATH',9,3,283,'2022-12-10 10:00:00','2022-12-10 12:00:00',5.1),(2639,'PR-MATH',9,3,286,'2022-12-10 10:00:00','2022-12-10 12:00:00',5.8),(2640,'PR-MATH',9,3,338,'2022-12-10 10:00:00','2022-12-10 12:00:00',5.6),(2641,'PR-ENGL',9,2,4,'2022-12-10 10:00:00','2022-12-10 12:00:00',6.0),(2642,'PR-ENGL',9,2,37,'2022-12-10 10:00:00','2022-12-10 12:00:00',3.4),(2643,'PR-ENGL',9,2,92,'2022-12-10 10:00:00','2022-12-10 12:00:00',5.5),(2644,'PR-ENGL',9,2,95,'2022-12-10 10:00:00','2022-12-10 12:00:00',5.6),(2645,'PR-ENGL',9,2,102,'2022-12-10 10:00:00','2022-12-10 12:00:00',5.4),(2646,'PR-ENGL',9,2,180,'2022-12-10 10:00:00','2022-12-10 12:00:00',5.9),(2647,'PR-ENGL',9,2,226,'2022-12-10 10:00:00','2022-12-10 12:00:00',5.0),(2648,'PR-ENGL',9,2,230,'2022-12-10 10:00:00','2022-12-10 12:00:00',4.3),(2649,'PR-ENGL',9,2,231,'2022-12-10 10:00:00','2022-12-10 12:00:00',5.6),(2650,'PR-ENGL',9,2,264,'2022-12-10 10:00:00','2022-12-10 12:00:00',4.6),(2651,'PR-ENGL',9,2,283,'2022-12-10 10:00:00','2022-12-10 12:00:00',5.9),(2652,'PR-ENGL',9,2,286,'2022-12-10 10:00:00','2022-12-10 12:00:00',5.6),(2653,'PR-ENGL',9,2,338,'2022-12-10 10:00:00','2022-12-10 12:00:00',4.3),(2654,'PR-DEUT',9,1,4,'2022-12-10 10:00:00','2022-12-10 12:00:00',5.5),(2655,'PR-DEUT',9,1,37,'2022-12-10 10:00:00','2022-12-10 12:00:00',5.2),(2656,'PR-DEUT',9,1,92,'2022-12-10 10:00:00','2022-12-10 12:00:00',5.6),(2657,'PR-DEUT',9,1,95,'2022-12-10 10:00:00','2022-12-10 12:00:00',3.8),(2658,'PR-DEUT',9,1,102,'2022-12-10 10:00:00','2022-12-10 12:00:00',5.8),(2659,'PR-DEUT',9,1,180,'2022-12-10 10:00:00','2022-12-10 12:00:00',4.4),(2660,'PR-DEUT',9,1,226,'2022-12-10 10:00:00','2022-12-10 12:00:00',2.9),(2661,'PR-DEUT',9,1,230,'2022-12-10 10:00:00','2022-12-10 12:00:00',4.4),(2662,'PR-DEUT',9,1,231,'2022-12-10 10:00:00','2022-12-10 12:00:00',5.8),(2663,'PR-DEUT',9,1,264,'2022-12-10 10:00:00','2022-12-10 12:00:00',5.6),(2664,'PR-DEUT',9,1,283,'2022-12-10 10:00:00','2022-12-10 12:00:00',5.3),(2665,'PR-DEUT',9,1,286,'2022-12-10 10:00:00','2022-12-10 12:00:00',5.9),(2666,'PR-DEUT',9,1,338,'2022-12-10 10:00:00','2022-12-10 12:00:00',5.2),(2667,'PR-DBSQ',9,10,4,'2023-06-10 10:00:00','2023-06-10 12:00:00',5.1),(2668,'PR-DBSQ',9,10,37,'2023-06-10 10:00:00','2023-06-10 12:00:00',5.7),(2669,'PR-DBSQ',9,10,92,'2023-06-10 10:00:00','2023-06-10 12:00:00',4.8),(2670,'PR-DBSQ',9,10,95,'2023-06-10 10:00:00','2023-06-10 12:00:00',5.7),(2671,'PR-DBSQ',9,10,102,'2023-06-10 10:00:00','2023-06-10 12:00:00',6.0),(2672,'PR-DBSQ',9,10,180,'2023-06-10 10:00:00','2023-06-10 12:00:00',3.3),(2673,'PR-DBSQ',9,10,226,'2023-06-10 10:00:00','2023-06-10 12:00:00',5.7),(2674,'PR-DBSQ',9,10,230,'2023-06-10 10:00:00','2023-06-10 12:00:00',5.5),(2675,'PR-DBSQ',9,10,231,'2023-06-10 10:00:00','2023-06-10 12:00:00',4.8),(2676,'PR-DBSQ',9,10,264,'2023-06-10 10:00:00','2023-06-10 12:00:00',5.8),(2677,'PR-DBSQ',9,10,283,'2023-06-10 10:00:00','2023-06-10 12:00:00',5.2),(2678,'PR-DBSQ',9,10,286,'2023-06-10 10:00:00','2023-06-10 12:00:00',3.2),(2679,'PR-DBSQ',9,10,338,'2023-06-10 10:00:00','2023-06-10 12:00:00',5.2),(2680,'PR-BWL',9,11,4,'2022-06-01 10:00:00','2022-06-01 12:00:00',5.9),(2681,'PR-BWL',9,11,37,'2022-06-01 10:00:00','2022-06-01 12:00:00',5.7),(2682,'PR-BWL',9,11,92,'2022-06-01 10:00:00','2022-06-01 12:00:00',5.7),(2683,'PR-BWL',9,11,95,'2022-06-01 10:00:00','2022-06-01 12:00:00',5.2),(2684,'PR-BWL',9,11,102,'2022-06-01 10:00:00','2022-06-01 12:00:00',3.4),(2685,'PR-BWL',9,11,180,'2022-06-01 10:00:00','2022-06-01 12:00:00',5.7),(2686,'PR-BWL',9,11,226,'2022-06-01 10:00:00','2022-06-01 12:00:00',5.4),(2687,'PR-BWL',9,11,230,'2022-06-01 10:00:00','2022-06-01 12:00:00',6.0),(2688,'PR-BWL',9,11,231,'2022-06-01 10:00:00','2022-06-01 12:00:00',5.7),(2689,'PR-BWL',9,11,264,'2022-06-01 10:00:00','2022-06-01 12:00:00',5.5),(2690,'PR-BWL',9,11,283,'2022-06-01 10:00:00','2022-06-01 12:00:00',2.8),(2691,'PR-BWL',9,11,286,'2022-06-01 10:00:00','2022-06-01 12:00:00',5.4),(2692,'PR-BWL',9,11,338,'2022-06-01 10:00:00','2022-06-01 12:00:00',2.9),(2693,'PR-BUCH',9,12,4,'2021-12-11 10:00:00','2021-12-11 12:00:00',2.9),(2694,'PR-BUCH',9,12,37,'2021-12-11 10:00:00','2021-12-11 12:00:00',3.6),(2695,'PR-BUCH',9,12,92,'2021-12-11 10:00:00','2021-12-11 12:00:00',5.4),(2696,'PR-BUCH',9,12,95,'2021-12-11 10:00:00','2021-12-11 12:00:00',5.9),(2697,'PR-BUCH',9,12,102,'2021-12-11 10:00:00','2021-12-11 12:00:00',5.1),(2698,'PR-BUCH',9,12,180,'2021-12-11 10:00:00','2021-12-11 12:00:00',3.2),(2699,'PR-BUCH',9,12,226,'2021-12-11 10:00:00','2021-12-11 12:00:00',5.5),(2700,'PR-BUCH',9,12,230,'2021-12-11 10:00:00','2021-12-11 12:00:00',6.0),(2701,'PR-BUCH',9,12,231,'2021-12-11 10:00:00','2021-12-11 12:00:00',5.9),(2702,'PR-BUCH',9,12,264,'2021-12-11 10:00:00','2021-12-11 12:00:00',5.4),(2703,'PR-BUCH',9,12,283,'2021-12-11 10:00:00','2021-12-11 12:00:00',5.2),(2704,'PR-BUCH',9,12,286,'2021-12-11 10:00:00','2021-12-11 12:00:00',6.0),(2705,'PR-BUCH',9,12,338,'2021-12-11 10:00:00','2021-12-11 12:00:00',5.8),(2706,'PR-SYEN',9,5,4,'2021-12-11 10:00:00','2021-12-11 12:00:00',5.7),(2707,'PR-SYEN',9,5,37,'2021-12-11 10:00:00','2021-12-11 12:00:00',2.5),(2708,'PR-SYEN',9,5,92,'2021-12-11 10:00:00','2021-12-11 12:00:00',5.1),(2709,'PR-SYEN',9,5,95,'2021-12-11 10:00:00','2021-12-11 12:00:00',5.7),(2710,'PR-SYEN',9,5,102,'2021-12-11 10:00:00','2021-12-11 12:00:00',5.4),(2711,'PR-SYEN',9,5,180,'2021-12-11 10:00:00','2021-12-11 12:00:00',5.8),(2712,'PR-SYEN',9,5,226,'2021-12-11 10:00:00','2021-12-11 12:00:00',5.1),(2713,'PR-SYEN',9,5,230,'2021-12-11 10:00:00','2021-12-11 12:00:00',4.9),(2714,'PR-SYEN',9,5,231,'2021-12-11 10:00:00','2021-12-11 12:00:00',5.7),(2715,'PR-SYEN',9,5,264,'2021-12-11 10:00:00','2021-12-11 12:00:00',5.5),(2716,'PR-SYEN',9,5,283,'2021-12-11 10:00:00','2021-12-11 12:00:00',5.9),(2717,'PR-SYEN',9,5,286,'2021-12-11 10:00:00','2021-12-11 12:00:00',2.6),(2718,'PR-SYEN',9,5,338,'2021-12-11 10:00:00','2021-12-11 12:00:00',5.0),(2719,'PR-MATH',9,3,48,'2022-06-11 08:30:00','2022-06-11 12:00:00',5.2),(2720,'PR-MATH',9,3,93,'2022-06-11 08:30:00','2022-06-11 12:00:00',5.4),(2721,'PR-MATH',9,3,106,'2022-06-11 08:30:00','2022-06-11 12:00:00',5.3),(2722,'PR-MATH',9,3,108,'2022-06-11 08:30:00','2022-06-11 12:00:00',5.5),(2723,'PR-MATH',9,3,150,'2022-06-11 08:30:00','2022-06-11 12:00:00',5.9),(2724,'PR-MATH',9,3,170,'2022-06-11 08:30:00','2022-06-11 12:00:00',5.2),(2725,'PR-MATH',9,3,237,'2022-06-11 08:30:00','2022-06-11 12:00:00',5.8),(2726,'PR-MATH',9,3,248,'2022-06-11 08:30:00','2022-06-11 12:00:00',3.3),(2727,'PR-MATH',9,3,285,'2022-06-11 08:30:00','2022-06-11 12:00:00',5.5),(2728,'PR-MATH',9,3,323,'2022-06-11 08:30:00','2022-06-11 12:00:00',5.8),(2729,'PR-MATH',9,3,346,'2022-06-11 08:30:00','2022-06-11 12:00:00',2.6),(2730,'PR-ENGL',9,2,48,'2021-11-06 10:00:00','2021-11-06 12:00:00',5.6),(2731,'PR-ENGL',9,2,93,'2021-11-06 10:00:00','2021-11-06 12:00:00',5.3),(2732,'PR-ENGL',9,2,106,'2021-11-06 10:00:00','2021-11-06 12:00:00',5.6),(2733,'PR-ENGL',9,2,108,'2021-11-06 10:00:00','2021-11-06 12:00:00',4.9),(2734,'PR-ENGL',9,2,150,'2021-11-06 10:00:00','2021-11-06 12:00:00',2.9),(2735,'PR-ENGL',9,2,170,'2021-11-06 10:00:00','2021-11-06 12:00:00',5.4),(2736,'PR-ENGL',9,2,237,'2021-11-06 10:00:00','2021-11-06 12:00:00',2.9),(2737,'PR-ENGL',9,2,248,'2021-11-06 10:00:00','2021-11-06 12:00:00',2.6),(2738,'PR-ENGL',9,2,285,'2021-11-06 10:00:00','2021-11-06 12:00:00',5.5),(2739,'PR-ENGL',9,2,323,'2021-11-06 10:00:00','2021-11-06 12:00:00',4.3),(2740,'PR-ENGL',9,2,346,'2021-11-06 10:00:00','2021-11-06 12:00:00',6.0),(2741,'PR-DEUT',9,1,48,'2021-11-27 10:00:00','2021-11-27 12:00:00',5.0),(2742,'PR-DEUT',9,1,93,'2021-11-27 10:00:00','2021-11-27 12:00:00',5.8),(2743,'PR-DEUT',9,1,106,'2021-11-27 10:00:00','2021-11-27 12:00:00',5.7),(2744,'PR-DEUT',9,1,108,'2021-11-27 10:00:00','2021-11-27 12:00:00',5.5),(2745,'PR-DEUT',9,1,150,'2021-11-27 10:00:00','2021-11-27 12:00:00',2.9),(2746,'PR-DEUT',9,1,170,'2021-11-27 10:00:00','2021-11-27 12:00:00',5.6),(2747,'PR-DEUT',9,1,237,'2021-11-27 10:00:00','2021-11-27 12:00:00',5.0),(2748,'PR-DEUT',9,1,248,'2021-11-27 10:00:00','2021-11-27 12:00:00',4.7),(2749,'PR-DEUT',9,1,285,'2021-11-27 10:00:00','2021-11-27 12:00:00',4.9),(2750,'PR-DEUT',9,1,323,'2021-11-27 10:00:00','2021-11-27 12:00:00',5.4),(2751,'PR-DEUT',9,1,346,'2021-11-27 10:00:00','2021-11-27 12:00:00',3.5),(2752,'PR-DBSQ',9,10,48,'2022-12-03 13:00:00','2022-12-03 15:00:00',5.4),(2753,'PR-DBSQ',9,10,93,'2022-12-03 13:00:00','2022-12-03 15:00:00',5.2),(2754,'PR-DBSQ',9,10,106,'2022-12-03 13:00:00','2022-12-03 15:00:00',5.7),(2755,'PR-DBSQ',9,10,108,'2022-12-03 13:00:00','2022-12-03 15:00:00',4.8),(2756,'PR-DBSQ',9,10,150,'2022-12-03 13:00:00','2022-12-03 15:00:00',3.4),(2757,'PR-DBSQ',9,10,170,'2022-12-03 13:00:00','2022-12-03 15:00:00',3.3),(2758,'PR-DBSQ',9,10,237,'2022-12-03 13:00:00','2022-12-03 15:00:00',5.5),(2759,'PR-DBSQ',9,10,248,'2022-12-03 13:00:00','2022-12-03 15:00:00',5.8),(2760,'PR-DBSQ',9,10,285,'2022-12-03 13:00:00','2022-12-03 15:00:00',3.4),(2761,'PR-DBSQ',9,10,323,'2022-12-03 13:00:00','2022-12-03 15:00:00',2.9),(2762,'PR-DBSQ',9,10,346,'2022-12-03 13:00:00','2022-12-03 15:00:00',4.8),(2763,'PR-BWL',9,11,48,'2021-12-04 13:00:00','2021-12-04 15:00:00',4.8),(2764,'PR-BWL',9,11,93,'2021-12-04 13:00:00','2021-12-04 15:00:00',5.7),(2765,'PR-BWL',9,11,106,'2021-12-04 13:00:00','2021-12-04 15:00:00',5.3),(2766,'PR-BWL',9,11,108,'2021-12-04 13:00:00','2021-12-04 15:00:00',3.3),(2767,'PR-BWL',9,11,150,'2021-12-04 13:00:00','2021-12-04 15:00:00',5.9),(2768,'PR-BWL',9,11,170,'2021-12-04 13:00:00','2021-12-04 15:00:00',5.3),(2769,'PR-BWL',9,11,237,'2021-12-04 13:00:00','2021-12-04 15:00:00',5.1),(2770,'PR-BWL',9,11,248,'2021-12-04 13:00:00','2021-12-04 15:00:00',5.6),(2771,'PR-BWL',9,11,285,'2021-12-04 13:00:00','2021-12-04 15:00:00',3.6),(2772,'PR-BWL',9,11,323,'2021-12-04 13:00:00','2021-12-04 15:00:00',2.8),(2773,'PR-BWL',9,11,346,'2021-12-04 13:00:00','2021-12-04 15:00:00',5.6),(2774,'PR-BUCH',9,12,48,'2021-06-05 13:00:00','2021-06-05 15:00:00',3.1),(2775,'PR-BUCH',9,12,93,'2021-06-05 13:00:00','2021-06-05 15:00:00',5.7),(2776,'PR-BUCH',9,12,106,'2021-06-05 13:00:00','2021-06-05 15:00:00',2.6),(2777,'PR-BUCH',9,12,108,'2021-06-05 13:00:00','2021-06-05 15:00:00',2.9),(2778,'PR-BUCH',9,12,150,'2021-06-05 13:00:00','2021-06-05 15:00:00',5.1),(2779,'PR-BUCH',9,12,170,'2021-06-05 13:00:00','2021-06-05 15:00:00',5.7),(2780,'PR-BUCH',9,12,237,'2021-06-05 13:00:00','2021-06-05 15:00:00',4.6),(2781,'PR-BUCH',9,12,248,'2021-06-05 13:00:00','2021-06-05 15:00:00',3.0),(2782,'PR-BUCH',9,12,285,'2021-06-05 13:00:00','2021-06-05 15:00:00',5.3),(2783,'PR-BUCH',9,12,323,'2021-06-05 13:00:00','2021-06-05 15:00:00',5.7),(2784,'PR-BUCH',9,12,346,'2021-06-05 13:00:00','2021-06-05 15:00:00',5.0),(2785,'PR-SYEN',9,5,48,'2021-06-05 13:00:00','2021-06-05 15:00:00',3.5),(2786,'PR-SYEN',9,5,93,'2021-06-05 13:00:00','2021-06-05 15:00:00',5.9),(2787,'PR-SYEN',9,5,106,'2021-06-05 13:00:00','2021-06-05 15:00:00',4.6),(2788,'PR-SYEN',9,5,108,'2021-06-05 13:00:00','2021-06-05 15:00:00',3.3),(2789,'PR-SYEN',9,5,150,'2021-06-05 13:00:00','2021-06-05 15:00:00',6.0),(2790,'PR-SYEN',9,5,170,'2021-06-05 13:00:00','2021-06-05 15:00:00',5.7),(2791,'PR-SYEN',9,5,237,'2021-06-05 13:00:00','2021-06-05 15:00:00',5.1),(2792,'PR-SYEN',9,5,248,'2021-06-05 13:00:00','2021-06-05 15:00:00',5.1),(2793,'PR-SYEN',9,5,285,'2021-06-05 13:00:00','2021-06-05 15:00:00',5.8),(2794,'PR-SYEN',9,5,323,'2021-06-05 13:00:00','2021-06-05 15:00:00',5.1),(2795,'PR-SYEN',9,5,346,'2021-06-05 13:00:00','2021-06-05 15:00:00',5.4),(2796,'PR-MATH',9,3,45,'2021-12-04 10:00:00','2021-12-04 12:00:00',2.9),(2797,'PR-MATH',9,3,66,'2021-12-04 10:00:00','2021-12-04 12:00:00',5.8),(2798,'PR-MATH',9,3,91,'2021-12-04 10:00:00','2021-12-04 12:00:00',5.2),(2799,'PR-MATH',9,3,105,'2021-12-04 10:00:00','2021-12-04 12:00:00',4.6),(2800,'PR-MATH',9,3,112,'2021-12-04 10:00:00','2021-12-04 12:00:00',3.1),(2801,'PR-MATH',9,3,194,'2021-12-04 10:00:00','2021-12-04 12:00:00',5.5),(2802,'PR-MATH',9,3,205,'2021-12-04 10:00:00','2021-12-04 12:00:00',5.7),(2803,'PR-MATH',9,3,218,'2021-12-04 10:00:00','2021-12-04 12:00:00',5.8),(2804,'PR-MATH',9,3,235,'2021-12-04 10:00:00','2021-12-04 12:00:00',3.4),(2805,'PR-MATH',9,3,261,'2021-12-04 10:00:00','2021-12-04 12:00:00',4.9),(2806,'PR-MATH',9,3,263,'2021-12-04 10:00:00','2021-12-04 12:00:00',5.5),(2807,'PR-MATH',9,3,268,'2021-12-04 10:00:00','2021-12-04 12:00:00',3.2),(2808,'PR-MATH',9,3,272,'2021-12-04 10:00:00','2021-12-04 12:00:00',5.5),(2809,'PR-MATH',9,3,277,'2021-12-04 10:00:00','2021-12-04 12:00:00',5.5),(2810,'PR-MATH',9,3,282,'2021-12-04 10:00:00','2021-12-04 12:00:00',5.2),(2811,'PR-MATH',9,3,290,'2021-12-04 10:00:00','2021-12-04 12:00:00',4.9),(2812,'PR-MATH',9,3,333,'2021-12-04 10:00:00','2021-12-04 12:00:00',4.8),(2813,'PR-ENGL',9,2,45,'2021-12-04 10:00:00','2021-12-04 12:00:00',5.8),(2814,'PR-ENGL',9,2,66,'2021-12-04 10:00:00','2021-12-04 12:00:00',5.6),(2815,'PR-ENGL',9,2,91,'2021-12-04 10:00:00','2021-12-04 12:00:00',5.3),(2816,'PR-ENGL',9,2,105,'2021-12-04 10:00:00','2021-12-04 12:00:00',5.0),(2817,'PR-ENGL',9,2,112,'2021-12-04 10:00:00','2021-12-04 12:00:00',5.1),(2818,'PR-ENGL',9,2,194,'2021-12-04 10:00:00','2021-12-04 12:00:00',5.4),(2819,'PR-ENGL',9,2,205,'2021-12-04 10:00:00','2021-12-04 12:00:00',3.4),(2820,'PR-ENGL',9,2,218,'2021-12-04 10:00:00','2021-12-04 12:00:00',5.8),(2821,'PR-ENGL',9,2,235,'2021-12-04 10:00:00','2021-12-04 12:00:00',5.6),(2822,'PR-ENGL',9,2,261,'2021-12-04 10:00:00','2021-12-04 12:00:00',5.0),(2823,'PR-ENGL',9,2,263,'2021-12-04 10:00:00','2021-12-04 12:00:00',4.8),(2824,'PR-ENGL',9,2,268,'2021-12-04 10:00:00','2021-12-04 12:00:00',5.4),(2825,'PR-ENGL',9,2,272,'2021-12-04 10:00:00','2021-12-04 12:00:00',5.2),(2826,'PR-ENGL',9,2,277,'2021-12-04 10:00:00','2021-12-04 12:00:00',5.9),(2827,'PR-ENGL',9,2,282,'2021-12-04 10:00:00','2021-12-04 12:00:00',5.2),(2828,'PR-ENGL',9,2,290,'2021-12-04 10:00:00','2021-12-04 12:00:00',5.4),(2829,'PR-ENGL',9,2,333,'2021-12-04 10:00:00','2021-12-04 12:00:00',5.9),(2830,'PR-DEUT',9,1,45,'2021-12-04 10:00:00','2021-12-04 12:00:00',4.7),(2831,'PR-DEUT',9,1,66,'2021-12-04 10:00:00','2021-12-04 12:00:00',5.5),(2832,'PR-DEUT',9,1,91,'2021-12-04 10:00:00','2021-12-04 12:00:00',4.8),(2833,'PR-DEUT',9,1,105,'2021-12-04 10:00:00','2021-12-04 12:00:00',5.8),(2834,'PR-DEUT',9,1,112,'2021-12-04 10:00:00','2021-12-04 12:00:00',5.8),(2835,'PR-DEUT',9,1,194,'2021-12-04 10:00:00','2021-12-04 12:00:00',5.7),(2836,'PR-DEUT',9,1,205,'2021-12-04 10:00:00','2021-12-04 12:00:00',5.2),(2837,'PR-DEUT',9,1,218,'2021-12-04 10:00:00','2021-12-04 12:00:00',5.4),(2838,'PR-DEUT',9,1,235,'2021-12-04 10:00:00','2021-12-04 12:00:00',5.6),(2839,'PR-DEUT',9,1,261,'2021-12-04 10:00:00','2021-12-04 12:00:00',5.6),(2840,'PR-DEUT',9,1,263,'2021-12-04 10:00:00','2021-12-04 12:00:00',5.2),(2841,'PR-DEUT',9,1,268,'2021-12-04 10:00:00','2021-12-04 12:00:00',4.8),(2842,'PR-DEUT',9,1,272,'2021-12-04 10:00:00','2021-12-04 12:00:00',3.5),(2843,'PR-DEUT',9,1,277,'2021-12-04 10:00:00','2021-12-04 12:00:00',4.4),(2844,'PR-DEUT',9,1,282,'2021-12-04 10:00:00','2021-12-04 12:00:00',5.6),(2845,'PR-DEUT',9,1,290,'2021-12-04 10:00:00','2021-12-04 12:00:00',4.3),(2846,'PR-DEUT',9,1,333,'2021-12-04 10:00:00','2021-12-04 12:00:00',6.0),(2847,'PR-DBSQ',9,10,45,'2022-06-04 10:00:00','2022-06-04 12:00:00',5.3),(2848,'PR-DBSQ',9,10,66,'2022-06-04 10:00:00','2022-06-04 12:00:00',5.6),(2849,'PR-DBSQ',9,10,91,'2022-06-04 10:00:00','2022-06-04 12:00:00',3.1),(2850,'PR-DBSQ',9,10,105,'2022-06-04 10:00:00','2022-06-04 12:00:00',2.6),(2851,'PR-DBSQ',9,10,112,'2022-06-04 10:00:00','2022-06-04 12:00:00',5.8),(2852,'PR-DBSQ',9,10,194,'2022-06-04 10:00:00','2022-06-04 12:00:00',5.6),(2853,'PR-DBSQ',9,10,205,'2022-06-04 10:00:00','2022-06-04 12:00:00',5.3),(2854,'PR-DBSQ',9,10,218,'2022-06-04 10:00:00','2022-06-04 12:00:00',6.0),(2855,'PR-DBSQ',9,10,235,'2022-06-04 10:00:00','2022-06-04 12:00:00',5.3),(2856,'PR-DBSQ',9,10,261,'2022-06-04 10:00:00','2022-06-04 12:00:00',3.3),(2857,'PR-DBSQ',9,10,263,'2022-06-04 10:00:00','2022-06-04 12:00:00',5.9),(2858,'PR-DBSQ',9,10,268,'2022-06-04 10:00:00','2022-06-04 12:00:00',5.0),(2859,'PR-DBSQ',9,10,272,'2022-06-04 10:00:00','2022-06-04 12:00:00',2.6),(2860,'PR-DBSQ',9,10,277,'2022-06-04 10:00:00','2022-06-04 12:00:00',3.4),(2861,'PR-DBSQ',9,10,282,'2022-06-04 10:00:00','2022-06-04 12:00:00',3.3),(2862,'PR-DBSQ',9,10,290,'2022-06-04 10:00:00','2022-06-04 12:00:00',5.4),(2863,'PR-DBSQ',9,10,333,'2022-06-04 10:00:00','2022-06-04 12:00:00',6.0),(2864,'PR-BWL',9,11,45,'2021-06-05 10:00:00','2021-06-05 12:00:00',5.9),(2865,'PR-BWL',9,11,66,'2021-06-05 10:00:00','2021-06-05 12:00:00',3.0),(2866,'PR-BWL',9,11,91,'2021-06-05 10:00:00','2021-06-05 12:00:00',5.5),(2867,'PR-BWL',9,11,105,'2021-06-05 10:00:00','2021-06-05 12:00:00',5.7),(2868,'PR-BWL',9,11,112,'2021-06-05 10:00:00','2021-06-05 12:00:00',3.4),(2869,'PR-BWL',9,11,194,'2021-06-05 10:00:00','2021-06-05 12:00:00',5.3),(2870,'PR-BWL',9,11,205,'2021-06-05 10:00:00','2021-06-05 12:00:00',3.1),(2871,'PR-BWL',9,11,218,'2021-06-05 10:00:00','2021-06-05 12:00:00',4.9),(2872,'PR-BWL',9,11,235,'2021-06-05 10:00:00','2021-06-05 12:00:00',3.0),(2873,'PR-BWL',9,11,261,'2021-06-05 10:00:00','2021-06-05 12:00:00',4.7),(2874,'PR-BWL',9,11,263,'2021-06-05 10:00:00','2021-06-05 12:00:00',5.6),(2875,'PR-BWL',9,11,268,'2021-06-05 10:00:00','2021-06-05 12:00:00',5.3),(2876,'PR-BWL',9,11,272,'2021-06-05 10:00:00','2021-06-05 12:00:00',4.6),(2877,'PR-BWL',9,11,277,'2021-06-05 10:00:00','2021-06-05 12:00:00',3.4),(2878,'PR-BWL',9,11,282,'2021-06-05 10:00:00','2021-06-05 12:00:00',5.1),(2879,'PR-BWL',9,11,290,'2021-06-05 10:00:00','2021-06-05 12:00:00',5.2),(2880,'PR-BWL',9,11,333,'2021-06-05 10:00:00','2021-06-05 12:00:00',5.4),(2881,'PR-BUCH',9,12,45,'2020-12-05 10:00:00','2020-12-05 12:00:00',5.4),(2882,'PR-BUCH',9,12,66,'2020-12-05 10:00:00','2020-12-05 12:00:00',5.9),(2883,'PR-BUCH',9,12,91,'2020-12-05 10:00:00','2020-12-05 12:00:00',2.9),(2884,'PR-BUCH',9,12,105,'2020-12-05 10:00:00','2020-12-05 12:00:00',4.8),(2885,'PR-BUCH',9,12,112,'2020-12-05 10:00:00','2020-12-05 12:00:00',4.8),(2886,'PR-BUCH',9,12,194,'2020-12-05 10:00:00','2020-12-05 12:00:00',5.6),(2887,'PR-BUCH',9,12,205,'2020-12-05 10:00:00','2020-12-05 12:00:00',5.1),(2888,'PR-BUCH',9,12,218,'2020-12-05 10:00:00','2020-12-05 12:00:00',5.7),(2889,'PR-BUCH',9,12,235,'2020-12-05 10:00:00','2020-12-05 12:00:00',5.4),(2890,'PR-BUCH',9,12,261,'2020-12-05 10:00:00','2020-12-05 12:00:00',5.7),(2891,'PR-BUCH',9,12,263,'2020-12-05 10:00:00','2020-12-05 12:00:00',4.7),(2892,'PR-BUCH',9,12,268,'2020-12-05 10:00:00','2020-12-05 12:00:00',5.5),(2893,'PR-BUCH',9,12,272,'2020-12-05 10:00:00','2020-12-05 12:00:00',5.4),(2894,'PR-BUCH',9,12,277,'2020-12-05 10:00:00','2020-12-05 12:00:00',5.9),(2895,'PR-BUCH',9,12,282,'2020-12-05 10:00:00','2020-12-05 12:00:00',4.7),(2896,'PR-BUCH',9,12,290,'2020-12-05 10:00:00','2020-12-05 12:00:00',3.6),(2897,'PR-BUCH',9,12,333,'2020-12-05 10:00:00','2020-12-05 12:00:00',4.7),(2898,'PR-SYEN',9,5,45,'2020-12-05 10:00:00','2020-12-05 12:00:00',5.9),(2899,'PR-SYEN',9,5,66,'2020-12-05 10:00:00','2020-12-05 12:00:00',5.5),(2900,'PR-SYEN',9,5,91,'2020-12-05 10:00:00','2020-12-05 12:00:00',2.8),(2901,'PR-SYEN',9,5,105,'2020-12-05 10:00:00','2020-12-05 12:00:00',5.2),(2902,'PR-SYEN',9,5,112,'2020-12-05 10:00:00','2020-12-05 12:00:00',5.2),(2903,'PR-SYEN',9,5,194,'2020-12-05 10:00:00','2020-12-05 12:00:00',5.7),(2904,'PR-SYEN',9,5,205,'2020-12-05 10:00:00','2020-12-05 12:00:00',4.9),(2905,'PR-SYEN',9,5,218,'2020-12-05 10:00:00','2020-12-05 12:00:00',4.4),(2906,'PR-SYEN',9,5,235,'2020-12-05 10:00:00','2020-12-05 12:00:00',5.5),(2907,'PR-SYEN',9,5,261,'2020-12-05 10:00:00','2020-12-05 12:00:00',5.4),(2908,'PR-SYEN',9,5,263,'2020-12-05 10:00:00','2020-12-05 12:00:00',4.7),(2909,'PR-SYEN',9,5,268,'2020-12-05 10:00:00','2020-12-05 12:00:00',5.6),(2910,'PR-SYEN',9,5,272,'2020-12-05 10:00:00','2020-12-05 12:00:00',5.5),(2911,'PR-SYEN',9,5,277,'2020-12-05 10:00:00','2020-12-05 12:00:00',5.5),(2912,'PR-SYEN',9,5,282,'2020-12-05 10:00:00','2020-12-05 12:00:00',5.9),(2913,'PR-SYEN',9,5,290,'2020-12-05 10:00:00','2020-12-05 12:00:00',5.5),(2914,'PR-SYEN',9,5,333,'2020-12-05 10:00:00','2020-12-05 12:00:00',5.6),(2915,'PR-MATH',14,3,25,'2024-06-02 13:00:00','2024-06-02 15:00:00',5.5),(2916,'PR-MATH',14,3,52,'2024-06-02 13:00:00','2024-06-02 15:00:00',5.1),(2917,'PR-MATH',14,3,101,'2024-06-02 13:00:00','2024-06-02 15:00:00',4.9),(2918,'PR-MATH',14,3,109,'2024-06-02 13:00:00','2024-06-02 15:00:00',5.6),(2919,'PR-MATH',14,3,113,'2024-06-02 13:00:00','2024-06-02 15:00:00',5.8),(2920,'PR-MATH',14,3,143,'2024-06-02 13:00:00','2024-06-02 15:00:00',4.7),(2921,'PR-MATH',14,3,151,'2024-06-02 13:00:00','2024-06-02 15:00:00',5.3),(2922,'PR-MATH',14,3,161,'2024-06-02 13:00:00','2024-06-02 15:00:00',3.2),(2923,'PR-MATH',14,3,163,'2024-06-02 13:00:00','2024-06-02 15:00:00',5.2),(2924,'PR-MATH',14,3,232,'2024-06-02 13:00:00','2024-06-02 15:00:00',6.0),(2925,'PR-MATH',14,3,295,'2024-06-02 13:00:00','2024-06-02 15:00:00',5.5),(2926,'PR-MATH',14,3,343,'2024-06-02 13:00:00','2024-06-02 15:00:00',5.2),(2927,'PR-ENGL',14,2,25,'2024-06-02 13:00:00','2024-06-02 15:00:00',5.5),(2928,'PR-ENGL',14,2,52,'2024-06-02 13:00:00','2024-06-02 15:00:00',4.3),(2929,'PR-ENGL',14,2,101,'2024-06-02 13:00:00','2024-06-02 15:00:00',5.6),(2930,'PR-ENGL',14,2,109,'2024-06-02 13:00:00','2024-06-02 15:00:00',5.7),(2931,'PR-ENGL',14,2,113,'2024-06-02 13:00:00','2024-06-02 15:00:00',5.2),(2932,'PR-ENGL',14,2,143,'2024-06-02 13:00:00','2024-06-02 15:00:00',2.8),(2933,'PR-ENGL',14,2,151,'2024-06-02 13:00:00','2024-06-02 15:00:00',4.3),(2934,'PR-ENGL',14,2,161,'2024-06-02 13:00:00','2024-06-02 15:00:00',4.9),(2935,'PR-ENGL',14,2,163,'2024-06-02 13:00:00','2024-06-02 15:00:00',5.2),(2936,'PR-ENGL',14,2,232,'2024-06-02 13:00:00','2024-06-02 15:00:00',2.5),(2937,'PR-ENGL',14,2,295,'2024-06-02 13:00:00','2024-06-02 15:00:00',6.0),(2938,'PR-ENGL',14,2,343,'2024-06-02 13:00:00','2024-06-02 15:00:00',5.4),(2939,'PR-DEUT',14,1,25,'2024-06-02 13:00:00','2024-06-02 15:00:00',5.7),(2940,'PR-DEUT',14,1,52,'2024-06-02 13:00:00','2024-06-02 15:00:00',4.4),(2941,'PR-DEUT',14,1,101,'2024-06-02 13:00:00','2024-06-02 15:00:00',5.5),(2942,'PR-DEUT',14,1,109,'2024-06-02 13:00:00','2024-06-02 15:00:00',4.7),(2943,'PR-DEUT',14,1,113,'2024-06-02 13:00:00','2024-06-02 15:00:00',2.6),(2944,'PR-DEUT',14,1,143,'2024-06-02 13:00:00','2024-06-02 15:00:00',3.2),(2945,'PR-DEUT',14,1,151,'2024-06-02 13:00:00','2024-06-02 15:00:00',4.3),(2946,'PR-DEUT',14,1,161,'2024-06-02 13:00:00','2024-06-02 15:00:00',2.6),(2947,'PR-DEUT',14,1,163,'2024-06-02 13:00:00','2024-06-02 15:00:00',6.0),(2948,'PR-DEUT',14,1,232,'2024-06-02 13:00:00','2024-06-02 15:00:00',3.2),(2949,'PR-DEUT',14,1,295,'2024-06-02 13:00:00','2024-06-02 15:00:00',5.8),(2950,'PR-DEUT',14,1,343,'2024-06-02 13:00:00','2024-06-02 15:00:00',3.5),(2951,'PR-DBSQ',14,10,25,'2024-12-18 13:00:00','2024-12-18 15:00:00',5.6),(2952,'PR-DBSQ',14,10,52,'2024-12-18 13:00:00','2024-12-18 15:00:00',5.4),(2953,'PR-DBSQ',14,10,101,'2024-12-18 13:00:00','2024-12-18 15:00:00',5.8),(2954,'PR-DBSQ',14,10,109,'2024-12-18 13:00:00','2024-12-18 15:00:00',5.0),(2955,'PR-DBSQ',14,10,113,'2024-12-18 13:00:00','2024-12-18 15:00:00',2.9),(2956,'PR-DBSQ',14,10,143,'2024-12-18 13:00:00','2024-12-18 15:00:00',4.9),(2957,'PR-DBSQ',14,10,151,'2024-12-18 13:00:00','2024-12-18 15:00:00',5.2),(2958,'PR-DBSQ',14,10,161,'2024-12-18 13:00:00','2024-12-18 15:00:00',3.0),(2959,'PR-DBSQ',14,10,163,'2024-12-18 13:00:00','2024-12-18 15:00:00',4.8),(2960,'PR-DBSQ',14,10,232,'2024-12-18 13:00:00','2024-12-18 15:00:00',4.6),(2961,'PR-DBSQ',14,10,295,'2024-12-18 13:00:00','2024-12-18 15:00:00',5.2),(2962,'PR-DBSQ',14,10,343,'2024-12-18 13:00:00','2024-12-18 15:00:00',3.6),(2963,'PR-BWL',14,11,25,'2023-12-16 13:00:00','2023-12-16 15:00:00',5.5),(2964,'PR-BWL',14,11,52,'2023-12-16 13:00:00','2023-12-16 15:00:00',5.6),(2965,'PR-BWL',14,11,101,'2023-12-16 13:00:00','2023-12-16 15:00:00',5.3),(2966,'PR-BWL',14,11,109,'2023-12-16 13:00:00','2023-12-16 15:00:00',2.8),(2967,'PR-BWL',14,11,113,'2023-12-16 13:00:00','2023-12-16 15:00:00',5.4),(2968,'PR-BWL',14,11,143,'2023-12-16 13:00:00','2023-12-16 15:00:00',2.6),(2969,'PR-BWL',14,11,151,'2023-12-16 13:00:00','2023-12-16 15:00:00',5.7),(2970,'PR-BWL',14,11,161,'2023-12-16 13:00:00','2023-12-16 15:00:00',5.7),(2971,'PR-BWL',14,11,163,'2023-12-16 13:00:00','2023-12-16 15:00:00',5.3),(2972,'PR-BWL',14,11,232,'2023-12-16 13:00:00','2023-12-16 15:00:00',2.8),(2973,'PR-BWL',14,11,295,'2023-12-16 13:00:00','2023-12-16 15:00:00',5.3),(2974,'PR-BWL',14,11,343,'2023-12-16 13:00:00','2023-12-16 15:00:00',6.0),(2975,'PR-BUCH',14,12,25,'2023-06-17 13:00:00','2023-06-17 15:00:00',5.3),(2976,'PR-BUCH',14,12,52,'2023-06-17 13:00:00','2023-06-17 15:00:00',3.6),(2977,'PR-BUCH',14,12,101,'2023-06-17 13:00:00','2023-06-17 15:00:00',5.2),(2978,'PR-BUCH',14,12,109,'2023-06-17 13:00:00','2023-06-17 15:00:00',4.9),(2979,'PR-BUCH',14,12,113,'2023-06-17 13:00:00','2023-06-17 15:00:00',4.7),(2980,'PR-BUCH',14,12,143,'2023-06-17 13:00:00','2023-06-17 15:00:00',5.5),(2981,'PR-BUCH',14,12,151,'2023-06-17 13:00:00','2023-06-17 15:00:00',6.0),(2982,'PR-BUCH',14,12,161,'2023-06-17 13:00:00','2023-06-17 15:00:00',6.0),(2983,'PR-BUCH',14,12,163,'2023-06-17 13:00:00','2023-06-17 15:00:00',3.6),(2984,'PR-BUCH',14,12,232,'2023-06-17 13:00:00','2023-06-17 15:00:00',4.6),(2985,'PR-BUCH',14,12,295,'2023-06-17 13:00:00','2023-06-17 15:00:00',5.8),(2986,'PR-BUCH',14,12,343,'2023-06-17 13:00:00','2023-06-17 15:00:00',5.8),(2987,'PR-SYEN',14,5,25,'2023-06-17 13:00:00','2023-06-17 15:00:00',5.5),(2988,'PR-SYEN',14,5,52,'2023-06-17 13:00:00','2023-06-17 15:00:00',4.7),(2989,'PR-SYEN',14,5,101,'2023-06-17 13:00:00','2023-06-17 15:00:00',6.0),(2990,'PR-SYEN',14,5,109,'2023-06-17 13:00:00','2023-06-17 15:00:00',2.8),(2991,'PR-SYEN',14,5,113,'2023-06-17 13:00:00','2023-06-17 15:00:00',5.1),(2992,'PR-SYEN',14,5,143,'2023-06-17 13:00:00','2023-06-17 15:00:00',5.8),(2993,'PR-SYEN',14,5,151,'2023-06-17 13:00:00','2023-06-17 15:00:00',5.3),(2994,'PR-SYEN',14,5,161,'2023-06-17 13:00:00','2023-06-17 15:00:00',2.8),(2995,'PR-SYEN',14,5,163,'2023-06-17 13:00:00','2023-06-17 15:00:00',2.5),(2996,'PR-SYEN',14,5,232,'2023-06-17 13:00:00','2023-06-17 15:00:00',5.2),(2997,'PR-SYEN',14,5,295,'2023-06-17 13:00:00','2023-06-17 15:00:00',6.0),(2998,'PR-SYEN',14,5,343,'2023-06-17 13:00:00','2023-06-17 15:00:00',5.8),(2999,'PR-MATH',14,3,28,'2023-12-16 10:00:00','2023-12-16 12:00:00',5.6),(3000,'PR-MATH',14,3,61,'2023-12-16 10:00:00','2023-12-16 12:00:00',6.0),(3001,'PR-MATH',14,3,72,'2023-12-16 10:00:00','2023-12-16 12:00:00',3.6),(3002,'PR-MATH',14,3,85,'2023-12-16 10:00:00','2023-12-16 12:00:00',5.7),(3003,'PR-MATH',14,3,129,'2023-12-16 10:00:00','2023-12-16 12:00:00',5.6),(3004,'PR-MATH',14,3,137,'2023-12-16 10:00:00','2023-12-16 12:00:00',5.2),(3005,'PR-MATH',14,3,199,'2023-12-16 10:00:00','2023-12-16 12:00:00',5.1),(3006,'PR-MATH',14,3,273,'2023-12-16 10:00:00','2023-12-16 12:00:00',5.8),(3007,'PR-MATH',14,3,288,'2023-12-16 10:00:00','2023-12-16 12:00:00',5.3),(3008,'PR-MATH',14,3,289,'2023-12-16 10:00:00','2023-12-16 12:00:00',2.8),(3009,'PR-MATH',14,3,317,'2023-12-16 10:00:00','2023-12-16 12:00:00',3.4),(3010,'PR-MATH',14,3,331,'2023-12-16 10:00:00','2023-12-16 12:00:00',3.4),(3011,'PR-MATH',14,3,332,'2023-12-16 10:00:00','2023-12-16 12:00:00',2.6),(3012,'PR-ENGL',14,2,28,'2023-12-16 10:00:00','2023-12-16 12:00:00',5.8),(3013,'PR-ENGL',14,2,61,'2023-12-16 10:00:00','2023-12-16 12:00:00',5.7),(3014,'PR-ENGL',14,2,72,'2023-12-16 10:00:00','2023-12-16 12:00:00',5.7),(3015,'PR-ENGL',14,2,85,'2023-12-16 10:00:00','2023-12-16 12:00:00',5.1),(3016,'PR-ENGL',14,2,129,'2023-12-16 10:00:00','2023-12-16 12:00:00',5.4),(3017,'PR-ENGL',14,2,137,'2023-12-16 10:00:00','2023-12-16 12:00:00',2.9),(3018,'PR-ENGL',14,2,199,'2023-12-16 10:00:00','2023-12-16 12:00:00',5.8),(3019,'PR-ENGL',14,2,273,'2023-12-16 10:00:00','2023-12-16 12:00:00',5.1),(3020,'PR-ENGL',14,2,288,'2023-12-16 10:00:00','2023-12-16 12:00:00',3.4),(3021,'PR-ENGL',14,2,289,'2023-12-16 10:00:00','2023-12-16 12:00:00',5.9),(3022,'PR-ENGL',14,2,317,'2023-12-16 10:00:00','2023-12-16 12:00:00',5.8),(3023,'PR-ENGL',14,2,331,'2023-12-16 10:00:00','2023-12-16 12:00:00',2.6),(3024,'PR-ENGL',14,2,332,'2023-12-16 10:00:00','2023-12-16 12:00:00',5.1),(3025,'PR-DEUT',14,1,28,'2023-12-16 10:00:00','2023-12-16 12:00:00',5.9),(3026,'PR-DEUT',14,1,61,'2023-12-16 10:00:00','2023-12-16 12:00:00',5.6),(3027,'PR-DEUT',14,1,72,'2023-12-16 10:00:00','2023-12-16 12:00:00',5.2),(3028,'PR-DEUT',14,1,85,'2023-12-16 10:00:00','2023-12-16 12:00:00',4.4),(3029,'PR-DEUT',14,1,129,'2023-12-16 10:00:00','2023-12-16 12:00:00',2.6),(3030,'PR-DEUT',14,1,137,'2023-12-16 10:00:00','2023-12-16 12:00:00',2.5),(3031,'PR-DEUT',14,1,199,'2023-12-16 10:00:00','2023-12-16 12:00:00',5.8),(3032,'PR-DEUT',14,1,273,'2023-12-16 10:00:00','2023-12-16 12:00:00',5.8),(3033,'PR-DEUT',14,1,288,'2023-12-16 10:00:00','2023-12-16 12:00:00',6.0),(3034,'PR-DEUT',14,1,289,'2023-12-16 10:00:00','2023-12-16 12:00:00',5.5),(3035,'PR-DEUT',14,1,317,'2023-12-16 10:00:00','2023-12-16 12:00:00',5.9),(3036,'PR-DEUT',14,1,331,'2023-12-16 10:00:00','2023-12-16 12:00:00',5.6),(3037,'PR-DEUT',14,1,332,'2023-12-16 10:00:00','2023-12-16 12:00:00',5.6),(3038,'PR-DBSQ',14,10,28,'2024-06-02 10:00:00','2024-06-02 12:00:00',2.6),(3039,'PR-DBSQ',14,10,61,'2024-06-02 10:00:00','2024-06-02 12:00:00',5.4),(3040,'PR-DBSQ',14,10,72,'2024-06-02 10:00:00','2024-06-02 12:00:00',4.6),(3041,'PR-DBSQ',14,10,85,'2024-06-02 10:00:00','2024-06-02 12:00:00',5.9),(3042,'PR-DBSQ',14,10,129,'2024-06-02 10:00:00','2024-06-02 12:00:00',2.9),(3043,'PR-DBSQ',14,10,137,'2024-06-02 10:00:00','2024-06-02 12:00:00',5.7),(3044,'PR-DBSQ',14,10,199,'2024-06-02 10:00:00','2024-06-02 12:00:00',5.5),(3045,'PR-DBSQ',14,10,273,'2024-06-02 10:00:00','2024-06-02 12:00:00',6.0),(3046,'PR-DBSQ',14,10,288,'2024-06-02 10:00:00','2024-06-02 12:00:00',4.9),(3047,'PR-DBSQ',14,10,289,'2024-06-02 10:00:00','2024-06-02 12:00:00',5.5),(3048,'PR-DBSQ',14,10,317,'2024-06-02 10:00:00','2024-06-02 12:00:00',5.3),(3049,'PR-DBSQ',14,10,331,'2024-06-02 10:00:00','2024-06-02 12:00:00',5.9),(3050,'PR-DBSQ',14,10,332,'2024-06-02 10:00:00','2024-06-02 12:00:00',5.2),(3051,'PR-BWL',14,11,28,'2023-06-17 10:00:00','2023-06-17 12:00:00',5.4),(3052,'PR-BWL',14,11,61,'2023-06-17 10:00:00','2023-06-17 12:00:00',6.0),(3053,'PR-BWL',14,11,72,'2023-06-17 10:00:00','2023-06-17 12:00:00',5.1),(3054,'PR-BWL',14,11,85,'2023-06-17 10:00:00','2023-06-17 12:00:00',5.9),(3055,'PR-BWL',14,11,129,'2023-06-17 10:00:00','2023-06-17 12:00:00',5.8),(3056,'PR-BWL',14,11,137,'2023-06-17 10:00:00','2023-06-17 12:00:00',5.7),(3057,'PR-BWL',14,11,199,'2023-06-17 10:00:00','2023-06-17 12:00:00',4.8),(3058,'PR-BWL',14,11,273,'2023-06-17 10:00:00','2023-06-17 12:00:00',5.6),(3059,'PR-BWL',14,11,288,'2023-06-17 10:00:00','2023-06-17 12:00:00',6.0),(3060,'PR-BWL',14,11,289,'2023-06-17 10:00:00','2023-06-17 12:00:00',5.6),(3061,'PR-BWL',14,11,317,'2023-06-17 10:00:00','2023-06-17 12:00:00',5.9),(3062,'PR-BWL',14,11,331,'2023-06-17 10:00:00','2023-06-17 12:00:00',3.3),(3063,'PR-BWL',14,11,332,'2023-06-17 10:00:00','2023-06-17 12:00:00',5.7),(3064,'PR-BUCH',14,12,28,'2022-12-17 10:00:00','2022-12-17 12:00:00',5.9),(3065,'PR-BUCH',14,12,61,'2022-12-17 10:00:00','2022-12-17 12:00:00',6.0),(3066,'PR-BUCH',14,12,72,'2022-12-17 10:00:00','2022-12-17 12:00:00',5.7),(3067,'PR-BUCH',14,12,85,'2022-12-17 10:00:00','2022-12-17 12:00:00',4.6),(3068,'PR-BUCH',14,12,129,'2022-12-17 10:00:00','2022-12-17 12:00:00',5.6),(3069,'PR-BUCH',14,12,137,'2022-12-17 10:00:00','2022-12-17 12:00:00',5.4),(3070,'PR-BUCH',14,12,199,'2022-12-17 10:00:00','2022-12-17 12:00:00',5.0),(3071,'PR-BUCH',14,12,273,'2022-12-17 10:00:00','2022-12-17 12:00:00',5.2),(3072,'PR-BUCH',14,12,288,'2022-12-17 10:00:00','2022-12-17 12:00:00',3.4),(3073,'PR-BUCH',14,12,289,'2022-12-17 10:00:00','2022-12-17 12:00:00',5.6),(3074,'PR-BUCH',14,12,317,'2022-12-17 10:00:00','2022-12-17 12:00:00',5.1),(3075,'PR-BUCH',14,12,331,'2022-12-17 10:00:00','2022-12-17 12:00:00',3.0),(3076,'PR-BUCH',14,12,332,'2022-12-17 10:00:00','2022-12-17 12:00:00',3.0),(3077,'PR-SYEN',14,5,28,'2022-12-17 10:00:00','2022-12-17 12:00:00',5.4),(3078,'PR-SYEN',14,5,61,'2022-12-17 10:00:00','2022-12-17 12:00:00',5.4),(3079,'PR-SYEN',14,5,72,'2022-12-17 10:00:00','2022-12-17 12:00:00',5.8),(3080,'PR-SYEN',14,5,85,'2022-12-17 10:00:00','2022-12-17 12:00:00',2.6),(3081,'PR-SYEN',14,5,129,'2022-12-17 10:00:00','2022-12-17 12:00:00',5.8),(3082,'PR-SYEN',14,5,137,'2022-12-17 10:00:00','2022-12-17 12:00:00',5.5),(3083,'PR-SYEN',14,5,199,'2022-12-17 10:00:00','2022-12-17 12:00:00',5.1),(3084,'PR-SYEN',14,5,273,'2022-12-17 10:00:00','2022-12-17 12:00:00',2.8),(3085,'PR-SYEN',14,5,288,'2022-12-17 10:00:00','2022-12-17 12:00:00',4.4),(3086,'PR-SYEN',14,5,289,'2022-12-17 10:00:00','2022-12-17 12:00:00',5.5),(3087,'PR-SYEN',14,5,317,'2022-12-17 10:00:00','2022-12-17 12:00:00',2.9),(3088,'PR-SYEN',14,5,331,'2022-12-17 10:00:00','2022-12-17 12:00:00',6.0),(3089,'PR-SYEN',14,5,332,'2022-12-17 10:00:00','2022-12-17 12:00:00',5.6),(3090,'PR-MATH',14,3,3,'2023-06-10 13:00:00','2023-06-10 15:00:00',5.1),(3091,'PR-MATH',14,3,29,'2023-06-10 13:00:00','2023-06-10 15:00:00',2.6),(3092,'PR-MATH',14,3,46,'2023-06-10 13:00:00','2023-06-10 15:00:00',5.4),(3093,'PR-MATH',14,3,50,'2023-06-10 13:00:00','2023-06-10 15:00:00',3.3),(3094,'PR-MATH',14,3,59,'2023-06-10 13:00:00','2023-06-10 15:00:00',5.4),(3095,'PR-MATH',14,3,107,'2023-06-10 13:00:00','2023-06-10 15:00:00',6.0),(3096,'PR-MATH',14,3,120,'2023-06-10 13:00:00','2023-06-10 15:00:00',5.0),(3097,'PR-MATH',14,3,131,'2023-06-10 13:00:00','2023-06-10 15:00:00',5.5),(3098,'PR-MATH',14,3,203,'2023-06-10 13:00:00','2023-06-10 15:00:00',2.6),(3099,'PR-MATH',14,3,243,'2023-06-10 13:00:00','2023-06-10 15:00:00',3.0),(3100,'PR-MATH',14,3,259,'2023-06-10 13:00:00','2023-06-10 15:00:00',3.1),(3101,'PR-MATH',14,3,336,'2023-06-10 13:00:00','2023-06-10 15:00:00',2.6),(3102,'PR-MATH',14,3,337,'2023-06-10 13:00:00','2023-06-10 15:00:00',6.0),(3103,'PR-ENGL',14,2,3,'2023-06-10 13:00:00','2023-06-10 15:00:00',2.8),(3104,'PR-ENGL',14,2,29,'2023-06-10 13:00:00','2023-06-10 15:00:00',5.3),(3105,'PR-ENGL',14,2,46,'2023-06-10 13:00:00','2023-06-10 15:00:00',2.8),(3106,'PR-ENGL',14,2,50,'2023-06-10 13:00:00','2023-06-10 15:00:00',3.4),(3107,'PR-ENGL',14,2,59,'2023-06-10 13:00:00','2023-06-10 15:00:00',5.9),(3108,'PR-ENGL',14,2,107,'2023-06-10 13:00:00','2023-06-10 15:00:00',5.7),(3109,'PR-ENGL',14,2,120,'2023-06-10 13:00:00','2023-06-10 15:00:00',5.5),(3110,'PR-ENGL',14,2,131,'2023-06-10 13:00:00','2023-06-10 15:00:00',2.9),(3111,'PR-ENGL',14,2,203,'2023-06-10 13:00:00','2023-06-10 15:00:00',5.7),(3112,'PR-ENGL',14,2,243,'2023-06-10 13:00:00','2023-06-10 15:00:00',5.3),(3113,'PR-ENGL',14,2,259,'2023-06-10 13:00:00','2023-06-10 15:00:00',6.0),(3114,'PR-ENGL',14,2,336,'2023-06-10 13:00:00','2023-06-10 15:00:00',6.0),(3115,'PR-ENGL',14,2,337,'2023-06-10 13:00:00','2023-06-10 15:00:00',5.9),(3116,'PR-DEUT',14,1,3,'2023-06-10 13:00:00','2023-06-10 15:00:00',5.6),(3117,'PR-DEUT',14,1,29,'2023-06-10 13:00:00','2023-06-10 15:00:00',5.9),(3118,'PR-DEUT',14,1,46,'2023-06-10 13:00:00','2023-06-10 15:00:00',3.2),(3119,'PR-DEUT',14,1,50,'2023-06-10 13:00:00','2023-06-10 15:00:00',5.1),(3120,'PR-DEUT',14,1,59,'2023-06-10 13:00:00','2023-06-10 15:00:00',5.9),(3121,'PR-DEUT',14,1,107,'2023-06-10 13:00:00','2023-06-10 15:00:00',5.2),(3122,'PR-DEUT',14,1,120,'2023-06-10 13:00:00','2023-06-10 15:00:00',3.8),(3123,'PR-DEUT',14,1,131,'2023-06-10 13:00:00','2023-06-10 15:00:00',5.7),(3124,'PR-DEUT',14,1,203,'2023-06-10 13:00:00','2023-06-10 15:00:00',5.3),(3125,'PR-DEUT',14,1,243,'2023-06-10 13:00:00','2023-06-10 15:00:00',2.6),(3126,'PR-DEUT',14,1,259,'2023-06-10 13:00:00','2023-06-10 15:00:00',5.5),(3127,'PR-DEUT',14,1,336,'2023-06-10 13:00:00','2023-06-10 15:00:00',3.8),(3128,'PR-DEUT',14,1,337,'2023-06-10 13:00:00','2023-06-10 15:00:00',4.3),(3129,'PR-DBSQ',14,10,3,'2023-12-09 13:00:00','2023-12-09 15:00:00',2.6),(3130,'PR-DBSQ',14,10,29,'2023-12-09 13:00:00','2023-12-09 15:00:00',5.6),(3131,'PR-DBSQ',14,10,46,'2023-12-09 13:00:00','2023-12-09 15:00:00',4.8),(3132,'PR-DBSQ',14,10,50,'2023-12-09 13:00:00','2023-12-09 15:00:00',5.5),(3133,'PR-DBSQ',14,10,59,'2023-12-09 13:00:00','2023-12-09 15:00:00',3.6),(3134,'PR-DBSQ',14,10,107,'2023-12-09 13:00:00','2023-12-09 15:00:00',3.1),(3135,'PR-DBSQ',14,10,120,'2023-12-09 13:00:00','2023-12-09 15:00:00',3.0),(3136,'PR-DBSQ',14,10,131,'2023-12-09 13:00:00','2023-12-09 15:00:00',3.3),(3137,'PR-DBSQ',14,10,203,'2023-12-09 13:00:00','2023-12-09 15:00:00',6.0),(3138,'PR-DBSQ',14,10,243,'2023-12-09 13:00:00','2023-12-09 15:00:00',5.5),(3139,'PR-DBSQ',14,10,259,'2023-12-09 13:00:00','2023-12-09 15:00:00',6.0),(3140,'PR-DBSQ',14,10,336,'2023-12-09 13:00:00','2023-12-09 15:00:00',5.5),(3141,'PR-DBSQ',14,10,337,'2023-12-09 13:00:00','2023-12-09 15:00:00',5.1),(3142,'PR-BWL',14,11,3,'2022-12-10 13:00:00','2022-12-10 15:00:00',2.5),(3143,'PR-BWL',14,11,29,'2022-12-10 13:00:00','2022-12-10 15:00:00',5.4),(3144,'PR-BWL',14,11,46,'2022-12-10 13:00:00','2022-12-10 15:00:00',3.2),(3145,'PR-BWL',14,11,50,'2022-12-10 13:00:00','2022-12-10 15:00:00',5.0),(3146,'PR-BWL',14,11,59,'2022-12-10 13:00:00','2022-12-10 15:00:00',4.8),(3147,'PR-BWL',14,11,107,'2022-12-10 13:00:00','2022-12-10 15:00:00',5.4),(3148,'PR-BWL',14,11,120,'2022-12-10 13:00:00','2022-12-10 15:00:00',5.2),(3149,'PR-BWL',14,11,131,'2022-12-10 13:00:00','2022-12-10 15:00:00',5.7),(3150,'PR-BWL',14,11,203,'2022-12-10 13:00:00','2022-12-10 15:00:00',4.6),(3151,'PR-BWL',14,11,243,'2022-12-10 13:00:00','2022-12-10 15:00:00',3.0),(3152,'PR-BWL',14,11,259,'2022-12-10 13:00:00','2022-12-10 15:00:00',5.1),(3153,'PR-BWL',14,11,336,'2022-12-10 13:00:00','2022-12-10 15:00:00',4.7),(3154,'PR-BWL',14,11,337,'2022-12-10 13:00:00','2022-12-10 15:00:00',3.0),(3155,'PR-BUCH',14,12,3,'2022-06-01 13:00:00','2022-06-01 15:00:00',5.0),(3156,'PR-BUCH',14,12,29,'2022-06-01 13:00:00','2022-06-01 15:00:00',2.9),(3157,'PR-BUCH',14,12,46,'2022-06-01 13:00:00','2022-06-01 15:00:00',5.2),(3158,'PR-BUCH',14,12,50,'2022-06-01 13:00:00','2022-06-01 15:00:00',5.9),(3159,'PR-BUCH',14,12,59,'2022-06-01 13:00:00','2022-06-01 15:00:00',5.7),(3160,'PR-BUCH',14,12,107,'2022-06-01 13:00:00','2022-06-01 15:00:00',5.5),(3161,'PR-BUCH',14,12,120,'2022-06-01 13:00:00','2022-06-01 15:00:00',5.5),(3162,'PR-BUCH',14,12,131,'2022-06-01 13:00:00','2022-06-01 15:00:00',5.3),(3163,'PR-BUCH',14,12,203,'2022-06-01 13:00:00','2022-06-01 15:00:00',5.5),(3164,'PR-BUCH',14,12,243,'2022-06-01 13:00:00','2022-06-01 15:00:00',3.4),(3165,'PR-BUCH',14,12,259,'2022-06-01 13:00:00','2022-06-01 15:00:00',6.0),(3166,'PR-BUCH',14,12,336,'2022-06-01 13:00:00','2022-06-01 15:00:00',5.6),(3167,'PR-BUCH',14,12,337,'2022-06-01 13:00:00','2022-06-01 15:00:00',2.8),(3168,'PR-SYEN',14,5,3,'2022-06-01 13:00:00','2022-06-01 15:00:00',4.7),(3169,'PR-SYEN',14,5,29,'2022-06-01 13:00:00','2022-06-01 15:00:00',4.7),(3170,'PR-SYEN',14,5,46,'2022-06-01 13:00:00','2022-06-01 15:00:00',6.0),(3171,'PR-SYEN',14,5,50,'2022-06-01 13:00:00','2022-06-01 15:00:00',3.3),(3172,'PR-SYEN',14,5,59,'2022-06-01 13:00:00','2022-06-01 15:00:00',4.9),(3173,'PR-SYEN',14,5,107,'2022-06-01 13:00:00','2022-06-01 15:00:00',6.0),(3174,'PR-SYEN',14,5,120,'2022-06-01 13:00:00','2022-06-01 15:00:00',5.8),(3175,'PR-SYEN',14,5,131,'2022-06-01 13:00:00','2022-06-01 15:00:00',5.7),(3176,'PR-SYEN',14,5,203,'2022-06-01 13:00:00','2022-06-01 15:00:00',5.8),(3177,'PR-SYEN',14,5,243,'2022-06-01 13:00:00','2022-06-01 15:00:00',5.6),(3178,'PR-SYEN',14,5,259,'2022-06-01 13:00:00','2022-06-01 15:00:00',5.0),(3179,'PR-SYEN',14,5,336,'2022-06-01 13:00:00','2022-06-01 15:00:00',5.0),(3180,'PR-SYEN',14,5,337,'2022-06-01 13:00:00','2022-06-01 15:00:00',5.6),(3181,'PR-MATH',14,3,74,'2022-12-10 10:00:00','2022-12-10 12:00:00',4.6),(3182,'PR-MATH',14,3,138,'2022-12-10 10:00:00','2022-12-10 12:00:00',5.0),(3183,'PR-MATH',14,3,139,'2022-12-10 10:00:00','2022-12-10 12:00:00',3.4),(3184,'PR-MATH',14,3,179,'2022-12-10 10:00:00','2022-12-10 12:00:00',3.1),(3185,'PR-MATH',14,3,183,'2022-12-10 10:00:00','2022-12-10 12:00:00',5.8),(3186,'PR-MATH',14,3,198,'2022-12-10 10:00:00','2022-12-10 12:00:00',5.2),(3187,'PR-MATH',14,3,206,'2022-12-10 10:00:00','2022-12-10 12:00:00',5.0),(3188,'PR-MATH',14,3,236,'2022-12-10 10:00:00','2022-12-10 12:00:00',5.6),(3189,'PR-MATH',14,3,266,'2022-12-10 10:00:00','2022-12-10 12:00:00',3.2),(3190,'PR-MATH',14,3,270,'2022-12-10 10:00:00','2022-12-10 12:00:00',5.3),(3191,'PR-MATH',14,3,309,'2022-12-10 10:00:00','2022-12-10 12:00:00',5.5),(3192,'PR-MATH',14,3,347,'2022-12-10 10:00:00','2022-12-10 12:00:00',5.8),(3193,'PR-ENGL',14,2,74,'2022-12-10 10:00:00','2022-12-10 12:00:00',5.7),(3194,'PR-ENGL',14,2,138,'2022-12-10 10:00:00','2022-12-10 12:00:00',4.8),(3195,'PR-ENGL',14,2,139,'2022-12-10 10:00:00','2022-12-10 12:00:00',5.4),(3196,'PR-ENGL',14,2,179,'2022-12-10 10:00:00','2022-12-10 12:00:00',5.2),(3197,'PR-ENGL',14,2,183,'2022-12-10 10:00:00','2022-12-10 12:00:00',5.8),(3198,'PR-ENGL',14,2,198,'2022-12-10 10:00:00','2022-12-10 12:00:00',5.0),(3199,'PR-ENGL',14,2,206,'2022-12-10 10:00:00','2022-12-10 12:00:00',5.5),(3200,'PR-ENGL',14,2,236,'2022-12-10 10:00:00','2022-12-10 12:00:00',3.4),(3201,'PR-ENGL',14,2,266,'2022-12-10 10:00:00','2022-12-10 12:00:00',5.3),(3202,'PR-ENGL',14,2,270,'2022-12-10 10:00:00','2022-12-10 12:00:00',5.6),(3203,'PR-ENGL',14,2,309,'2022-12-10 10:00:00','2022-12-10 12:00:00',5.4),(3204,'PR-ENGL',14,2,347,'2022-12-10 10:00:00','2022-12-10 12:00:00',4.3),(3205,'PR-DEUT',14,1,74,'2022-12-10 10:00:00','2022-12-10 12:00:00',5.8),(3206,'PR-DEUT',14,1,138,'2022-12-10 10:00:00','2022-12-10 12:00:00',3.2),(3207,'PR-DEUT',14,1,139,'2022-12-10 10:00:00','2022-12-10 12:00:00',5.5),(3208,'PR-DEUT',14,1,179,'2022-12-10 10:00:00','2022-12-10 12:00:00',5.7),(3209,'PR-DEUT',14,1,183,'2022-12-10 10:00:00','2022-12-10 12:00:00',4.4),(3210,'PR-DEUT',14,1,198,'2022-12-10 10:00:00','2022-12-10 12:00:00',4.4),(3211,'PR-DEUT',14,1,206,'2022-12-10 10:00:00','2022-12-10 12:00:00',5.8),(3212,'PR-DEUT',14,1,236,'2022-12-10 10:00:00','2022-12-10 12:00:00',3.2),(3213,'PR-DEUT',14,1,266,'2022-12-10 10:00:00','2022-12-10 12:00:00',5.2),(3214,'PR-DEUT',14,1,270,'2022-12-10 10:00:00','2022-12-10 12:00:00',6.0),(3215,'PR-DEUT',14,1,309,'2022-12-10 10:00:00','2022-12-10 12:00:00',5.6),(3216,'PR-DEUT',14,1,347,'2022-12-10 10:00:00','2022-12-10 12:00:00',4.9),(3217,'PR-DBSQ',14,10,74,'2023-06-10 10:00:00','2023-06-10 12:00:00',3.3),(3218,'PR-DBSQ',14,10,138,'2023-06-10 10:00:00','2023-06-10 12:00:00',5.6),(3219,'PR-DBSQ',14,10,139,'2023-06-10 10:00:00','2023-06-10 12:00:00',5.5),(3220,'PR-DBSQ',14,10,179,'2023-06-10 10:00:00','2023-06-10 12:00:00',5.9),(3221,'PR-DBSQ',14,10,183,'2023-06-10 10:00:00','2023-06-10 12:00:00',3.4),(3222,'PR-DBSQ',14,10,198,'2023-06-10 10:00:00','2023-06-10 12:00:00',2.6),(3223,'PR-DBSQ',14,10,206,'2023-06-10 10:00:00','2023-06-10 12:00:00',5.8),(3224,'PR-DBSQ',14,10,236,'2023-06-10 10:00:00','2023-06-10 12:00:00',5.5),(3225,'PR-DBSQ',14,10,266,'2023-06-10 10:00:00','2023-06-10 12:00:00',5.1),(3226,'PR-DBSQ',14,10,270,'2023-06-10 10:00:00','2023-06-10 12:00:00',2.8),(3227,'PR-DBSQ',14,10,309,'2023-06-10 10:00:00','2023-06-10 12:00:00',3.3),(3228,'PR-DBSQ',14,10,347,'2023-06-10 10:00:00','2023-06-10 12:00:00',5.2),(3229,'PR-BWL',14,11,74,'2022-06-01 10:00:00','2022-06-01 12:00:00',4.9),(3230,'PR-BWL',14,11,138,'2022-06-01 10:00:00','2022-06-01 12:00:00',5.1),(3231,'PR-BWL',14,11,139,'2022-06-01 10:00:00','2022-06-01 12:00:00',5.8),(3232,'PR-BWL',14,11,179,'2022-06-01 10:00:00','2022-06-01 12:00:00',5.6),(3233,'PR-BWL',14,11,183,'2022-06-01 10:00:00','2022-06-01 12:00:00',5.2),(3234,'PR-BWL',14,11,198,'2022-06-01 10:00:00','2022-06-01 12:00:00',5.0),(3235,'PR-BWL',14,11,206,'2022-06-01 10:00:00','2022-06-01 12:00:00',5.6),(3236,'PR-BWL',14,11,236,'2022-06-01 10:00:00','2022-06-01 12:00:00',5.2),(3237,'PR-BWL',14,11,266,'2022-06-01 10:00:00','2022-06-01 12:00:00',6.0),(3238,'PR-BWL',14,11,270,'2022-06-01 10:00:00','2022-06-01 12:00:00',6.0),(3239,'PR-BWL',14,11,309,'2022-06-01 10:00:00','2022-06-01 12:00:00',2.8),(3240,'PR-BWL',14,11,347,'2022-06-01 10:00:00','2022-06-01 12:00:00',2.6),(3241,'PR-BUCH',14,12,74,'2021-12-11 10:00:00','2021-12-11 12:00:00',5.5),(3242,'PR-BUCH',14,12,138,'2021-12-11 10:00:00','2021-12-11 12:00:00',4.6),(3243,'PR-BUCH',14,12,139,'2021-12-11 10:00:00','2021-12-11 12:00:00',5.2),(3244,'PR-BUCH',14,12,179,'2021-12-11 10:00:00','2021-12-11 12:00:00',3.3),(3245,'PR-BUCH',14,12,183,'2021-12-11 10:00:00','2021-12-11 12:00:00',5.9),(3246,'PR-BUCH',14,12,198,'2021-12-11 10:00:00','2021-12-11 12:00:00',5.0),(3247,'PR-BUCH',14,12,206,'2021-12-11 10:00:00','2021-12-11 12:00:00',3.0),(3248,'PR-BUCH',14,12,236,'2021-12-11 10:00:00','2021-12-11 12:00:00',5.4),(3249,'PR-BUCH',14,12,266,'2021-12-11 10:00:00','2021-12-11 12:00:00',2.6),(3250,'PR-BUCH',14,12,270,'2021-12-11 10:00:00','2021-12-11 12:00:00',5.5),(3251,'PR-BUCH',14,12,309,'2021-12-11 10:00:00','2021-12-11 12:00:00',3.3),(3252,'PR-BUCH',14,12,347,'2021-12-11 10:00:00','2021-12-11 12:00:00',3.4),(3253,'PR-SYEN',14,5,74,'2021-12-11 10:00:00','2021-12-11 12:00:00',5.7),(3254,'PR-SYEN',14,5,138,'2021-12-11 10:00:00','2021-12-11 12:00:00',4.7),(3255,'PR-SYEN',14,5,139,'2021-12-11 10:00:00','2021-12-11 12:00:00',5.3),(3256,'PR-SYEN',14,5,179,'2021-12-11 10:00:00','2021-12-11 12:00:00',4.9),(3257,'PR-SYEN',14,5,183,'2021-12-11 10:00:00','2021-12-11 12:00:00',5.2),(3258,'PR-SYEN',14,5,198,'2021-12-11 10:00:00','2021-12-11 12:00:00',4.4),(3259,'PR-SYEN',14,5,206,'2021-12-11 10:00:00','2021-12-11 12:00:00',5.9),(3260,'PR-SYEN',14,5,236,'2021-12-11 10:00:00','2021-12-11 12:00:00',5.7),(3261,'PR-SYEN',14,5,266,'2021-12-11 10:00:00','2021-12-11 12:00:00',5.9),(3262,'PR-SYEN',14,5,270,'2021-12-11 10:00:00','2021-12-11 12:00:00',5.8),(3263,'PR-SYEN',14,5,309,'2021-12-11 10:00:00','2021-12-11 12:00:00',5.5),(3264,'PR-SYEN',14,5,347,'2021-12-11 10:00:00','2021-12-11 12:00:00',5.9),(3265,'PR-MATH',14,3,14,'2022-06-11 08:30:00','2022-06-11 12:00:00',4.6),(3266,'PR-MATH',14,3,34,'2022-06-11 08:30:00','2022-06-11 12:00:00',5.6),(3267,'PR-MATH',14,3,55,'2022-06-11 08:30:00','2022-06-11 12:00:00',5.5),(3268,'PR-MATH',14,3,111,'2022-06-11 08:30:00','2022-06-11 12:00:00',5.5),(3269,'PR-MATH',14,3,173,'2022-06-11 08:30:00','2022-06-11 12:00:00',2.6),(3270,'PR-MATH',14,3,176,'2022-06-11 08:30:00','2022-06-11 12:00:00',5.8),(3271,'PR-MATH',14,3,191,'2022-06-11 08:30:00','2022-06-11 12:00:00',5.3),(3272,'PR-MATH',14,3,234,'2022-06-11 08:30:00','2022-06-11 12:00:00',5.0),(3273,'PR-MATH',14,3,252,'2022-06-11 08:30:00','2022-06-11 12:00:00',5.3),(3274,'PR-MATH',14,3,256,'2022-06-11 08:30:00','2022-06-11 12:00:00',2.9),(3275,'PR-MATH',14,3,280,'2022-06-11 08:30:00','2022-06-11 12:00:00',3.2),(3276,'PR-MATH',14,3,294,'2022-06-11 08:30:00','2022-06-11 12:00:00',5.7),(3277,'PR-MATH',14,3,299,'2022-06-11 08:30:00','2022-06-11 12:00:00',4.6),(3278,'PR-MATH',14,3,351,'2022-06-11 08:30:00','2022-06-11 12:00:00',5.8),(3279,'PR-ENGL',14,2,14,'2021-11-06 10:00:00','2021-11-06 12:00:00',5.9),(3280,'PR-ENGL',14,2,34,'2021-11-06 10:00:00','2021-11-06 12:00:00',6.0),(3281,'PR-ENGL',14,2,55,'2021-11-06 10:00:00','2021-11-06 12:00:00',5.3),(3282,'PR-ENGL',14,2,111,'2021-11-06 10:00:00','2021-11-06 12:00:00',4.7),(3283,'PR-ENGL',14,2,173,'2021-11-06 10:00:00','2021-11-06 12:00:00',5.9),(3284,'PR-ENGL',14,2,176,'2021-11-06 10:00:00','2021-11-06 12:00:00',2.6),(3285,'PR-ENGL',14,2,191,'2021-11-06 10:00:00','2021-11-06 12:00:00',3.6),(3286,'PR-ENGL',14,2,234,'2021-11-06 10:00:00','2021-11-06 12:00:00',5.7),(3287,'PR-ENGL',14,2,252,'2021-11-06 10:00:00','2021-11-06 12:00:00',3.4),(3288,'PR-ENGL',14,2,256,'2021-11-06 10:00:00','2021-11-06 12:00:00',5.2),(3289,'PR-ENGL',14,2,280,'2021-11-06 10:00:00','2021-11-06 12:00:00',5.9),(3290,'PR-ENGL',14,2,294,'2021-11-06 10:00:00','2021-11-06 12:00:00',5.9),(3291,'PR-ENGL',14,2,299,'2021-11-06 10:00:00','2021-11-06 12:00:00',3.4),(3292,'PR-ENGL',14,2,351,'2021-11-06 10:00:00','2021-11-06 12:00:00',5.6),(3293,'PR-DEUT',14,1,14,'2021-11-27 10:00:00','2021-11-27 12:00:00',5.3),(3294,'PR-DEUT',14,1,34,'2021-11-27 10:00:00','2021-11-27 12:00:00',6.0),(3295,'PR-DEUT',14,1,55,'2021-11-27 10:00:00','2021-11-27 12:00:00',5.2),(3296,'PR-DEUT',14,1,111,'2021-11-27 10:00:00','2021-11-27 12:00:00',2.8),(3297,'PR-DEUT',14,1,173,'2021-11-27 10:00:00','2021-11-27 12:00:00',4.4),(3298,'PR-DEUT',14,1,176,'2021-11-27 10:00:00','2021-11-27 12:00:00',5.8),(3299,'PR-DEUT',14,1,191,'2021-11-27 10:00:00','2021-11-27 12:00:00',5.5),(3300,'PR-DEUT',14,1,234,'2021-11-27 10:00:00','2021-11-27 12:00:00',5.1),(3301,'PR-DEUT',14,1,252,'2021-11-27 10:00:00','2021-11-27 12:00:00',6.0),(3302,'PR-DEUT',14,1,256,'2021-11-27 10:00:00','2021-11-27 12:00:00',6.0),(3303,'PR-DEUT',14,1,280,'2021-11-27 10:00:00','2021-11-27 12:00:00',5.8),(3304,'PR-DEUT',14,1,294,'2021-11-27 10:00:00','2021-11-27 12:00:00',4.9),(3305,'PR-DEUT',14,1,299,'2021-11-27 10:00:00','2021-11-27 12:00:00',5.8),(3306,'PR-DEUT',14,1,351,'2021-11-27 10:00:00','2021-11-27 12:00:00',5.6),(3307,'PR-DBSQ',14,10,14,'2022-12-03 13:00:00','2022-12-03 15:00:00',5.8),(3308,'PR-DBSQ',14,10,34,'2022-12-03 13:00:00','2022-12-03 15:00:00',5.4),(3309,'PR-DBSQ',14,10,55,'2022-12-03 13:00:00','2022-12-03 15:00:00',5.7),(3310,'PR-DBSQ',14,10,111,'2022-12-03 13:00:00','2022-12-03 15:00:00',3.3),(3311,'PR-DBSQ',14,10,173,'2022-12-03 13:00:00','2022-12-03 15:00:00',4.9),(3312,'PR-DBSQ',14,10,176,'2022-12-03 13:00:00','2022-12-03 15:00:00',3.1),(3313,'PR-DBSQ',14,10,191,'2022-12-03 13:00:00','2022-12-03 15:00:00',5.5),(3314,'PR-DBSQ',14,10,234,'2022-12-03 13:00:00','2022-12-03 15:00:00',5.2),(3315,'PR-DBSQ',14,10,252,'2022-12-03 13:00:00','2022-12-03 15:00:00',2.6),(3316,'PR-DBSQ',14,10,256,'2022-12-03 13:00:00','2022-12-03 15:00:00',6.0),(3317,'PR-DBSQ',14,10,280,'2022-12-03 13:00:00','2022-12-03 15:00:00',5.3),(3318,'PR-DBSQ',14,10,294,'2022-12-03 13:00:00','2022-12-03 15:00:00',5.2),(3319,'PR-DBSQ',14,10,299,'2022-12-03 13:00:00','2022-12-03 15:00:00',5.4),(3320,'PR-DBSQ',14,10,351,'2022-12-03 13:00:00','2022-12-03 15:00:00',6.0),(3321,'PR-BWL',14,11,14,'2021-12-04 13:00:00','2021-12-04 15:00:00',5.7),(3322,'PR-BWL',14,11,34,'2021-12-04 13:00:00','2021-12-04 15:00:00',5.9),(3323,'PR-BWL',14,11,55,'2021-12-04 13:00:00','2021-12-04 15:00:00',3.0),(3324,'PR-BWL',14,11,111,'2021-12-04 13:00:00','2021-12-04 15:00:00',5.1),(3325,'PR-BWL',14,11,173,'2021-12-04 13:00:00','2021-12-04 15:00:00',6.0),(3326,'PR-BWL',14,11,176,'2021-12-04 13:00:00','2021-12-04 15:00:00',5.6),(3327,'PR-BWL',14,11,191,'2021-12-04 13:00:00','2021-12-04 15:00:00',6.0),(3328,'PR-BWL',14,11,234,'2021-12-04 13:00:00','2021-12-04 15:00:00',5.1),(3329,'PR-BWL',14,11,252,'2021-12-04 13:00:00','2021-12-04 15:00:00',3.2),(3330,'PR-BWL',14,11,256,'2021-12-04 13:00:00','2021-12-04 15:00:00',5.5),(3331,'PR-BWL',14,11,280,'2021-12-04 13:00:00','2021-12-04 15:00:00',5.6),(3332,'PR-BWL',14,11,294,'2021-12-04 13:00:00','2021-12-04 15:00:00',5.4),(3333,'PR-BWL',14,11,299,'2021-12-04 13:00:00','2021-12-04 15:00:00',4.8),(3334,'PR-BWL',14,11,351,'2021-12-04 13:00:00','2021-12-04 15:00:00',3.0),(3335,'PR-BUCH',14,12,14,'2021-06-05 13:00:00','2021-06-05 15:00:00',3.0),(3336,'PR-BUCH',14,12,34,'2021-06-05 13:00:00','2021-06-05 15:00:00',5.3),(3337,'PR-BUCH',14,12,55,'2021-06-05 13:00:00','2021-06-05 15:00:00',5.8),(3338,'PR-BUCH',14,12,111,'2021-06-05 13:00:00','2021-06-05 15:00:00',5.3),(3339,'PR-BUCH',14,12,173,'2021-06-05 13:00:00','2021-06-05 15:00:00',5.9),(3340,'PR-BUCH',14,12,176,'2021-06-05 13:00:00','2021-06-05 15:00:00',5.5),(3341,'PR-BUCH',14,12,191,'2021-06-05 13:00:00','2021-06-05 15:00:00',5.4),(3342,'PR-BUCH',14,12,234,'2021-06-05 13:00:00','2021-06-05 15:00:00',5.0),(3343,'PR-BUCH',14,12,252,'2021-06-05 13:00:00','2021-06-05 15:00:00',5.5),(3344,'PR-BUCH',14,12,256,'2021-06-05 13:00:00','2021-06-05 15:00:00',4.7),(3345,'PR-BUCH',14,12,280,'2021-06-05 13:00:00','2021-06-05 15:00:00',2.8),(3346,'PR-BUCH',14,12,294,'2021-06-05 13:00:00','2021-06-05 15:00:00',5.3),(3347,'PR-BUCH',14,12,299,'2021-06-05 13:00:00','2021-06-05 15:00:00',2.6),(3348,'PR-BUCH',14,12,351,'2021-06-05 13:00:00','2021-06-05 15:00:00',5.2),(3349,'PR-SYEN',14,5,14,'2021-06-05 13:00:00','2021-06-05 15:00:00',5.5),(3350,'PR-SYEN',14,5,34,'2021-06-05 13:00:00','2021-06-05 15:00:00',5.9),(3351,'PR-SYEN',14,5,55,'2021-06-05 13:00:00','2021-06-05 15:00:00',4.6),(3352,'PR-SYEN',14,5,111,'2021-06-05 13:00:00','2021-06-05 15:00:00',5.4),(3353,'PR-SYEN',14,5,173,'2021-06-05 13:00:00','2021-06-05 15:00:00',5.4),(3354,'PR-SYEN',14,5,176,'2021-06-05 13:00:00','2021-06-05 15:00:00',2.5),(3355,'PR-SYEN',14,5,191,'2021-06-05 13:00:00','2021-06-05 15:00:00',6.0),(3356,'PR-SYEN',14,5,234,'2021-06-05 13:00:00','2021-06-05 15:00:00',2.6),(3357,'PR-SYEN',14,5,252,'2021-06-05 13:00:00','2021-06-05 15:00:00',4.8),(3358,'PR-SYEN',14,5,256,'2021-06-05 13:00:00','2021-06-05 15:00:00',5.7),(3359,'PR-SYEN',14,5,280,'2021-06-05 13:00:00','2021-06-05 15:00:00',5.8),(3360,'PR-SYEN',14,5,294,'2021-06-05 13:00:00','2021-06-05 15:00:00',5.9),(3361,'PR-SYEN',14,5,299,'2021-06-05 13:00:00','2021-06-05 15:00:00',5.6),(3362,'PR-SYEN',14,5,351,'2021-06-05 13:00:00','2021-06-05 15:00:00',5.6),(3363,'PR-MATH',14,3,71,'2021-12-04 10:00:00','2021-12-04 12:00:00',5.8),(3364,'PR-MATH',14,3,125,'2021-12-04 10:00:00','2021-12-04 12:00:00',3.0),(3365,'PR-MATH',14,3,126,'2021-12-04 10:00:00','2021-12-04 12:00:00',5.8),(3366,'PR-MATH',14,3,132,'2021-12-04 10:00:00','2021-12-04 12:00:00',3.1),(3367,'PR-MATH',14,3,210,'2021-12-04 10:00:00','2021-12-04 12:00:00',2.6),(3368,'PR-ENGL',14,2,71,'2021-12-04 10:00:00','2021-12-04 12:00:00',5.6),(3369,'PR-ENGL',14,2,125,'2021-12-04 10:00:00','2021-12-04 12:00:00',4.3),(3370,'PR-ENGL',14,2,126,'2021-12-04 10:00:00','2021-12-04 12:00:00',4.3),(3371,'PR-ENGL',14,2,132,'2021-12-04 10:00:00','2021-12-04 12:00:00',5.6),(3372,'PR-ENGL',14,2,210,'2021-12-04 10:00:00','2021-12-04 12:00:00',5.6),(3373,'PR-DEUT',14,1,71,'2021-12-04 10:00:00','2021-12-04 12:00:00',5.4),(3374,'PR-DEUT',14,1,125,'2021-12-04 10:00:00','2021-12-04 12:00:00',5.9),(3375,'PR-DEUT',14,1,126,'2021-12-04 10:00:00','2021-12-04 12:00:00',5.2),(3376,'PR-DEUT',14,1,132,'2021-12-04 10:00:00','2021-12-04 12:00:00',4.8),(3377,'PR-DEUT',14,1,210,'2021-12-04 10:00:00','2021-12-04 12:00:00',4.9),(3378,'PR-DBSQ',14,10,71,'2022-06-04 10:00:00','2022-06-04 12:00:00',5.3),(3379,'PR-DBSQ',14,10,125,'2022-06-04 10:00:00','2022-06-04 12:00:00',2.5),(3380,'PR-DBSQ',14,10,126,'2022-06-04 10:00:00','2022-06-04 12:00:00',5.8),(3381,'PR-DBSQ',14,10,132,'2022-06-04 10:00:00','2022-06-04 12:00:00',5.3),(3382,'PR-DBSQ',14,10,210,'2022-06-04 10:00:00','2022-06-04 12:00:00',5.1),(3383,'PR-BWL',14,11,71,'2021-06-05 10:00:00','2021-06-05 12:00:00',5.6),(3384,'PR-BWL',14,11,125,'2021-06-05 10:00:00','2021-06-05 12:00:00',5.1),(3385,'PR-BWL',14,11,126,'2021-06-05 10:00:00','2021-06-05 12:00:00',5.2),(3386,'PR-BWL',14,11,132,'2021-06-05 10:00:00','2021-06-05 12:00:00',6.0),(3387,'PR-BWL',14,11,210,'2021-06-05 10:00:00','2021-06-05 12:00:00',5.5),(3388,'PR-BUCH',14,12,71,'2020-12-05 10:00:00','2020-12-05 12:00:00',4.6),(3389,'PR-BUCH',14,12,125,'2020-12-05 10:00:00','2020-12-05 12:00:00',5.0),(3390,'PR-BUCH',14,12,126,'2020-12-05 10:00:00','2020-12-05 12:00:00',2.9),(3391,'PR-BUCH',14,12,132,'2020-12-05 10:00:00','2020-12-05 12:00:00',5.1),(3392,'PR-BUCH',14,12,210,'2020-12-05 10:00:00','2020-12-05 12:00:00',5.6),(3393,'PR-SYEN',14,5,71,'2020-12-05 10:00:00','2020-12-05 12:00:00',4.4),(3394,'PR-SYEN',14,5,125,'2020-12-05 10:00:00','2020-12-05 12:00:00',5.2),(3395,'PR-SYEN',14,5,126,'2020-12-05 10:00:00','2020-12-05 12:00:00',5.5),(3396,'PR-SYEN',14,5,132,'2020-12-05 10:00:00','2020-12-05 12:00:00',2.8),(3397,'PR-SYEN',14,5,210,'2020-12-05 10:00:00','2020-12-05 12:00:00',5.5);
/*!40000 ALTER TABLE `pruefung` ENABLE KEYS */;
UNLOCK TABLES;

--
-- Table structure for table `raum`
--

DROP TABLE IF EXISTS `raum`;
/*!40101 SET @saved_cs_client     = @@character_set_client */;
/*!50503 SET character_set_client = utf8mb4 */;
CREATE TABLE `raum` (
  `raum_id` int NOT NULL AUTO_INCREMENT,
  `bezeichnung` varchar(255) NOT NULL,
  `standort` int NOT NULL,
  `kapazitaet` int NOT NULL,
  PRIMARY KEY (`raum_id`),
  KEY `standort` (`standort`),
  CONSTRAINT `raum_ibfk_1` FOREIGN KEY (`standort`) REFERENCES `standort` (`standort_id`)
) ENGINE=InnoDB AUTO_INCREMENT=24 DEFAULT CHARSET=utf8mb4 COLLATE=utf8mb4_0900_ai_ci;
/*!40101 SET character_set_client = @saved_cs_client */;

--
-- Dumping data for table `raum`
--

LOCK TABLES `raum` WRITE;
/*!40000 ALTER TABLE `raum` DISABLE KEYS */;
INSERT INTO `raum` VALUES (1,'R001',1,20),(2,'R002',1,20),(3,'R003',1,10),(4,'SZ01',1,10),(5,'SZ02',1,20),(6,'R001',2,10),(7,'R002',2,15),(8,'R004',2,15),(9,'R006',2,25),(10,'R007',2,25),(11,'R008',2,15),(12,'R009',2,15),(13,'R001',3,15),(14,'R002',3,25),(15,'R003',3,30),(16,'R004',3,20),(17,'R007',3,20),(18,'R008',3,20),(19,'R010',3,25),(20,'R001',4,20),(21,'R002',4,20),(22,'R004',4,20),(23,'R006',4,20);
/*!40000 ALTER TABLE `raum` ENABLE KEYS */;
UNLOCK TABLES;

--
-- Table structure for table `semester`
--

DROP TABLE IF EXISTS `semester`;
/*!40101 SET @saved_cs_client     = @@character_set_client */;
/*!50503 SET character_set_client = utf8mb4 */;
CREATE TABLE `semester` (
  `semester` int DEFAULT NULL
) ENGINE=InnoDB DEFAULT CHARSET=utf8mb4 COLLATE=utf8mb4_0900_ai_ci;
/*!40101 SET character_set_client = @saved_cs_client */;

--
-- Dumping data for table `semester`
--

LOCK TABLES `semester` WRITE;
/*!40000 ALTER TABLE `semester` DISABLE KEYS */;
INSERT INTO `semester` VALUES (1),(2),(3),(4),(5),(6);
/*!40000 ALTER TABLE `semester` ENABLE KEYS */;
UNLOCK TABLES;

--
-- Table structure for table `standort`
--

DROP TABLE IF EXISTS `standort`;
/*!40101 SET @saved_cs_client     = @@character_set_client */;
/*!50503 SET character_set_client = utf8mb4 */;
CREATE TABLE `standort` (
  `standort_id` int NOT NULL AUTO_INCREMENT,
  `name` varchar(255) NOT NULL,
  `adresse` int NOT NULL,
  PRIMARY KEY (`standort_id`),
  KEY `adresse` (`adresse`),
  CONSTRAINT `standort_ibfk_1` FOREIGN KEY (`adresse`) REFERENCES `adresse` (`adresse_id`)
) ENGINE=InnoDB AUTO_INCREMENT=10 DEFAULT CHARSET=utf8mb4 COLLATE=utf8mb4_0900_ai_ci;
/*!40101 SET character_set_client = @saved_cs_client */;

--
-- Dumping data for table `standort`
--

LOCK TABLES `standort` WRITE;
/*!40000 ALTER TABLE `standort` DISABLE KEYS */;
INSERT INTO `standort` VALUES (1,'Zürich 1',43),(2,'Zürich 2',48),(3,'Bern 1',8),(4,'St. Gallen 1',64),(9,'Basel 1',14);
/*!40000 ALTER TABLE `standort` ENABLE KEYS */;
UNLOCK TABLES;

--
-- Table structure for table `student`
--

DROP TABLE IF EXISTS `student`;
/*!40101 SET @saved_cs_client     = @@character_set_client */;
/*!50503 SET character_set_client = utf8mb4 */;
CREATE TABLE `student` (
  `student_id` int NOT NULL AUTO_INCREMENT,
  `name` varchar(255) NOT NULL,
  `email` varchar(255) NOT NULL,
  `klasse` int DEFAULT NULL,
  `adresse` int NOT NULL,
  PRIMARY KEY (`student_id`),
  KEY `klasse` (`klasse`),
  KEY `adresse` (`adresse`),
  CONSTRAINT `student_ibfk_1` FOREIGN KEY (`klasse`) REFERENCES `klasse` (`klasse_id`),
  CONSTRAINT `student_ibfk_2` FOREIGN KEY (`adresse`) REFERENCES `adresse` (`adresse_id`)
) ENGINE=InnoDB AUTO_INCREMENT=353 DEFAULT CHARSET=utf8mb4 COLLATE=utf8mb4_0900_ai_ci;
/*!40101 SET character_set_client = @saved_cs_client */;

--
-- Dumping data for table `student`
--

LOCK TABLES `student` WRITE;
/*!40000 ALTER TABLE `student` DISABLE KEYS */;
INSERT INTO `student` VALUES (1,'Klaus Meier','klaus.meier@schule.ch',6,36),(2,'Petra Meier','petra.meier@schule.ch',2,44),(3,'Norina Meier','norina.meier@schule.ch',21,7),(4,'Maria Meier','maria.meier@schule.ch',10,53),(5,'Paul Meier','paul.meier@schule.ch',15,16),(6,'Peter Meier','peter.meier@schule.ch',15,30),(7,'Klaus Schmid','klaus.schmid@schule.ch',28,72),(8,'Petra Schmid','petra.schmid@schule.ch',6,39),(9,'Norina Schmid','norina.schmid@schule.ch',3,35),(10,'Maria Schmid','maria.schmid@schule.ch',29,70),(11,'Paul Schmid','paul.schmid@schule.ch',17,11),(12,'Peter Schmid','peter.schmid@schule.ch',25,63),(13,'Klaus Kunz','klaus.kunz@schule.ch',14,22),(14,'Petra Kunz','petra.kunz@schule.ch',23,15),(15,'Norina Kunz','norina.kunz@schule.ch',13,9),(16,'Maria Kunz','maria.kunz@schule.ch',25,70),(17,'Paul Kunz','paul.kunz@schule.ch',25,79),(18,'Peter Kunz','peter.kunz@schule.ch',18,26),(19,'Klaus Reinert','klaus.reinert@schule.ch',17,13),(20,'Petra Reinert','petra.reinert@schule.ch',30,62),(21,'Norina Reinert','norina.reinert@schule.ch',9,55),(22,'Maria Reinert','maria.reinert@schule.ch',15,15),(23,'Paul Reinert','paul.reinert@schule.ch',17,6),(24,'Peter Reinert','peter.reinert@schule.ch',8,52),(25,'Klaus Boder','klaus.boder@schule.ch',19,14),(26,'Petra Boder','petra.boder@schule.ch',13,20),(27,'Norina Boder','norina.boder@schule.ch',6,60),(28,'Maria Boder','maria.boder@schule.ch',20,25),(29,'Paul Boder','paul.boder@schule.ch',21,3),(30,'Peter Boder','peter.boder@schule.ch',13,28),(31,'Klaus Beck','klaus.beck@schule.ch',4,55),(32,'Petra Beck','petra.beck@schule.ch',8,32),(33,'Norina Beck','norina.beck@schule.ch',27,72),(34,'Maria Beck','maria.beck@schule.ch',23,12),(35,'Paul Beck','paul.beck@schule.ch',1,53),(36,'Peter Beck','peter.beck@schule.ch',27,75),(37,'Klaus Becker','klaus.becker@schule.ch',10,50),(38,'Petra Becker','petra.becker@schule.ch',1,58),(39,'Norina Becker','norina.becker@schule.ch',2,49),(40,'Maria Becker','maria.becker@schule.ch',8,41),(41,'Paul Becker','paul.becker@schule.ch',5,53),(42,'Peter Becker','peter.becker@schule.ch',29,78),(43,'Hanna Pauli','hanna.pauli@schule.ch',8,53),(44,'Petra Pauli','petra.pauli@schule.ch',13,4),(45,'Thomas Pauli','thomas.pauli@schule.ch',12,46),(46,'Sabine Pauli','sabine.pauli@schule.ch',21,12),(47,'Max Pauli','max.pauli@schule.ch',9,37),(48,'Fritz Pauli','fritz.pauli@schule.ch',11,47),(49,'Hanna Wirz','hanna.wirz@schule.ch',29,76),(50,'Petra Wirz','petra.wirz@schule.ch',21,18),(51,'Thomas Wirz','thomas.wirz@schule.ch',16,21),(52,'Sabine Wirz','sabine.wirz@schule.ch',19,20),(53,'Max Wirz','max.wirz@schule.ch',14,5),(54,'Fritz Wirz','fritz.wirz@schule.ch',13,25),(55,'Hanna Kurz','hanna.kurz@schule.ch',23,19),(56,'Petra Kurz','petra.kurz@schule.ch',14,18),(57,'Thomas Kurz','thomas.kurz@schule.ch',3,33),(58,'Sabine Kurz','sabine.kurz@schule.ch',30,76),(59,'Max Kurz','max.kurz@schule.ch',21,30),(60,'Fritz Kurz','fritz.kurz@schule.ch',17,5),(61,'Hanna Lang','hanna.lang@schule.ch',20,23),(62,'Petra Lang','petra.lang@schule.ch',18,8),(63,'Thomas Lang','thomas.lang@schule.ch',28,72),(64,'Sabine Lang','sabine.lang@schule.ch',27,74),(65,'Max Lang','max.lang@schule.ch',18,29),(66,'Fritz Lang','fritz.lang@schule.ch',12,50),(67,'Hanna Meier','hanna.meier@schule.ch',5,60),(68,'Petra Meier','petra.meier@schule.ch',18,30),(69,'Thomas Meier','thomas.meier@schule.ch',13,2),(70,'Sabine Meier','sabine.meier@schule.ch',13,8),(71,'Max Meier','max.meier@schule.ch',24,4),(72,'Fritz Meier','fritz.meier@schule.ch',20,22),(73,'Hanna Müller','hanna.müller@schule.ch',29,65),(74,'Petra Müller','petra.müller@schule.ch',22,6),(75,'Thomas Müller','thomas.müller@schule.ch',26,71),(76,'Sabine Müller','sabine.müller@schule.ch',1,60),(77,'Max Müller','max.müller@schule.ch',16,22),(78,'Fritz Müller','fritz.müller@schule.ch',17,30),(79,'Hanna Hansen','hanna.hansen@schule.ch',5,58),(80,'Petra Hansen','petra.hansen@schule.ch',5,49),(81,'Thomas Hansen','thomas.hansen@schule.ch',9,40),(82,'Sabine Hansen','sabine.hansen@schule.ch',1,50),(83,'Max Hansen','max.hansen@schule.ch',7,38),(84,'Fritz Hansen','fritz.hansen@schule.ch',2,38),(85,'Hanna Peters','hanna.peters@schule.ch',20,23),(86,'Petra Peters','petra.peters@schule.ch',1,45),(87,'Thomas Peters','thomas.peters@schule.ch',4,51),(88,'Sabine Peters','sabine.peters@schule.ch',17,23),(89,'Max Peters','max.peters@schule.ch',14,15),(90,'Fritz Peters','fritz.peters@schule.ch',17,4),(91,'Hanna Kunz','hanna.kunz@schule.ch',12,57),(92,'Petra Kunz','petra.kunz@schule.ch',10,42),(93,'Thomas Kunz','thomas.kunz@schule.ch',11,37),(94,'Sabine Kunz','sabine.kunz@schule.ch',27,66),(95,'Max Kunz','max.kunz@schule.ch',10,57),(96,'Fritz Kunz','fritz.kunz@schule.ch',27,68),(97,'Pierre Arnoud','pierre.arnoud@schule.ch',16,3),(98,'Remy Arnoud','remy.arnoud@schule.ch',28,63),(99,'Peter Arnoud','peter.arnoud@schule.ch',2,53),(100,'Carmen Arnoud','carmen.arnoud@schule.ch',17,31),(101,'Maria Arnoud','maria.arnoud@schule.ch',19,26),(102,'Lena Arnoud','lena.arnoud@schule.ch',10,33),(103,'Pierre Martos','pierre.martos@schule.ch',25,65),(104,'Remy Martos','remy.martos@schule.ch',6,36),(105,'Peter Martos','peter.martos@schule.ch',12,47),(106,'Carmen Martos','carmen.martos@schule.ch',11,37),(107,'Maria Martos','maria.martos@schule.ch',21,4),(108,'Lena Martos','lena.martos@schule.ch',11,41),(109,'Pierre Hauert','pierre.hauert@schule.ch',19,31),(110,'Remy Hauert','remy.hauert@schule.ch',4,61),(111,'Peter Hauert','peter.hauert@schule.ch',23,23),(112,'Carmen Hauert','carmen.hauert@schule.ch',12,33),(113,'Maria Hauert','maria.hauert@schule.ch',19,19),(114,'Lena Hauert','lena.hauert@schule.ch',30,72),(115,'Pierre Debrunner','pierre.debrunner@schule.ch',30,70),(116,'Remy Debrunner','remy.debrunner@schule.ch',1,39),(117,'Peter Debrunner','peter.debrunner@schule.ch',3,36),(118,'Carmen Debrunner','carmen.debrunner@schule.ch',14,24),(119,'Maria Debrunner','maria.debrunner@schule.ch',1,60),(120,'Lena Debrunner','lena.debrunner@schule.ch',21,4),(121,'Pierre Rieder','pierre.rieder@schule.ch',13,5),(122,'Remy Rieder','remy.rieder@schule.ch',1,41),(123,'Peter Rieder','peter.rieder@schule.ch',25,65),(124,'Carmen Rieder','carmen.rieder@schule.ch',2,55),(125,'Maria Rieder','maria.rieder@schule.ch',24,11),(126,'Lena Rieder','lena.rieder@schule.ch',24,8),(127,'Pierre Schmitt','pierre.schmitt@schule.ch',16,8),(128,'Remy Schmitt','remy.schmitt@schule.ch',8,58),(129,'Peter Schmitt','peter.schmitt@schule.ch',20,13),(130,'Carmen Schmitt','carmen.schmitt@schule.ch',16,8),(131,'Maria Schmitt','maria.schmitt@schule.ch',21,31),(132,'Lena Schmitt','lena.schmitt@schule.ch',24,10),(133,'Pierre Arn','pierre.arn@schule.ch',27,79),(134,'Remy Arn','remy.arn@schule.ch',3,34),(135,'Peter Arn','peter.arn@schule.ch',25,68),(136,'Carmen Arn','carmen.arn@schule.ch',25,66),(137,'Maria Arn','maria.arn@schule.ch',20,16),(138,'Lena Arn','lena.arn@schule.ch',22,18),(139,'Pierre Hauser','pierre.hauser@schule.ch',22,9),(140,'Remy Hauser','remy.hauser@schule.ch',13,20),(141,'Peter Hauser','peter.hauser@schule.ch',27,68),(142,'Carmen Hauser','carmen.hauser@schule.ch',8,53),(143,'Maria Hauser','maria.hauser@schule.ch',19,11),(144,'Lena Hauser','lena.hauser@schule.ch',8,44),(145,'Lena Ringier','lena.ringier@schule.ch',15,25),(146,'Lena Dupont','lena.dupont@schule.ch',18,30),(147,'Lena Dubois','lena.dubois@schule.ch',17,14),(148,'Lena Firrone','lena.firrone@schule.ch',28,75),(149,'Lena Deicas','lena.deicas@schule.ch',1,58),(150,'Lena Puddu','lena.puddu@schule.ch',11,37),(151,'Lena Rossi','lena.rossi@schule.ch',19,9),(152,'Lena Bianchi','lena.bianchi@schule.ch',3,40),(153,'Lena Grecco','lena.grecco@schule.ch',17,2),(154,'Lena Marino','lena.marino@schule.ch',16,9),(155,'Lena Ferrari','lena.ferrari@schule.ch',28,66),(156,'Lena Russo','lena.russo@schule.ch',2,57),(157,'Lena Benedetti','lena.benedetti@schule.ch',14,9),(158,'Maria Ringier','maria.ringier@schule.ch',6,46),(159,'Maria Dupont','maria.dupont@schule.ch',18,18),(160,'Maria Dubois','maria.dubois@schule.ch',8,54),(161,'Maria Firrone','maria.firrone@schule.ch',19,31),(162,'Maria Deicas','maria.deicas@schule.ch',9,41),(163,'Maria Puddu','maria.puddu@schule.ch',19,11),(164,'Maria Rossi','maria.rossi@schule.ch',6,42),(165,'Maria Bianchi','maria.bianchi@schule.ch',3,57),(166,'Maria Grecco','maria.grecco@schule.ch',27,62),(167,'Maria Marino','maria.marino@schule.ch',4,36),(168,'Maria Ferrari','maria.ferrari@schule.ch',29,78),(169,'Maria Russo','maria.russo@schule.ch',14,18),(170,'Maria Benedetti','maria.benedetti@schule.ch',11,39),(171,'Carmen Ringier','carmen.ringier@schule.ch',14,28),(172,'Carmen Dupont','carmen.dupont@schule.ch',7,55),(173,'Carmen Dubois','carmen.dubois@schule.ch',23,23),(174,'Carmen Firrone','carmen.firrone@schule.ch',3,38),(175,'Carmen Deicas','carmen.deicas@schule.ch',7,53),(176,'Carmen Puddu','carmen.puddu@schule.ch',23,31),(177,'Carmen Rossi','carmen.rossi@schule.ch',5,60),(178,'Carmen Bianchi','carmen.bianchi@schule.ch',13,22),(179,'Carmen Grecco','carmen.grecco@schule.ch',22,15),(180,'Carmen Marino','carmen.marino@schule.ch',10,47),(181,'Carmen Ferrari','carmen.ferrari@schule.ch',15,7),(182,'Carmen Russo','carmen.russo@schule.ch',13,21),(183,'Carmen Benedetti','carmen.benedetti@schule.ch',22,23),(184,'Peter Ringier','peter.ringier@schule.ch',7,54),(185,'Peter Dupont','peter.dupont@schule.ch',30,72),(186,'Peter Dubois','peter.dubois@schule.ch',7,36),(187,'Peter Firrone','peter.firrone@schule.ch',5,49),(188,'Peter Deicas','peter.deicas@schule.ch',4,43),(189,'Peter Puddu','peter.puddu@schule.ch',4,38),(190,'Peter Rossi','peter.rossi@schule.ch',7,61),(191,'Peter Bianchi','peter.bianchi@schule.ch',23,21),(192,'Peter Grecco','peter.grecco@schule.ch',3,38),(193,'Peter Marino','peter.marino@schule.ch',4,34),(194,'Peter Ferrari','peter.ferrari@schule.ch',12,57),(195,'Peter Russo','peter.russo@schule.ch',17,3),(196,'Peter Benedetti','peter.benedetti@schule.ch',18,10),(197,'Remy Ringier','remy.ringier@schule.ch',9,32),(198,'Remy Dupont','remy.dupont@schule.ch',22,12),(199,'Remy Dubois','remy.dubois@schule.ch',20,28),(200,'Remy Firrone','remy.firrone@schule.ch',6,46),(201,'Remy Deicas','remy.deicas@schule.ch',28,62),(202,'Remy Puddu','remy.puddu@schule.ch',3,44),(203,'Remy Rossi','remy.rossi@schule.ch',21,11),(204,'Remy Bianchi','remy.bianchi@schule.ch',3,48),(205,'Remy Grecco','remy.grecco@schule.ch',12,50),(206,'Remy Marino','remy.marino@schule.ch',22,29),(207,'Remy Ferrari','remy.ferrari@schule.ch',14,21),(208,'Remy Russo','remy.russo@schule.ch',3,41),(209,'Remy Benedetti','remy.benedetti@schule.ch',30,71),(210,'Pierre Ringier','pierre.ringier@schule.ch',24,18),(211,'Pierre Dupont','pierre.dupont@schule.ch',28,72),(212,'Pierre Dubois','pierre.dubois@schule.ch',8,55),(213,'Pierre Firrone','pierre.firrone@schule.ch',16,24),(214,'Pierre Deicas','pierre.deicas@schule.ch',25,64),(215,'Pierre Puddu','pierre.puddu@schule.ch',16,3),(216,'Pierre Rossi','pierre.rossi@schule.ch',5,32),(217,'Pierre Bianchi','pierre.bianchi@schule.ch',5,54),(218,'Pierre Grecco','pierre.grecco@schule.ch',12,52),(219,'Pierre Marino','pierre.marino@schule.ch',14,3),(220,'Pierre Ferrari','pierre.ferrari@schule.ch',2,35),(221,'Pierre Russo','pierre.russo@schule.ch',27,66),(222,'Pierre Benedetti','pierre.benedetti@schule.ch',8,50),(223,'Arno Ringier','arno.ringier@schule.ch',18,5),(224,'Arno Dupont','arno.dupont@schule.ch',8,53),(225,'Arno Dubois','arno.dubois@schule.ch',13,12),(226,'Arno Firrone','arno.firrone@schule.ch',10,52),(227,'Arno Deicas','arno.deicas@schule.ch',13,16),(228,'Arno Puddu','arno.puddu@schule.ch',2,39),(229,'Arno Rossi','arno.rossi@schule.ch',4,39),(230,'Arno Bianchi','arno.bianchi@schule.ch',10,44),(231,'Arno Grecco','arno.grecco@schule.ch',10,45),(232,'Arno Marino','arno.marino@schule.ch',19,13),(233,'Arno Ferrari','arno.ferrari@schule.ch',4,60),(234,'Arno Russo','arno.russo@schule.ch',23,16),(235,'Arno Benedetti','arno.benedetti@schule.ch',12,45),(236,'Martin Ringier','martin.ringier@schule.ch',22,9),(237,'Martin Dupont','martin.dupont@schule.ch',11,42),(238,'Martin Dubois','martin.dubois@schule.ch',18,24),(239,'Martin Firrone','martin.firrone@schule.ch',26,74),(240,'Martin Deicas','martin.deicas@schule.ch',16,4),(241,'Martin Puddu','martin.puddu@schule.ch',1,43),(242,'Martin Rossi','martin.rossi@schule.ch',17,7),(243,'Martin Bianchi','martin.bianchi@schule.ch',21,21),(244,'Martin Grecco','martin.grecco@schule.ch',26,75),(245,'Martin Marino','martin.marino@schule.ch',5,59),(246,'Martin Ferrari','martin.ferrari@schule.ch',7,46),(247,'Martin Russo','martin.russo@schule.ch',18,23),(248,'Martin Benedetti','martin.benedetti@schule.ch',11,48),(249,'Sara Ringier','sara.ringier@schule.ch',30,76),(250,'Sara Dupont','sara.dupont@schule.ch',27,80),(251,'Sara Dubois','sara.dubois@schule.ch',15,18),(252,'Sara Firrone','sara.firrone@schule.ch',23,22),(253,'Sara Deicas','sara.deicas@schule.ch',7,43),(254,'Sara Puddu','sara.puddu@schule.ch',28,73),(255,'Sara Rossi','sara.rossi@schule.ch',27,62),(256,'Sara Bianchi','sara.bianchi@schule.ch',23,22),(257,'Sara Grecco','sara.grecco@schule.ch',2,40),(258,'Sara Marino','sara.marino@schule.ch',29,72),(259,'Sara Ferrari','sara.ferrari@schule.ch',21,15),(260,'Sara Russo','sara.russo@schule.ch',15,6),(261,'Sara Benedetti','sara.benedetti@schule.ch',12,39),(262,'Deborah Ringier','deborah.ringier@schule.ch',16,14),(263,'Deborah Dupont','deborah.dupont@schule.ch',12,44),(264,'Deborah Dubois','deborah.dubois@schule.ch',10,41),(265,'Deborah Firrone','deborah.firrone@schule.ch',17,22),(266,'Deborah Deicas','deborah.deicas@schule.ch',22,4),(267,'Deborah Puddu','deborah.puddu@schule.ch',27,67),(268,'Deborah Rossi','deborah.rossi@schule.ch',12,43),(269,'Deborah Bianchi','deborah.bianchi@schule.ch',6,57),(270,'Deborah Grecco','deborah.grecco@schule.ch',22,12),(271,'Deborah Marino','deborah.marino@schule.ch',4,38),(272,'Deborah Ferrari','deborah.ferrari@schule.ch',12,45),(273,'Deborah Russo','deborah.russo@schule.ch',20,18),(274,'Deborah Benedetti','deborah.benedetti@schule.ch',3,50),(275,'Rita Ringier','rita.ringier@schule.ch',14,23),(276,'Rita Dupont','rita.dupont@schule.ch',29,64),(277,'Rita Dubois','rita.dubois@schule.ch',12,54),(278,'Rita Firrone','rita.firrone@schule.ch',4,59),(279,'Rita Deicas','rita.deicas@schule.ch',13,30),(280,'Rita Puddu','rita.puddu@schule.ch',23,17),(281,'Rita Rossi','rita.rossi@schule.ch',16,25),(282,'Rita Bianchi','rita.bianchi@schule.ch',12,43),(283,'Rita Grecco','rita.grecco@schule.ch',10,34),(284,'Rita Marino','rita.marino@schule.ch',14,13),(285,'Rita Ferrari','rita.ferrari@schule.ch',11,39),(286,'Rita Russo','rita.russo@schule.ch',10,35),(287,'Rita Benedetti','rita.benedetti@schule.ch',16,19),(288,'Susanne Ringier','susanne.ringier@schule.ch',20,23),(289,'Susanne Dupont','susanne.dupont@schule.ch',20,26),(290,'Susanne Dubois','susanne.dubois@schule.ch',12,53),(291,'Susanne Firrone','susanne.firrone@schule.ch',30,65),(292,'Susanne Deicas','susanne.deicas@schule.ch',25,80),(293,'Susanne Puddu','susanne.puddu@schule.ch',1,38),(294,'Susanne Rossi','susanne.rossi@schule.ch',23,31),(295,'Susanne Bianchi','susanne.bianchi@schule.ch',19,13),(296,'Susanne Grecco','susanne.grecco@schule.ch',27,70),(297,'Susanne Marino','susanne.marino@schule.ch',17,4),(298,'Susanne Ferrari','susanne.ferrari@schule.ch',3,61),(299,'Susanne Russo','susanne.russo@schule.ch',23,7),(300,'Susanne Benedetti','susanne.benedetti@schule.ch',18,20),(301,'Anna Ringier','anna.ringier@schule.ch',17,20),(302,'Anna Dupont','anna.dupont@schule.ch',4,39),(303,'Anna Dubois','anna.dubois@schule.ch',28,68),(304,'Anna Firrone','anna.firrone@schule.ch',5,42),(305,'Anna Deicas','anna.deicas@schule.ch',4,60),(306,'Anna Puddu','anna.puddu@schule.ch',2,54),(307,'Anna Rossi','anna.rossi@schule.ch',27,66),(308,'Anna Bianchi','anna.bianchi@schule.ch',9,56),(309,'Anna Grecco','anna.grecco@schule.ch',22,10),(310,'Anna Marino','anna.marino@schule.ch',25,67),(311,'Anna Ferrari','anna.ferrari@schule.ch',28,80),(312,'Anna Russo','anna.russo@schule.ch',6,58),(313,'Anna Benedetti','anna.benedetti@schule.ch',3,32),(314,'Enzo Ringier','enzo.ringier@schule.ch',27,78),(315,'Enzo Dupont','enzo.dupont@schule.ch',7,43),(316,'Enzo Dubois','enzo.dubois@schule.ch',15,17),(317,'Enzo Firrone','enzo.firrone@schule.ch',20,22),(318,'Enzo Deicas','enzo.deicas@schule.ch',28,71),(319,'Enzo Puddu','enzo.puddu@schule.ch',17,29),(320,'Enzo Rossi','enzo.rossi@schule.ch',30,74),(321,'Enzo Bianchi','enzo.bianchi@schule.ch',9,58),(322,'Enzo Grecco','enzo.grecco@schule.ch',14,15),(323,'Enzo Marino','enzo.marino@schule.ch',11,39),(324,'Enzo Ferrari','enzo.ferrari@schule.ch',15,19),(325,'Enzo Russo','enzo.russo@schule.ch',9,48),(326,'Enzo Benedetti','enzo.benedetti@schule.ch',1,33),(327,'Pietro Ringier','pietro.ringier@schule.ch',8,48),(328,'Pietro Dupont','pietro.dupont@schule.ch',5,52),(329,'Pietro Dubois','pietro.dubois@schule.ch',30,75),(330,'Pietro Firrone','pietro.firrone@schule.ch',16,16),(331,'Pietro Deicas','pietro.deicas@schule.ch',20,22),(332,'Pietro Puddu','pietro.puddu@schule.ch',20,31),(333,'Pietro Rossi','pietro.rossi@schule.ch',12,52),(334,'Pietro Bianchi','pietro.bianchi@schule.ch',27,69),(335,'Pietro Grecco','pietro.grecco@schule.ch',8,44),(336,'Pietro Marino','pietro.marino@schule.ch',21,28),(337,'Pietro Ferrari','pietro.ferrari@schule.ch',21,17),(338,'Pietro Russo','pietro.russo@schule.ch',10,34),(339,'Pietro Benedetti','pietro.benedetti@schule.ch',15,28),(340,'Marco Ringier','marco.ringier@schule.ch',15,27),(341,'Marco Dupont','marco.dupont@schule.ch',30,70),(342,'Marco Dubois','marco.dubois@schule.ch',16,20),(343,'Marco Firrone','marco.firrone@schule.ch',19,17),(344,'Marco Deicas','marco.deicas@schule.ch',18,24),(345,'Marco Puddu','marco.puddu@schule.ch',1,34),(346,'Marco Rossi','marco.rossi@schule.ch',11,36),(347,'Marco Bianchi','marco.bianchi@schule.ch',22,9),(348,'Marco Grecco','marco.grecco@schule.ch',15,29),(349,'Marco Marino','marco.marino@schule.ch',9,48),(350,'Marco Ferrari','marco.ferrari@schule.ch',28,77),(351,'Marco Russo','marco.russo@schule.ch',23,26),(352,'Marco Benedetti','marco.benedetti@schule.ch',3,42);
/*!40000 ALTER TABLE `student` ENABLE KEYS */;
UNLOCK TABLES;

--
-- Temporary view structure for view `v_hfsnt_klassen`
--

DROP TABLE IF EXISTS `v_hfsnt_klassen`;
/*!50001 DROP VIEW IF EXISTS `v_hfsnt_klassen`*/;
SET @saved_cs_client     = @@character_set_client;
/*!50503 SET character_set_client = utf8mb4 */;
/*!50001 CREATE VIEW `v_hfsnt_klassen` AS SELECT 
 1 AS `klasse`,
 1 AS `studenten`*/;
SET character_set_client = @saved_cs_client;

--
-- Temporary view structure for view `v_klassen`
--

DROP TABLE IF EXISTS `v_klassen`;
/*!50001 DROP VIEW IF EXISTS `v_klassen`*/;
SET @saved_cs_client     = @@character_set_client;
/*!50503 SET character_set_client = utf8mb4 */;
/*!50001 CREATE VIEW `v_klassen` AS SELECT 
 1 AS `klasse`,
 1 AS `studenten`*/;
SET character_set_client = @saved_cs_client;

--
-- Temporary view structure for view `v_ma_liste`
--

DROP TABLE IF EXISTS `v_ma_liste`;
/*!50001 DROP VIEW IF EXISTS `v_ma_liste`*/;
SET @saved_cs_client     = @@character_set_client;
/*!50503 SET character_set_client = utf8mb4 */;
/*!50001 CREATE VIEW `v_ma_liste` AS SELECT 
 1 AS `name`,
 1 AS `funktion`,
 1 AS `email`,
 1 AS `telefon`*/;
SET character_set_client = @saved_cs_client;

--
-- Temporary view structure for view `v_pruef`
--

DROP TABLE IF EXISTS `v_pruef`;
/*!50001 DROP VIEW IF EXISTS `v_pruef`*/;
SET @saved_cs_client     = @@character_set_client;
/*!50503 SET character_set_client = utf8mb4 */;
/*!50001 CREATE VIEW `v_pruef` AS SELECT 
 1 AS `Pruefung`,
 1 AS `Teilnehmer`*/;
SET character_set_client = @saved_cs_client;

--
-- Temporary view structure for view `v_pruef_termine`
--

DROP TABLE IF EXISTS `v_pruef_termine`;
/*!50001 DROP VIEW IF EXISTS `v_pruef_termine`*/;
SET @saved_cs_client     = @@character_set_client;
/*!50503 SET character_set_client = utf8mb4 */;
/*!50001 CREATE VIEW `v_pruef_termine` AS SELECT 
 1 AS `Pruefung`,
 1 AS `Teilnehmer`,
 1 AS `Von`,
 1 AS `Bis`*/;
SET character_set_client = @saved_cs_client;

--
-- Temporary view structure for view `v_raum`
--

DROP TABLE IF EXISTS `v_raum`;
/*!50001 DROP VIEW IF EXISTS `v_raum`*/;
SET @saved_cs_client     = @@character_set_client;
/*!50503 SET character_set_client = utf8mb4 */;
/*!50001 CREATE VIEW `v_raum` AS SELECT 
 1 AS `standort`,
 1 AS `raum`,
 1 AS `belegung`*/;
SET character_set_client = @saved_cs_client;

--
-- Temporary view structure for view `v_standorte`
--

DROP TABLE IF EXISTS `v_standorte`;
/*!50001 DROP VIEW IF EXISTS `v_standorte`*/;
SET @saved_cs_client     = @@character_set_client;
/*!50503 SET character_set_client = utf8mb4 */;
/*!50001 CREATE VIEW `v_standorte` AS SELECT 
 1 AS `standort_id`,
 1 AS `name`,
 1 AS `strasse`,
 1 AS `nr`,
 1 AS `plz`,
 1 AS `ort`*/;
SET character_set_client = @saved_cs_client;

--
-- Final view structure for view `v_hfsnt_klassen`
--

/*!50001 DROP VIEW IF EXISTS `v_hfsnt_klassen`*/;
/*!50001 SET @saved_cs_client          = @@character_set_client */;
/*!50001 SET @saved_cs_results         = @@character_set_results */;
/*!50001 SET @saved_col_connection     = @@collation_connection */;
/*!50001 SET character_set_client      = utf8 */;
/*!50001 SET character_set_results     = utf8 */;
/*!50001 SET collation_connection      = utf8_general_ci */;
/*!50001 CREATE ALGORITHM=UNDEFINED */
/*!50013 DEFINER=`root`@`localhost` SQL SECURITY DEFINER */
/*!50001 VIEW `v_hfsnt_klassen` (`klasse`,`studenten`) AS select `k`.`bezeichnung` AS `bezeichnung`,count(0) AS `count(*)` from (`klasse` `k` join `student` `s` on((`s`.`klasse` = `k`.`klasse_id`))) where (`k`.`bezeichnung` like 'HFSNT%') group by `k`.`bezeichnung` */;
/*!50001 SET character_set_client      = @saved_cs_client */;
/*!50001 SET character_set_results     = @saved_cs_results */;
/*!50001 SET collation_connection      = @saved_col_connection */;

--
-- Final view structure for view `v_klassen`
--

/*!50001 DROP VIEW IF EXISTS `v_klassen`*/;
/*!50001 SET @saved_cs_client          = @@character_set_client */;
/*!50001 SET @saved_cs_results         = @@character_set_results */;
/*!50001 SET @saved_col_connection     = @@collation_connection */;
/*!50001 SET character_set_client      = utf8 */;
/*!50001 SET character_set_results     = utf8 */;
/*!50001 SET collation_connection      = utf8_general_ci */;
/*!50001 CREATE ALGORITHM=UNDEFINED */
/*!50013 DEFINER=`root`@`localhost` SQL SECURITY DEFINER */
/*!50001 VIEW `v_klassen` (`klasse`,`studenten`) AS select `k`.`bezeichnung` AS `bezeichnung`,count(0) AS `count(*)` from (`klasse` `k` join `student` `s` on((`s`.`klasse` = `k`.`klasse_id`))) group by `k`.`bezeichnung` */;
/*!50001 SET character_set_client      = @saved_cs_client */;
/*!50001 SET character_set_results     = @saved_cs_results */;
/*!50001 SET collation_connection      = @saved_col_connection */;

--
-- Final view structure for view `v_ma_liste`
--

/*!50001 DROP VIEW IF EXISTS `v_ma_liste`*/;
/*!50001 SET @saved_cs_client          = @@character_set_client */;
/*!50001 SET @saved_cs_results         = @@character_set_results */;
/*!50001 SET @saved_col_connection     = @@collation_connection */;
/*!50001 SET character_set_client      = utf8 */;
/*!50001 SET character_set_results     = utf8 */;
/*!50001 SET collation_connection      = utf8_general_ci */;
/*!50001 CREATE ALGORITHM=UNDEFINED */
/*!50013 DEFINER=`root`@`localhost` SQL SECURITY DEFINER */
/*!50001 VIEW `v_ma_liste` (`name`,`funktion`,`email`,`telefon`) AS select `mitarbeiter`.`name` AS `name`,`mitarbeiter`.`funktion` AS `funktion`,`mitarbeiter`.`email` AS `email`,`mitarbeiter`.`telefon` AS `telefon` from `mitarbeiter` */;
/*!50001 SET character_set_client      = @saved_cs_client */;
/*!50001 SET character_set_results     = @saved_cs_results */;
/*!50001 SET collation_connection      = @saved_col_connection */;

--
-- Final view structure for view `v_pruef`
--

/*!50001 DROP VIEW IF EXISTS `v_pruef`*/;
/*!50001 SET @saved_cs_client          = @@character_set_client */;
/*!50001 SET @saved_cs_results         = @@character_set_results */;
/*!50001 SET @saved_col_connection     = @@collation_connection */;
/*!50001 SET character_set_client      = utf8 */;
/*!50001 SET character_set_results     = utf8 */;
/*!50001 SET collation_connection      = utf8_general_ci */;
/*!50001 CREATE ALGORITHM=UNDEFINED */
/*!50013 DEFINER=`root`@`localhost` SQL SECURITY DEFINER */
/*!50001 VIEW `v_pruef` (`Pruefung`,`Teilnehmer`) AS select `p`.`titel` AS `titel`,`s`.`name` AS `name` from (`pruefung` `p` join `student` `s` on((`p`.`student` = `s`.`student_id`))) */;
/*!50001 SET character_set_client      = @saved_cs_client */;
/*!50001 SET character_set_results     = @saved_cs_results */;
/*!50001 SET collation_connection      = @saved_col_connection */;

--
-- Final view structure for view `v_pruef_termine`
--

/*!50001 DROP VIEW IF EXISTS `v_pruef_termine`*/;
/*!50001 SET @saved_cs_client          = @@character_set_client */;
/*!50001 SET @saved_cs_results         = @@character_set_results */;
/*!50001 SET @saved_col_connection     = @@collation_connection */;
/*!50001 SET character_set_client      = utf8 */;
/*!50001 SET character_set_results     = utf8 */;
/*!50001 SET collation_connection      = utf8_general_ci */;
/*!50001 CREATE ALGORITHM=UNDEFINED */
/*!50013 DEFINER=`root`@`localhost` SQL SECURITY DEFINER */
/*!50001 VIEW `v_pruef_termine` (`Pruefung`,`Teilnehmer`,`Von`,`Bis`) AS select `p`.`titel` AS `titel`,`s`.`name` AS `name`,date_format(`p`.`beginn`,'%d.%m.%Y') AS `DATE_FORMAT(p.beginn,'%d.%m.%Y')`,date_format(`p`.`ende`,'%d.%m.%Y') AS `DATE_FORMAT(p.ende,'%d.%m.%Y')` from (`pruefung` `p` join `student` `s` on((`p`.`student` = `s`.`student_id`))) where (`p`.`beginn` > curdate()) */;
/*!50001 SET character_set_client      = @saved_cs_client */;
/*!50001 SET character_set_results     = @saved_cs_results */;
/*!50001 SET collation_connection      = @saved_col_connection */;

--
-- Final view structure for view `v_raum`
--

/*!50001 DROP VIEW IF EXISTS `v_raum`*/;
/*!50001 SET @saved_cs_client          = @@character_set_client */;
/*!50001 SET @saved_cs_results         = @@character_set_results */;
/*!50001 SET @saved_col_connection     = @@collation_connection */;
/*!50001 SET character_set_client      = utf8 */;
/*!50001 SET character_set_results     = utf8 */;
/*!50001 SET collation_connection      = utf8_general_ci */;
/*!50001 CREATE ALGORITHM=UNDEFINED */
/*!50013 DEFINER=`root`@`localhost` SQL SECURITY DEFINER */
/*!50001 VIEW `v_raum` (`standort`,`raum`,`belegung`) AS select `s`.`name` AS `Standort`,`r`.`bezeichnung` AS `Raum`,count(0) AS `Belegungen` from ((`standort` `s` join `raum` `r` on((`s`.`standort_id` = `r`.`standort`))) join `lehrveranstaltung` `l` on((`l`.`raum` = `r`.`raum_id`))) group by `s`.`name`,`r`.`bezeichnung` order by `Standort`,`Belegungen` desc */;
/*!50001 SET character_set_client      = @saved_cs_client */;
/*!50001 SET character_set_results     = @saved_cs_results */;
/*!50001 SET collation_connection      = @saved_col_connection */;

--
-- Final view structure for view `v_standorte`
--

/*!50001 DROP VIEW IF EXISTS `v_standorte`*/;
/*!50001 SET @saved_cs_client          = @@character_set_client */;
/*!50001 SET @saved_cs_results         = @@character_set_results */;
/*!50001 SET @saved_col_connection     = @@collation_connection */;
/*!50001 SET character_set_client      = utf8 */;
/*!50001 SET character_set_results     = utf8 */;
/*!50001 SET collation_connection      = utf8_general_ci */;
/*!50001 CREATE ALGORITHM=UNDEFINED */
/*!50013 DEFINER=`root`@`localhost` SQL SECURITY DEFINER */
/*!50001 VIEW `v_standorte` AS select `s`.`standort_id` AS `standort_id`,`s`.`name` AS `name`,`a`.`strasse` AS `strasse`,`a`.`nr` AS `nr`,`a`.`plz` AS `plz`,`a`.`ort` AS `ort` from (`standort` `s` join `adresse` `a` on((`s`.`adresse` = `a`.`adresse_id`))) */;
/*!50001 SET character_set_client      = @saved_cs_client */;
/*!50001 SET character_set_results     = @saved_cs_results */;
/*!50001 SET collation_connection      = @saved_col_connection */;
/*!40103 SET TIME_ZONE=@OLD_TIME_ZONE */;

/*!40101 SET SQL_MODE=@OLD_SQL_MODE */;
/*!40014 SET FOREIGN_KEY_CHECKS=@OLD_FOREIGN_KEY_CHECKS */;
/*!40014 SET UNIQUE_CHECKS=@OLD_UNIQUE_CHECKS */;
/*!40101 SET CHARACTER_SET_CLIENT=@OLD_CHARACTER_SET_CLIENT */;
/*!40101 SET CHARACTER_SET_RESULTS=@OLD_CHARACTER_SET_RESULTS */;
/*!40101 SET COLLATION_CONNECTION=@OLD_COLLATION_CONNECTION */;
/*!40111 SET SQL_NOTES=@OLD_SQL_NOTES */;

-- Dump completed on 2022-01-31 11:49:51
